empiar_id,title,experimentType,current_status,deposition_date,release_date,primary_citation_author_string,primary_citation_title,xref_DOI,xref_PUBMED,xref_EMDB,organization,dataset_size_GB,image_set_name,segmentation_file,image_set_category
EMPIAR-12723,Single-particle cryo-EM of Staphylococcus aureus ribosomes inhibited by fusidic acid and fusidic acid cyclopentane,EMDB,REL,2025-04-04T00:00:00Z,2025-05-14T00:00:00Z,"González-López A, Larsson DSD, Koripella RK, Cain BN, Chavez MG, Hergenrother PJ, Sanyal S, Selmer M",Structures of the Staphylococcus aureus ribosome inhibited by fusidic acid and fusidic acid cyclopentane,10.1038/s41598-024-64868-x,38902339,"EMD-17364,EMD-17365,EMD-17363","Department of Cell and Molecular Biology (ICM)\, Uppsala University",11366.4,"Unaligned multi-frame micrographs of FA inhibited ribosomes screening Glacios data,EMD-17364 particles (FA-CP CHI),Unaligned multi-frame micrographs of FA-CP inhibited ribosomes screening Glacios data,EMD-17365 particles (FA CHI),Unaligned multi-frame micrographs of FA-CP inhibited ribosomes,Unaligned multi-frame micrographs of FA inhibited ribosomes,EMD-17363 particles (FA-CP POST)",,"micrographs - multiframe,picked particles - single frame - processed"
EMPIAR-12094,Structural basis for translational control by the human 48S initiation complex,EMDB,REL,2024-02-16T00:00:00Z,2025-05-04T00:00:00Z,"Petrychenko V, Yi SH, Liedtke D, Peng BZ, Rodnina MV, Fischer N",Structural basis for translational control by the human 48S initiation complex,10.1038/s41594-024-01378-4,39289545,"EMD-17700,EMD-17699,EMD-17698,EMD-17701,EMD-17697,EMD-19128,EMD-17696",Max Planck Institute for Multidisciplinary Sciences,7065.6,"Signal-subtracted particles - eIF3core in closed 48S,Signal-subtracted particles - eIF3core in open 48S,Motion-corrected\, dose-weighted micrographs,Shiny particles\, obtained by Bayesian polishing in Relion 4.0",,"picked particles - single frame - processed,micrographs - single frame"
EMPIAR-12657,CryoEM structural characterization of α-Synuclein Oligomers in complex with PSMa3 peptide,EMDB,REL,2025-03-27T00:00:00Z,2025-04-09T00:00:00Z,"Santos J, Cuellar J, Pallarès I, Byrd EJ, Lends A, Moro F, Abdul-Shukkoor MB, Pujols J, Velasco-Carneros L, Sobott F, Otzen DE, Calabrese AN, Muga A, Pedersen JS, Loquet A, Valpuesta JM, Radford SE, Ventura S",A Targetable N-Terminal Motif Orchestrates α-Synuclein Oligomer-to-Fibril Conversion,10.1021/jacs.4c02262,38683963,EMD-16528,National Centre for Biotechnology (CNB-CSIC),17.8,Particles of a-synuclein oligomers in complex with PSMa3 peptide,,picked particles - multiframe - processed
EMPIAR-12450,Cryo-EM Structures of human LINE-1 ORF2p target-primed reverse transcription complex,EMDB,REL,2024-08-20T00:00:00Z,2025-04-07T00:00:00Z,"Ghanim GE, Hu H, Boulanger J, Nguyen THD",Structural mechanism of LINE-1 target-primed reverse transcription,10.1126/science.ads8412,40048554,"EMD-52072,EMD-52070,EMD-52073,EMD-52071","Princeton University,MRC Laboratory of Molecular Biology",5222.4,"Polished particle stack of the ORF2p TPRT complex consensus reconstruction (EMD-52070),Polished particle stack of the ORF2p TPRT complex with the EN domain resolved (EMD-52073),Polished particle stack of the ORF2p TPRT complex with the fingers domain in an open conformation (EMD-52072),Unaligned multi-frame micrographs of the human LINE-1 ORF2p TPRT complex,Polished particle stack of the ORF2p TPRT complex with the fingers domain in a closed conformation (EMD-52071)",,"micrographs - multiframe,picked particles - single frame - processed"
EMPIAR-11987,Single-particle cryo-EM dataset of the glycosyltransferase ArnC from Salmonella enterica in the UDP-bound state from Talos Arctica microscope,EMDB,REL,2024-02-27T00:00:00Z,2025-04-07T00:00:00Z,"Ashraf KU, Bunoro-Batista M, Ansell TB, Punetha A, Rosario-Garrido S, Firlar E, Kaelber JT, Stansfeld PJ, Petrou VI",Structural basis of undecaprenyl phosphate glycosylation leading to polymyxin resistance in Gram-negative bacteria,10.1101/2025.01.29.634835,,EMD-43812,Rutgers New Jersey Medical School,1945.6,"Aligned and dose-weighted micrographs of ArnC from S. enterica in the UDP-bound state collected on Talos Arctica,Unaligned multi-frame micrographs of ArnC from S. enterica in the UDP-bound state collected on Talos Arctica,Final particle stack of ArnC from S. enterica in the UDP-bound state collected on Talos Arctica",,"micrographs - multiframe,picked particles - single frame - processed,micrographs - single frame"
EMPIAR-12651,CryoEM structural characterization of α-Synuclein Oligomer,EMDB,REL,2025-03-26T00:00:00Z,2025-03-31T00:00:00Z,"Santos J, Cuellar J, Pallarès I, Byrd EJ, Lends A, Moro F, Abdul-Shukkoor MB, Pujols J, Velasco-Carneros L, Sobott F, Otzen DE, Calabrese AN, Muga A, Pedersen JS, Loquet A, Valpuesta JM, Radford SE, Ventura S",A Targetable N-Terminal Motif Orchestrates α-Synuclein Oligomer-to-Fibril Conversion,10.1021/jacs.4c02262,38683963,EMD-16466,National Centre for Biotechnology (CNB-CSIC),37.3,Particles of a-synuclein,,picked particles - multiframe - processed
EMPIAR-12180,NADPH-dependent sulfite reductase minimal dimer,EMDB,REL,2024-07-12T00:00:00Z,2025-03-18T00:00:00Z,"Ghazi Esfahani B, Walia N, Neselu K, Aragon M, Askenasy I, Wei A, Mendez JH, Stroupe ME",Dimerization of assimilatory NADPH-dependent sulfite reductase reveals elements for diflavin reductase binding at a minimal interface,10.1101/2024.06.14.599029,38915618,EMD-45359,"Florida State University,us",70.5,«ssimilatory NADPH-dependent sulfite reductaseminimal dimer stack,,picked particles - single frame - processed
EMPIAR-11844,Cryo-EM of Tetrahymena ribozyme,EMDB,REL,2023-11-28T00:00:00Z,2025-02-04T00:00:00Z,"Kretsch RC, Li S, Pintilie G, Palo MZ, Case DA, Das R, Zhang K, Chiu W",Complex Water Networks Visualized through 2.2-2.3 Angstrom Cryogenic Electron Microscopy of RNA,10.1101/2025.01.23.634578,,"EMD-42498,EMD-42499","Department of Biochemistry\, Stanford University; Howard Hughes Medical Institute,Department of Bioengineering\, James H. Clark Center\, Stanford University; CryoEM and Bioimaging Division\, Stanford Synchrotron Radiation Lightsource\, SLAC National Accelerator Laboratory",3788.8,"Unaligned multi-frame micrographs of tetrahymena ribozyme.,Extracted particles and orientations for final reconstruction of tetrahymena ribozyme.",,"micrographs - multiframe,picked particles - single frame - processed"
EMPIAR-12444,Single particle reconstruction of E. coli TnsB in complex with right end fragment of Tn7 transposon,EMDB,REL,2024-11-02T00:00:00Z,2025-02-03T00:00:00Z,"Kaczmarska Z, Czarnocki-Cieciura M, Górecka-Minakowska KM, Wingo RJ, Jackiewicz J, Zajko W, Poznański JT, Rawski M, Grant T, Peters JE, Nowotny M",Structural basis of transposon end recognition explains central features of Tn7 transposition systems,10.1016/j.molcel.2022.05.005,35654042,"EMD-13439,EMD-13440",International Institute of Molecular and Cell Biology in Warsaw,3788.8,"Aligned particles of E. coli TnsB in complex with right end fragment of Tn7 transposon (helical reconstruction),Unaligned multi-frame movies of E. coli TnsB in complex with right end fragment of Tn7 transposon,Aligned particles of E. coli TnsB in complex with right end fragment of Tn7 transposon (single particle reconstruction)",,"micrographs - multiframe,picked particles - single frame - processed"
EMPIAR-12443,Single particle reconstruction of human apo TRPM8 channel in a closed state,EMDB,REL,2024-10-29T00:00:00Z,2025-02-03T00:00:00Z,"Palchevskyi S, Czarnocki-Cieciura M, Vistoli G, Gervasoni S, Nowak E, Beccari AR, Nowotny M, Talarico C",Structure of human TRPM8 channel,10.1038/s42003-023-05425-6,37857704,"EMD-15981,EMD-15982,EMD-15983",International Institute of Molecular and Cell Biology in Warsaw,3481.6,"Aligned particles of human apo TRPM8 channel in a closed state (focused pre-MHR + MHR1/2 map),Unaligned multi-frame movies of human apo TRPM8 channel in a closed state,Aligned particles of human apo TRPM8 channel in a closed state (consensus map)",,"micrographs - multiframe,picked particles - single frame - processed"
EMPIAR-12510,Mouse LRRC8A(BRIL):D in GDN,EMDB,REL,2024-12-03T00:00:00Z,2025-01-21T00:00:00Z,"Lurie A, Kern DM, Henn K, Brohawn SG",Assembly and lipid-gating of LRRC8A:D volume-regulated anion channels,10.1101/2024.11.24.625074,,"EMD-47282,EMD-47283","Department of Molecular and Cell Biology\, University of California\, Berkeley\, CA\, USA",3072,"Particles stack for LRRC8A(BRIL):D conformation 1,Complete polished particles stack for LRRC8A(BRIL):D,Unaligned tif movies for LRRC8A(BRIL):D,Particles stack for LRRC8A(BRIL):D conformation 2",,"micrographs - multiframe,picked particles - multiframe - processed"
EMPIAR-12325,Cryo-EM images of NINJ1 disks,EMDB,REL,2024-06-21T00:00:00Z,2025-01-21T00:00:00Z,"David LD, Borges JP, Hollingsworth LR, Volchuk A, Jansen I, Garlick E, Steinberg BE, Wu HW",NINJ1 mediates plasma membrane rupture by cutting and releasing membrane disks,10.1016/j.cell.2024.03.008,38614101,EMD-42301,Boston Childrens Hospital,2969.6,"Motion corrected micrograph,Extracted particles",,"picked particles - single frame - processed,micrographs - single frame"
EMPIAR-12445,Cryo electron microscopy of Medusavirus medusae nucleosome-like particle,EMDB,REL,2024-09-17T00:00:00Z,2024-12-03T00:00:00Z,"Toner CM, Hoitsma NM, Weerawarana S, Luger K",Characterization of Medusavirus encoded histones reveals nucleosome-like structures and a unique linker histone,10.1038/s41467-024-53364-5,39443461,"EMD-45981,EMD-42053","Department of Biochemistry\, University of Colorado Boulder",6758.4,"Gain ref file,Motion-corrected and dose-weighted micrographs,Unaligned multi-frame micrographs of the medusavirus core particle in EER format,Final particles used for reconstruction,CryoSPARC job of the final 3D reconstruction",,"micrographs - multiframe,picked particles - multiframe - processed,reconstructed volumes,micrographs - single frame"
EMPIAR-12093,Cryo-EM structure of the full-length Pseudomonas aeruginosa bacteriophytochrome in its Pfr and Pr states,EMDB,REL,2024-04-01T00:00:00Z,2024-09-06T00:00:00Z,Bodizs SB,Bacteriophytochrome activation mechanisms revealed by full-length bathy bacteriophytochrome structures,10.1016/j.str.2024.08.008,,"EMD-19989,EMD-19981",Uppsala University,19763.2,"Raw micrographs of PaBphP in its Pr state\, dataset 1,Aligned particle images of PaBphP in its Pr state,Raw micrographs of PaBphP in its Pfr state,Aligned particle images of PaBphP in its Pfr state,Raw micrographs of PaBphP in its Pr state\, dataset 2",,"micrographs - multiframe,picked particles - single frame - processed"
EMPIAR-12179,SPOT-RASTR - a cryo-EM specimen preparation technique that overcomes problems with preferred orientation and the air/water interface,EMDB,REL,2024-07-11T00:00:00Z,2024-08-29T00:00:00Z,"Esfahani BG, Randolph PS, Peng R, Grant T, Stroupe ME, Stagg SM",SPOT-RASTR - a cryo-EM specimen preparation technique that overcomes problems with preferred orientation and the air/water interface,10.1101/2024.01.24.577038,38501120,EMD-43514,"Florida State University,us",304.6,SPOT-RASTR - a cryo-EM specimen preparation technique that overcomes problems with preferred orientation and the air/water interface,,picked particles - single frame - unprocessed
EMPIAR-11707,Substrate-free AAA single-chained ClpX∆N protein in a complex with ClpP peptidase,EMDB,REL,2023-08-13T00:00:00Z,2024-08-22T00:00:00Z,"Ghanbarpour A, Cohen SE, Fei X, Sauer RT, Davis JH",A closed translocation channel in the substrate-free AAA+ ClpXP protease diminishes rogue degradation,10.1101/2022.08.27.505532,,EMD-27946,MIT,894.9,"Unaligned Multiframes Micrographs,Particle stacks of substrate-free ClpX(deltaN domain).ClpP (singly capped),Particle stacks of substrate-free ClpX(delta-N domain).ClpP (doubly capped)",,"micrographs - multiframe,picked particles - single frame - processed"
EMPIAR-12121,Particle stacks from heart-derived AL amyloid (AL59) cryo-EM data,EMDB,REL,2024-06-06T00:00:00Z,2024-07-19T00:00:00Z,"Schulte T, Speranzini V, Chaves-Sanjuan A, Milazzo M, Ricagno S",Helical superstructures between amyloid and collagen VI in heart-derived fibrils from a patient with Light Chain Amyloidosis,,,"EMD-50270,EMD-50271,EMD-50272","Department of Biosciences\, University of Milan",130.1,"Initial set of segments of the AL59 reconstructions,Set of segments of the AL59 'straight' polymorph reconstruction (EMD-50270),Set of segments of the AL59 'mixed' polymorph reconstruction (EMD-50272),Set of segments of the AL59 'bent' polymorph reconstruction (EMD-50271)",,"picked particles - single frame - processed,picked particles - single frame - unprocessed"
EMPIAR-11792,Single-Particle Cryo-EM of DPS at Various Tilts,EMDB,REL,2023-11-27T00:00:00Z,2024-07-16T00:00:00Z,"Aiyer S, Baldwin PR, Tan SM, Shan Z, Oh J, Mehrani A, Bowman ME, Louie G, Passos DO, Đorđević-Marquardt S, Mietzsch M, Hull JA, Hoshika S, Barad BA, Grotjahn DA, McKenna R, Agbandje-McKenna M, Benner SA, Noel JAP, Wang D, Tan YZ, Lyumkis D",Overcoming Resolution Attenuation During Tilted Cryo-EM Data Collection,"10.1101/2023.07.14.548955,10.1038/s41467-023-44555-7",38195598,"EMD-36816,EMD-36818,EMD-36817,EMD-36821,EMD-36820,EMD-36822,EMD-36819","National University of Singapore,Salk Institute",114.7,"Polished and equalized particles of DPS collected at various tilts,Unaligned multiframe movies of DPS collected at various tilts,Aligned and dose-weighted micrographs of DPS collected at various tilts",,"micrographs - multiframe,picked particles - multiframe - processed,micrographs - single frame"
EMPIAR-12098,Particle stack from SARS-CoV-2 (wuhan variant) Spike protein in complex with the single chain fragment scFv41N single particle cryo-EM data,EMDB,REL,2024-05-26T00:00:00Z,2024-07-16T00:00:00Z,"Chaves-Sanjuan A, Berlinguer M, Bolognesi M",SARS-CoV-2 (wuhan variant) Spike protein in complex with the single chain fragment scFv41N,,,"EMD-50421,EMD-50422,EMD-50419,EMD-50420","Department of Biosciences\, University of Milan",712.4,Particle stack and .star files of the initial and the final set of particles of the SARS-CoV-2 (wuhan variant) Spike protein in complex with the single chain fragment scFv41N data set,,picked particles - multiframe - unprocessed
EMPIAR-12099,Particle stack from SARS-CoV-2 (B.1.1.529/Omicron variant) Spike protein in complex with the single chain fragment scFv76 single particle cryo-EM data,EMDB,REL,2024-05-26T00:00:00Z,2024-07-08T00:00:00Z,"Chaves-Sanjuan A, Berlinguer M, Bolognesi M",SARS-CoV-2 (B.1.1.529/Omicron variant) Spike protein in complex with the single chain fragment scFv76,,,"EMD-50426,EMD-50424,EMD-50423,EMD-50425","Department of Biosciences\, University of Milan",758.7,Particle stack and .star files of the initial and the final set of particles of the SARS-CoV-2 (B.1.1.529/Omicron variant) Spike protein in complex with the single chain fragment scFv76 data set,,picked particles - multiframe - unprocessed
EMPIAR-12100,Particle stack from SARS-CoV-2 (B.1.1.529/Omicron variant) Spike protein in complex with the single chain fragment scFv76-77 single particle cryo-EM data,EMDB,REL,2024-05-26T00:00:00Z,2024-07-08T00:00:00Z,"Chaves-Sanjuan A, Berlinguer M, Bolognesi M",SARS-CoV-2 (B.1.1.529/Omicron variant) Spike protein in complex with the single chain fragment scFv76-77,,,"EMD-50429,EMD-50427,EMD-50428","Department of Biosciences\, University of Milan",366.7,Particle stack and .star files of the initial and the final set of particles of the SARS-CoV-2 (B.1.1.529/Omicron variant) Spike protein in complex with the single chain fragment scFv76-77 data set,,picked particles - multiframe - unprocessed
EMPIAR-11796,Single-Particle Cryo-EM of Apoferritin at Various Tilts,EMDB,REL,2023-11-27T00:00:00Z,2024-07-04T00:00:00Z,"Aiyer S, Baldwin PR, Tan SM, Shan Z, Oh J, Mehrani A, Bowman ME, Louie G, Passos DO, Đorđević-Marquardt S, Mietzsch M, Hull JA, Hoshika S, Barad BA, Grotjahn DA, McKenna R, Agbandje-McKenna M, Benner SA, Noel JAP, Wang D, Tan YZ, Lyumkis D",Overcoming Resolution Attenuation During Tilted Cryo-EM Data Collection,"10.1101/2023.07.14.548955,10.1038/s41467-023-44555-7",38195598,"EMD-36814,EMD-36810,EMD-36809,EMD-36813,EMD-36807,EMD-36812,EMD-36811","National University of Singapore,Salk Institute",302.1,"Unaligned multiframe movies of apoferritin collected at various tilts,Aligned and dose-weighted micrographs of apoferritin collected at various tilts,Polished and equalized particles of apoferritin collected at various tilts",,"micrographs - multiframe,picked particles - multiframe - processed,micrographs - single frame"
EMPIAR-12043,Bacterial selenocysteine synthase structure revealed by single-particle cryoEM,EMDB,REL,2024-04-09T00:00:00Z,2024-06-17T00:00:00Z,"Balasco Serrão VH, Minari K, Pereira HD, Thiemann OH",Bacterial selenocysteine synthase structure revealed by single-particle cryoEM,10.1016/j.crstbi.2024.100143,38681238,EMD-42845,"UCSC Biomolecular cryoEM facility,Biomolecular Cryoelectron Microscopy Facility\, University of California - Santa Cruz",25190.4,Unaligned multi-frames for apo-SelA,,picked particles - multiframe - processed
EMPIAR-11665,Atomic structure and conformational variability of the HER2-trastuzumab-pertuzumab complex,EMDB,REL,2023-06-13T00:00:00Z,2024-06-13T00:00:00Z,"Ruedas R, Vuillemot R, Tubiana T, Winter JM, Pieri L, Arteni AA, Samson C, Jonic S, Mathieu M, Bressanelli S",Structure and conformational variability of the HER2-trastuzumab-pertuzumab complex,10.1016/j.jsb.2024.108095,38723875,"EMD-18190,EMD-18189,EMD-18188,EMD-17993","Sanofi\, Integrated Drug Discovery,CNRS - Institute for Integrative Biology of the Cell (I2BC)",207.2,Aligned particles images of the flexible HER2-Trastuzumab-Pertuzumab ternary complex,,picked particles - multiframe - processed
EMPIAR-12097,Particle stack from SARS-CoV-2 (wuhan variant) Spike protein in complex with the single chain fragment scFv76-77 single particle cryo-EM data,EMDB,REL,2024-05-26T00:00:00Z,2024-06-13T00:00:00Z,"Chaves-Sanjuan A, Berlinguer M, Bolognesi M",SARS-CoV-2 (wuhan variant) Spike protein in complex with the single chain fragment scFv76-77,,,"EMD-50417,EMD-50418","Department of Biosciences\, University of Milan",304.7,Particle stack and .star files of the initial and the final set of particles of the SARS-CoV-2 (wuhan variant) Spike protein in complex with the single chain fragment scFv76-77 data set,,picked particles - multiframe - unprocessed
EMPIAR-11910,Cryo-EM structure of the complete inner kinetochore of the budding yeast point centromere,EMDB,REL,2024-02-06T00:00:00Z,2024-06-13T00:00:00Z,"Dendooven T, Zhang Z, Yang J, McLaughlin S, Schwabb J, Scheres S, Yatskevich S, Barford D",Cryo-EM structure of the complete inner kinetochore of the budding yeast point centromere,10.1126/sciadv.adg7480,37506202,EMD-17226,MRC-LMB,51.1,Particle stack that led to the CBF1:CCAN:CENP-A consensus reconstruction,,picked particles - single frame - processed
EMPIAR-11681,Cryo-EM structure of yeast SWR1C subunit Swc5 bound to the nucleosome,EMDB,REL,2023-09-05T00:00:00Z,2024-06-06T00:00:00Z,"Baier AS, Gioacchini N, Eek P, Leith EM, Song T, Peterson CL",Dual engagement of the nucleosomal acidic patches is essential for deposition of histone H2A.Z by SWR1C,10.7554/eLife.94869.2,,"EMD-41851,EMD-41839,EMD-41852,EMD-41853","Department of Chemistry and Biotechnology\, Tallinn University of Technology,Department of Biochemistry and Molecular Biology\, The Pennsylvania State University",6041.6,"Unaligned multi-frame micrographs of Swc5/nucleosome complex,High-resolution particles obtained after filtering with random-phase 3D classification",,"micrographs - multiframe,picked particles - multiframe - processed"
EMPIAR-11925,Structural basis of human U5 snRNP late biogenesis and recycling (single particle cryo-EM dataset),EMDB,REL,2024-01-25T00:00:00Z,2024-05-20T00:00:00Z,"Riabov Bassat D, Visanpattanasin S, Vorländer MK, Fin L, Phillips AW, Plaschka C",Structural basis of human U5 snRNP late biogenesis and recycling,10.1038/s41594-024-01243-4,38467876,"EMD-18229,EMD-18239,EMD-18237,EMD-18234,EMD-18238,EMD-18235",Forschungsinstitut für Molekulare Pathologie,1843.2,"Particles for Map 3,Particles for Map 1,Particles for Map 2,Motion-corrected micrographs (doseweighted),Particles for Map 5 and 6,Motion-corrected micrographs (non-doseweighted),Particles for Map 4",,"picked particles - single frame - processed,micrographs - single frame"
EMPIAR-12036,Structure of an ALYREF-exon junction complex hexamer,EMDB,REL,2024-01-16T00:00:00Z,2024-05-20T00:00:00Z,"Pacheco-Fiallos B, Vorländer MK, Riabov-Bassat D, Fin L, O'Reilly FJ, Ayala FI, Schellhaas U, Rappsilber J, Plaschka C",mRNA recognition and packaging by the human transcription-export complex,10.1038/s41586-023-05904-0,37020021,EMD-14803,Forschungsinstitut für Molekulare Pathologie,6758.4,"Unaligned multi-frame micrographs of the ALYREF-EJX hexamer in EER format,Motion-corrected micrographs,Motion-corrected and dose-weighted micrographs,Final particles used for reconstruction,CryoSPARC job of the final 3D reconstruction,Gainref file for motion correction of compressed movies",,"micrographs - multiframe,picked particles - multiframe - processed,reconstructed volumes,micrographs - single frame"
EMPIAR-11814,Cryo-EM of SARS-CoV-2 5' proximal stem-loops 5-6 with SL5c extended,EMDB,REL,2023-11-28T00:00:00Z,2024-05-13T00:00:00Z,"Kretsch RC, Xu L, Zheludev IN, Zhou X, Huang R, Nye G, Li S, Zhang K, Chiu W, Das R",Tertiary folds of the SL5 RNA from the 5' proximal region of SARS-CoV-2 and related coronaviruses,"10.1073/pnas.2320493121,10.1101/2023.11.22.567964",38427602,EMD-42819,"Department of Biochemistry\, Stanford University; Howard Hughes Medical Institute,Department of Bioengineering\, James H. Clark Center\, Stanford University; CryoEM and Bioimaging Division\, Stanford Synchrotron Radiation Lightsource\, SLAC National Accelerator Laboratory",1024,"Unaligned multi-frame micrographs of SARS-CoV-2 5' stem-loops 5-6 with SL5c extended RNA.,Extracted particles and orientations for final reconstruction of SARS-CoV-2 5' stem-loops 5-6 with SL5c extended RNA.",,"micrographs - multiframe,picked particles - single frame - processed"
EMPIAR-12010,Initiation factor 3 bound to the 30S ribosomal subunit in an initial step of translation,EMDB,REL,2024-03-24T00:00:00Z,2024-05-03T00:00:00Z,"Uday AB, Mishra RK, Hussain T",Initiation factor 3 bound to the 30S ribosomal subunit in an initial step of translation,10.1002/prot.26655,38148682,"EMD-36619,EMD-36620","Department of Developmental Biology and Genetics\, Indian Institute of Science",4915.2,"Polished particles of 30S-IF3 complex,Unaligned multi-frame movies of the 30S-IF3 complex",,"micrographs - multiframe,picked particles - multiframe - processed"
EMPIAR-11890,Cryo-EM structure of the complete inner kinetochore of the budding yeast point centromere,EMDB,REL,2024-01-24T00:00:00Z,2024-04-22T00:00:00Z,"Dendooven T, Zhang Z, Yang J, McLaughlin S, Schwabb J, Scheres S, Yatskevich S, Barford D",Cryo-EM structure of the complete inner kinetochore of the budding yeast point centromere,10.1126/sciadv.adg7480,37506202,EMD-17227,MRC-LMB,3584,"Unaligned multi-frame movies of the Inner kinetochore dataset (CBF1:CBF3:CCAN:CENP-A),Polished particle set of the Inner Kinetochore",,"micrographs - multiframe,picked particles - single frame - processed"
EMPIAR-11837,Cryo-EM of MERS 5' proximal stem-loop 5,EMDB,REL,2023-11-28T00:00:00Z,2024-04-17T00:00:00Z,"Kretsch RC, Xu L, Zheludev IN, Zhou X, Huang R, Nye G, Li S, Zhang K, Chiu W, Das R",Tertiary folds of the SL5 RNA from the 5' proximal region of SARS-CoV-2 and related coronaviruses,"10.1073/pnas.2320493121,10.1101/2023.11.22.567964",38427602,"EMD-42809,EMD-42811,EMD-42810","Department of Biochemistry\, Stanford University; Howard Hughes Medical Institute,Department of Bioengineering\, James H. Clark Center\, Stanford University; CryoEM and Bioimaging Division\, Stanford Synchrotron Radiation Lightsource\, SLAC National Accelerator Laboratory",17100.8,"Extracted particles and orientations for final reconstruction of MERS  5' stem-loop 5 RNA.,Unaligned multi-frame micrographs of MERS 5' stem-loops 5 RNA.",,"micrographs - multiframe,picked particles - single frame - processed"
EMPIAR-11834,Cryo-EM of SARS-CoV-2 5' proximal stem-loops 5-6 with SL5b extended,EMDB,REL,2023-11-28T00:00:00Z,2024-04-17T00:00:00Z,"Kretsch RC, Xu L, Zheludev IN, Zhou X, Huang R, Nye G, Li S, Zhang K, Chiu W, Das R",Tertiary folds of the SL5 RNA from the 5' proximal region of SARS-CoV-2 and related coronaviruses,"10.1073/pnas.2320493121,10.1101/2023.11.22.567964",38427602,EMD-42820,"Department of Biochemistry\, Stanford University; Howard Hughes Medical Institute,Department of Bioengineering\, James H. Clark Center\, Stanford University; CryoEM and Bioimaging Division\, Stanford Synchrotron Radiation Lightsource\, SLAC National Accelerator Laboratory",15155.2,"Extracted particles and orientations for final reconstruction of SARS-CoV-2 5' stem-loops 5-6 RNA with SL5b extended.,Unaligned multi-frame micrographs of SARS-CoV-2 5' stem-loops 5-6 RNA with SL5b extended.",,"micrographs - multiframe,picked particles - single frame - processed"
EMPIAR-11836,Cryo-EM of BtCoV-HKU5 5' proximal stem-loop 5,EMDB,REL,2023-11-28T00:00:00Z,2024-04-07T00:00:00Z,"Kretsch RC, Xu L, Zheludev IN, Zhou X, Huang R, Nye G, Li S, Zhang K, Chiu W, Das R",Tertiary folds of the SL5 RNA from the 5' proximal region of SARS-CoV-2 and related coronaviruses,"10.1073/pnas.2320493121,10.1101/2023.11.22.567964",38427602,"EMD-42801,EMD-42808,EMD-42805,EMD-42802","Department of Biochemistry\, Stanford University; Howard Hughes Medical Institute,Department of Bioengineering\, James H. Clark Center\, Stanford University; CryoEM and Bioimaging Division\, Stanford Synchrotron Radiation Lightsource\, SLAC National Accelerator Laboratory",22835.2,"Unaligned multi-frame micrographs of BtCoV-HKU5 5' stem-loops 5 RNA dataset 2.,Unaligned multi-frame micrographs of BtCoV-HKU5 5' stem-loops 5 RNA dataset 1.,Extracted particles and orientations for final reconstruction of SARS-CoV-2 5' stem-loops 5-6 RNA.",,"micrographs - multiframe,picked particles - single frame - processed"
EMPIAR-11815,Cryo-EM of SARS-CoV-1 5' proximal stem-loop 5,EMDB,REL,2023-11-28T00:00:00Z,2024-04-02T00:00:00Z,"Kretsch RC, Xu L, Zheludev IN, Zhou X, Huang R, Nye G, Li S, Zhang K, Chiu W, Das R",Tertiary folds of the SL5 RNA from the 5' proximal region of SARS-CoV-2 and related coronaviruses,"10.1073/pnas.2320493121,10.1101/2023.11.22.567964",38427602,EMD-42816,"Department of Biochemistry\, Stanford University; Howard Hughes Medical Institute,Department of Bioengineering\, James H. Clark Center\, Stanford University; CryoEM and Bioimaging Division\, Stanford Synchrotron Radiation Lightsource\, SLAC National Accelerator Laboratory",2252.8,"Extracted particles and orientations for final reconstruction of SARS-CoV-1 5' stem-loop 5 RNA.,Unaligned multi-frame micrographs of SARS-CoV-1 5' stem-loop 5 RNA",,"micrographs - multiframe,picked particles - single frame - processed"
EMPIAR-11813,Cryo-EM of SARS-CoV-2 5' proximal stem-loops 5-6,EMDB,REL,2023-11-28T00:00:00Z,2024-04-02T00:00:00Z,"Kretsch RC, Xu L, Zheludev IN, Zhou X, Huang R, Nye G, Li S, Zhang K, Chiu W, Das R",Tertiary folds of the SL5 RNA from the 5' proximal region of SARS-CoV-2 and related coronaviruses,"10.1073/pnas.2320493121,10.1101/2023.11.22.567964",38427602,EMD-42821,"Department of Biochemistry\, Stanford University; Howard Hughes Medical Institute,Department of Bioengineering\, James H. Clark Center\, Stanford University; CryoEM and Bioimaging Division\, Stanford Synchrotron Radiation Lightsource\, SLAC National Accelerator Laboratory",2867.2,"Unaligned multi-frame micrographs of SARS-CoV-2 5' stem-loops 5-6 RNA.,Extracted particles and orientations for final reconstruction of SARS-CoV-2 5' stem-loops 5-6 RNA.",,"micrographs - multiframe,picked particles - single frame - processed"
EMPIAR-11797,Single-Particle Cryo-EM of RNA Polymerase at Various Tilts,EMDB,REL,2023-11-27T00:00:00Z,2024-03-26T00:00:00Z,"Aiyer S, Baldwin PR, Tan SM, Shan Z, Oh J, Mehrani A, Bowman ME, Louie G, Passos DO, Đorđević-Marquardt S, Mietzsch M, Hull JA, Hoshika S, Barad BA, Grotjahn DA, McKenna R, Agbandje-McKenna M, Benner SA, Noel JAP, Wang D, Tan YZ, Lyumkis D",Overcoming Resolution Attenuation During Tilted Cryo-EM Data Collection,"10.1101/2023.07.14.548955,10.1038/s41467-023-44555-7",38195598,EMD-41695,"National University of Singapore,Salk Institute",487.4,"Unaligned multiframe movies of RNA polymerase collected at various tilts,Polished and equalized particles of RNA polymerase collected at various tilts,Aligned and dose-weighted micrographs of RNA polymerase collected at various tilts",,"micrographs - multiframe,picked particles - multiframe - processed,micrographs - single frame"
EMPIAR-11898,Cryo-EM micrographs of engineered encapsulin P3P4,EMDB,REL,2024-01-12T00:00:00Z,2024-03-26T00:00:00Z,"Satler T, Jerala R",,,,EMD-19521,National Institute of Chemistry,69.3,"Unaligned multi-frame micrographs of engineered Encapsulin P3P4,Picked particles of engineered Encapsulin P3P4,Aligned multi-frame micrographs of engineered Encapsulin P3P4",,"micrographs - multiframe,picked particles - single frame - processed,micrographs - single frame"
EMPIAR-11843,Cryo electron tomography image- and volume-series subtomograms of chloramphenicol-treated mycoplasma pneumoniae,EMDB,REL,2023-05-18T00:00:00Z,2024-03-18T00:00:00Z,"Powell BM, Davis JH",Learning structural heterogeneity from cryo-electron sub-tomograms with tomoDRGN,10.1101/2023.05.31.542975,,EMD-43287,"Department of Biology\, Massachusetts Institute of Technology",788.5,"Image tilt-series of ribosomes extracted from EMPIAR-10499 at intramolecular scale\, small box\, large pixel,Image tilt-series subtomograms of ribosomes extracted from EMPIAR-10499 at intermolecular scale,Image tilt-series subtomograms of ribosomes extracted from EMPIAR-10499 at intramolecular scale\, medium box\, small pixel,Volumetric subtomograms of ribosome•SecDF complex extracted from EMPIAR-10499 at intramolecular scale,Volumetric subtomograms of ribosomes extracted from EMPIAR-10499 at intramolecular scale,Image tilt-series subtomograms of ribosomes extracted from EMPIAR-10499 at intramolecular scale\, large box\, small pixel",,"subtomograms,picked particles - multiframe - processed"
EMPIAR-11848,Cryo-EM of HCoV-NL63 5' proximal stem-loop 5,EMDB,REL,2023-11-28T00:00:00Z,2024-03-17T00:00:00Z,"Kretsch RC, Xu L, Zheludev IN, Zhou X, Huang R, Nye G, Li S, Zhang K, Chiu W, Das R",Tertiary folds of the SL5 RNA from the 5' proximal region of SARS-CoV-2 and related coronaviruses,"10.1073/pnas.2320493121,10.1101/2023.11.22.567964",38427602,"EMD-42813,EMD-42814","Department of Biochemistry\, Stanford University; Howard Hughes Medical Institute,Department of Bioengineering\, James H. Clark Center\, Stanford University; CryoEM and Bioimaging Division\, Stanford Synchrotron Radiation Lightsource\, SLAC National Accelerator Laboratory",10444.8,"Extracted particles and orientations for final reconstruction of HCoV-NL63 5' stem-loop 5 RNA.,Unaligned multi-frame micrographs of HCoV-NL63 5' stem-loop 5 RNA.",,"micrographs - multiframe,picked particles - single frame - processed"
EMPIAR-11762,Cryo-EM structure of human TFIIIC bound and unbound to tRNA gene,EMDB,REL,2023-11-02T00:00:00Z,2024-02-28T00:00:00Z,"Seifert-Davila W, Girbig M, Hauptmann L, Hoffmann T, Eustermann S, Müller CW",Structural insights into human TFIIIC promoter recognition,10.1126/sciadv.adh2019,37418517,"EMD-17446,EMD-17447,EMD-16716,EMD-16713,EMD-16714,EMD-16715,EMD-16717",European Molecular Biology Laboratory,3891.2,"Final particles of TauA subcomplex,Final particles of TauB-dimer subcomplex,Final particles of TauA subcomplex (No DNA sample),Unaligned multi-frame micrographs of human TFIIIC bound to tRNA gene,Unaligned multi-frame micrographs of human TFIIIC (No DNA sample),Intermediate particles of TauB-dimer subcomplex for mapping pair distance,Final particles of TauB-dimer subcomplex (No DNA sample)",,"micrographs - multiframe,picked particles - single frame - processed"
EMPIAR-11791,Single-Particle Cryo-EM of AAV2 at Various Tilts,EMDB,REL,2023-11-23T00:00:00Z,2024-02-13T00:00:00Z,"Aiyer S, Baldwin PR, Tan SM, Shan Z, Oh J, Mehrani A, Bowman ME, Louie G, Passos DO, Đorđević-Marquardt S, Mietzsch M, Hull JA, Hoshika S, Barad BA, Grotjahn DA, McKenna R, Agbandje-McKenna M, Benner SA, Noel JAP, Wang D, Tan YZ, Lyumkis D",Overcoming resolution attenuation during tilted cryo-EM data collection,"10.1101/2023.07.14.548955,10.1038/s41467-023-44555-7",38195598,"EMD-36770,EMD-36766,EMD-36768,EMD-36772,EMD-36771,EMD-36769,EMD-36767","National University of Singapore,Salk Institute",730.4,"Unaligned multiframe movies of AAV2 collected at various tilts,Polished and equalized particles of AAV2 collected at various tilts,Aligned and dose-weighted micrographs of AAV2 collected at various tilts",,"micrographs - multiframe,picked particles - multiframe - processed,micrographs - single frame"
EMPIAR-11864,CryoEM structures of the human CLC-2-AK42 voltage gated chloride channel reveal a ball and chain gating mechanism,EMDB,REL,2024-01-25T00:00:00Z,2024-02-06T00:00:00Z,"Xu M, Pintilie G, Liu Y, Chiu W, Maduke M",CryoEM structures of the human CLC-2 voltage gated chloride channel reveal a ball and chain gating mechanism,,,EMD-41127,"Department of Bioengineering and Department of Microbiology and Immunology\, Stanford University,Department of Molecular and Cellular Physiology\, Stanford University,Department of Bioengineering\, Stanford University",1228.8,picked particles for CLC2 trans-membrane domain with bound ligand AK42,,picked particles - multiframe - unprocessed
EMPIAR-11865,CryoEM structures of the human CLC-2 voltage gated chloride channel reveal a ball and chain gating mechanism,EMDB,REL,2024-01-25T00:00:00Z,2024-02-06T00:00:00Z,"Xu M, Pintilie G, Liu Y, Chiu W, Maduke M",CryoEM structures of the human CLC-2 voltage gated chloride channel reveal a ball and chain gating mechanism,,,EMD-41127,"Department of Bioengineering and Department of Microbiology and Immunology\, Stanford University,Department of Molecular and Cellular Physiology\, Stanford University,Department of Bioengineering\, Stanford University",1228.8,picked particles for CLC2 trans-membrane domain,,picked particles - multiframe - unprocessed
EMPIAR-11706,Full-length ClpX AAA protein in a complex with ClpP peptidase,EMDB,REL,2023-08-13T00:00:00Z,2024-01-15T00:00:00Z,"Ghanbarpour A, Cohen SE, Fei X, Kinman LF, Bell TA, Zhang JJ, Baker TA, Davis JH, Sauer RT",A closed translocation channel in the substrate-free AAA+ ClpXP protease diminishes rogue degradation,"10.1038/s41467-023-43145-x,10.1101/2022.08.27.505532",37949857,EMD-27946,MIT,1945.6,"Unaligned Movies of ClpX.ClpP,Particle stacks of ClpX.ClpP",,"micrographs - multiframe,picked particles - single frame - processed"
EMPIAR-11734,Structure and dynamics of a pentameric KCTD5/Cullin3/GBeta1Gamma2 E3 ubiquitin ligase complex,EMDB,REL,2023-09-20T00:00:00Z,2023-10-31T00:00:00Z,"Nguyen DM, Rath DH, Devost D, Pétrin D, Rizk R, Ji AX, Narayanan N, Yong D, Zhai A, Kuntz DA, Mian MUQ, Pomroy NC, Keszei AFA, Benlekbir S, Mazhab-Jafari MT, Rubinstein JL, Hébert TE, Privé GG",Structure and dynamics of a pentameric KCTD5/CUL3/Gβγ E3 ubiquitin ligase complex.,"10.1073/pnas.2315018121,10.1101/2023.09.20.558662",38625940,"EMD-41996,EMD-42000,EMD-41997,EMD-42004,EMD-42002,EMD-41998,EMD-42003,EMD-42009,EMD-42001,EMD-42010,EMD-42008,EMD-41994,EMD-42007,EMD-41999,EMD-42005,EMD-41995,EMD-42011,EMD-42006",Princess Margaret Cancer Centre,8704,"MotionCorrected Data for K5C3Gbg Grid2 TILT,K5C3Gbg Particles,K5C3Gbg1 Krios Data Grid 2 multiframe micrographs,MotionCorrected Data for normal(Grid1+Grid2) K5C3Gbg,K5C3Gbg Krios Data Grid 2 TILT multiframe micrographs. Collected with 40 degree tilt.,K5C3Gbg1 Krios Data Grid 1 multiframe micrographs",,"micrographs - multiframe,picked particles - single frame - processed,micrographs - single frame"
EMPIAR-11720,Regularisation by denoising lowers the size barrier of cryo-EM structure determination,EMDB,REL,2023-10-14T00:00:00Z,2023-10-20T00:00:00Z,"Kimanius D, Jamali K, Wilkinson M, Lövestam S, Velazhahan V, Nakane T, Scheres SHW",Regularisation by denoising lowers the size barrier of cryo-EM structure determination,,,EMD-17806,MRC Laboratory of Molecular Biology,81.5,"Polished particles,Aligned movies (MotionCorr)",,"picked particles - multiframe - processed,micrographs - single frame"
EMPIAR-11529,Cryo-EM particle stacks of the ∆KsgA immature 30S sample,EMDB,REL,2023-04-25T00:00:00Z,2023-09-22T00:00:00Z,"Sun J, Kinman LF, Jahagirdar D, Ortega J, Davis JH",KsgA facilitates ribosomal small subunit maturation by proofreading a key structural lesion,10.1038/s41594-023-01078-5,37653244,EMD-28692,"Department of Biology\, Massachusetts Institute of Technology,Department of Anatomy and Cell Biology\, McGill University",422.2,Particle stacks of ∆KsgA immature 30S sample,,picked particles - multiframe - processed
EMPIAR-11528,Cryo-EM particle stacks of the large dataset of ∆KsgA 30S plus KsgA sample,EMDB,REL,2023-04-22T00:00:00Z,2023-09-22T00:00:00Z,"Sun J, Kinman LF, Jahagirdar D, Ortega J, Davis JH",KsgA facilitates ribosomal small subunit maturation by proofreading a key structural lesion,10.1038/s41594-023-01078-5,37653244,EMD-28720,"Department of Biology\, Massachusetts Institute of Technology,Department of Anatomy and Cell Biology\, McGill University",991.2,Particle stacks of ∆KsgA 30S plus KsgA sample (large dataset),,picked particles - multiframe - processed
EMPIAR-11526,Cryo-EM particle stacks of the small dataset of ∆KsgA 30S plus KsgA sample,EMDB,REL,2023-04-21T00:00:00Z,2023-09-22T00:00:00Z,"Sun J, Kinman LF, Jahagirdar D, Ortega J, Davis JH",KsgA facilitates ribosomal small subunit maturation by proofreading a key structural lesion,10.1038/s41594-023-01078-5,37653244,EMD-28720,"Department of Biology\, Massachusetts Institute of Technology,Department of Anatomy and Cell Biology\, McGill University",320.1,Particle stacks of ∆KsgA 30S plus KsgA sample (small dataset),,picked particles - multiframe - processed
EMPIAR-11211,"Single-particle cryo-EM dataset of ALC1 bound to an asymmetric, site-specifically PARylated nucleosome",EMDB,REL,2022-09-06T00:00:00Z,2023-09-21T00:00:00Z,Bacic L,TBD,10.1038/s41467-024-45237-8,38307862,EMD-15777,"Université Toulouse 3,Uppsala University",8499.2,"Raw movies from grid 2,Intermediate set of particles after classification in RELION\, before 3DVA clustering in cryoSPARC,Final set of particles after refinement in cryoSPARC,Raw movies from grid 1",,"micrographs - multiframe,picked particles - single frame - processed"
EMPIAR-11618,Single-particle cryo-EM dataset of an asymmetric nucleosome (10-N-0),EMDB,REL,2023-07-05T00:00:00Z,2023-08-25T00:00:00Z,"Gaullier G, Sabantsev A, Lehmann LC, Brackmann K, Dimakou D, Halic M, Hewitt G, Boulton SJ, Deindl S",Structure and dynamics of the chromatin remodeler ALC1 bound to a PARylated nucleosome,10.7554/elife.71420,34486521,EMD-17944,Uppsala University,1228.8,"Unaligned movies,Extracted particles",,"micrographs - multiframe,picked particles - single frame - processed"
EMPIAR-10739,Single-particle cryo-EM dataset of the complex between ALC1 and a PARylated nucleosome,EMDB,REL,2021-06-21T00:00:00Z,2023-07-25T00:00:00Z,"Bacic L, Gaullier G, Sabantsev A, Lehmann LC, Brackmann K, Dimakou D, Halic M, Hewitt G, Boulton SJ, Deindl S",Structure and dynamics of the chromatin remodeler ALC1 bound to a PARylated nucleosome.,"10.1101/2021.06.18.448936,10.7554/elife.71420",34486521,"EMD-13065,EMD-13070",Uppsala University,15257.6,"Extracted particles at original pixel size - large set,Unaligned movies of the complex between ALC1 and a PARylated nucleosome - batch 1,Extracted particles at original pixel size - smaller subset,Unaligned movies of the complex between ALC1 and a PARylated nucleosome - batch 2",,"micrographs - multiframe,picked particles - multiframe - processed"
EMPIAR-11407,IgG3-C1-C4b complex on a lipid bilayer,EMDB,REL,2023-01-31T00:00:00Z,2023-06-23T00:00:00Z,Abendstein LA,Complement is activated by elevated IgG3 hexameric platforms and deposits C4b onto distinct antibody domains,,,"EMD-16250,EMD-16241,EMD-16251","Department of Cell and Chemical Biology\, Leiden University Medical Centre",160.1,extracted particles - IgG3-C1-C4b complexes bound to DNP representing liposomes,,picked particles - multiframe - processed
EMPIAR-11406,Hexameric human IgG3 Fc complex,EMDB,REL,2023-01-30T00:00:00Z,2023-06-23T00:00:00Z,Abendstein LA,Complement is activated by elevated IgG3 hexameric platforms and deposits C4b onto distinct antibody domains,,,EMD-16227,"Department of Cell and Chemical Biology\, Leiden University Medical Centre",25.9,extracted particles - IgG3 bound to DNP representing liposomes,,picked particles - multiframe - processed
EMPIAR-11522,CryoEM of E. coli RNA polymerase Sigma N bound to full duplex DNA fragment dhsU36 (-12T),EMDB,REL,2023-04-06T00:00:00Z,2023-05-16T00:00:00Z,"Mueller AU, Chen J, Wu M, Chiu C, Nixon BT, Campbell EA, Darst SA",A general mechanism for transcription bubble nucleation in bacteria,10.1073/pnas.2220874120,36972428,"EMD-28790,EMD-28786,EMD-28791",The Rockefeller University,2457.6,"Particle images for map 1,Motion-corrected micrographs (dose-weighted),Unaligned micrographs (raw movies),Particle images for map 2 (subtracted particles)",,"micrographs - multiframe,picked particles - single frame - processed,micrographs - single frame"
EMPIAR-11523,CryoEM of E. coli RNA polymerase Sigma N bound to mismatch DNA fragment dhsU36mm1 (-12T),EMDB,REL,2023-04-07T00:00:00Z,2023-05-16T00:00:00Z,"Mueller AU, Chen J, Wu M, Chiu C, Nixon BT, Campbell EA, Darst SA",A general mechanism for transcription bubble nucleation in bacteria,10.1073/pnas.2220874120,36972428,"EMD-28792,EMD-28797,EMD-28794",The Rockefeller University,4505.6,"Particle images for map 1,Motion-corrected micrographs (dose-weighted),Unaligned micrographs (raw movies),Particle images for map 2 (subtracted particles)",,"micrographs - multiframe,picked particles - single frame - processed,micrographs - single frame"
EMPIAR-11521,CryoEM of E. coli RNA polymerase Sigma N bound to mismatch DNA fragment dhsU36mm2 (-12A),EMDB,REL,2023-04-05T00:00:00Z,2023-05-16T00:00:00Z,"Mueller AU, Chen J, Wu M, Chiu C, Nixon BT, Campbell EA, Darst SA",A general mechanism for transcription bubble nucleation in bacteria,10.1073/pnas.2220874120,36972428,"EMD-28783,EMD-28785,EMD-28784",The Rockefeller University,8396.8,"Motion-corrected micrographs,Non-dose-weighted motion-corrected micrographs,Unaligned micrographs (raw movies),Particle images for map 2 (subtracted particles),Particle images for map 1",,"micrographs - multiframe,picked particles - single frame - processed,micrographs - single frame"
EMPIAR-11283,LRRC8A-BRIL:C Heteromer in GDN,EMDB,REL,2022-08-02T00:00:00Z,2023-04-12T00:00:00Z,"Kern DM, Bleier J, Mukherjee S, Hill JM, Kossiakoff AA, Isacoff EY, Brohawn SG",Structural basis for assembly and lipid-mediated gating of LRRC8A:C volume-regulated anion channels,10.1101/2022.07.31.502239,30775971,"EMD-27679,EMD-27678,EMD-27682,EMD-27681,EMD-27676,EMD-27677,EMD-27674,EMD-27675",UC Berkeley,9113.6,"Pooled polished particles stacks for LRRC8A-BRIL/C in GDN,Unaligned tif movies for LRRC8ABRIL:C in 75 mM KCl,Unaligned tif movies for LRRC8ABRIL:C in 150 mM KCl",,"micrographs - multiframe,picked particles - multiframe - processed"
EMPIAR-11362,Sarecycline inhibits protein translation in Cutibacterium acnes 70S ribosome using a two-site mechanism,EMDB,REL,2022-12-06T00:00:00Z,2023-04-11T00:00:00Z,"Lomakin IB, Devarkar SC, Patel S, Grada A, Bunick CG",Sarecycline inhibits protein translation in Cutibacterium acnes 70S ribosome using a two-site mechanism,10.1093/nar/gkad103,36864821,EMD-26959,"Department of Dermatology\, Yale School of Medicine,Department of Dermatalogy\, Yale School of Medicine",6348.8,"Extracted particle stack based on Template picking from cryoSPARC,Raw multiframe micrographs for Sarecycline bound 70S Ribosome from C. acnes,Dose-Weighted Motion Corrected Micrographs for Sarecycline bound 70S Ribosome from C. acnes,Non-Dose-Weighted Motion Corrected Micrographs for Sarecycline bound 70S Ribosome from C. acnes",,"micrographs - multiframe,picked particles - single frame - processed,micrographs - single frame"
EMPIAR-11321,LRRC8A-BRIL(T48D):C Heteromer in GDN,EMDB,REL,2022-11-22T00:00:00Z,2023-03-14T00:00:00Z,"Kern DM, Bleier J, Mukherjee S, Hill JM, Kossiakoff AA, Isacoff EY, Brohawn SG",Structural basis for assembly and lipid-mediated gating of LRRC8A:C volume-regulated anion channels,10.1101/2022.07.31.502239,30775971,"EMD-28901,EMD-28895,EMD-28898,EMD-28903,EMD-28894,EMD-28905,EMD-28897,EMD-28904",UC Berkeley,2150.4,"Unaligned tif movies for LRRC8A-BRIL(T48D):C in GDN,Polished particles stacks for LRRC8A-BRIL(T48D)/C in GDN",,"micrographs - multiframe,picked particles - multiframe - processed"
EMPIAR-11312,LRRC8A-BRIL:C Heteromer in lipid nanodiscs,EMDB,REL,2022-08-15T00:00:00Z,2023-03-14T00:00:00Z,"Kern DM, Bleier J, Mukherjee S, Hill JM, Kossiakoff AA, Isacoff EY, Brohawn SG",Structural basis for assembly and lipid-mediated gating of LRRC8A:C volume-regulated anion channels,10.1101/2022.07.31.502239,30775971,"EMD-27687,EMD-27686",UC Berkeley,2457.6,"Polished particles stacks for LRRC8A-BRIL/C in lipid nanodiscs,Unaligned tif movies for LRRC8ABRIL:C in lipid nanodiscs",,"micrographs - multiframe,picked particles - multiframe - processed"
EMPIAR-11247,Cryo-EM structure of the RhlR-PqsE complex from Pseudomonas aeruginosa,EMDB,REL,2022-08-03T00:00:00Z,2023-01-19T00:00:00Z,"Feathers JR, Richael EK, Simanek KA, Fromme JC, Paczkowski JE",Structure of the RhlR-PqsE complex from Pseudomonas aeruginosa reveals mechanistic insights into quorum-sensing gene regulation,10.1016/j.str.2022.10.008,36379213,"EMD-27646,EMD-27645","Department of Molecular Biology and Genetics\, Weill Institute for Cell and Molecular Biology\, Cornell University,Department of Biomedical Sciences\, University at Albany\, School of Public Health",2048,"Polished particles of RhlR-PqsE complex from Pseudomonas aeruginosa,Polished particles of RhlR-PqsE complex from Pseudomonas aeruginosa bound to DNA,Unaligned multi-frame micrographs of RhlR-PqsE complex from Pseudomonas aeruginosa",,"micrographs - multiframe,picked particles - single frame - processed"
EMPIAR-11278,Amyloid fibril from the antimicrobial peptide uperin 3.5,EMDB,REL,2022-09-20T00:00:00Z,2022-11-15T00:00:00Z,"Bücker R, Seuring C, Cazey C, Veith K, García-Alai M, Grünewald K, Landau M",The Cryo-EM structures of two amphibian antimicrobial cross-β amyloid fibrils,10.1038/s41467-022-32039-z,35896552,EMD-14167,"Technion Israel Institute of Technology,Centre for Structural Systems Biology\, University of Hamburg\, Hamburg\, Germany,Centre for Structural Systems Biology",7577.6,"Picked particles (helical segments) used for final reconstruction of uperin 3.5 filament,Motion-corrected micrographs of uperin 3.5 filaments,Unaligned movie frames of uperin 3.5 filaments",,"micrographs - multiframe,micrographs - single frame,picked particles - single frame - unprocessed"
EMPIAR-11270,Amyloid fibril from the antimicrobial peptide aurein 3.3,EMDB,REL,2022-09-20T00:00:00Z,2022-11-14T00:00:00Z,"Bücker R, Seuring C, Cazey C, Veith K, García-Alai M, Grünewald K, Landau M",The Cryo-EM structures of two amphibian antimicrobial cross-β amyloid fibrils,10.1038/s41467-022-32039-z,35896552,EMD-14168,"Technion Israel Institute of Technology,Centre for Structural Systems Biology\, University of Hamburg\, Hamburg\, Germany,Centre for Structural Systems Biology",5324.8,"Extracted particles (helical segments) used in final refinement,Unaligned movie frames of aurein 3.3 filaments",,"micrographs - multiframe,picked particles - single frame - unprocessed"
EMPIAR-11233,Particle stack from TRPM8 bound to calcium dataset,EMDB,REL,2022-09-16T00:00:00Z,2022-10-04T00:00:00Z,"Diver MM, Cheng Y, Julius D",Structural insights into TRPM8 inhibition and desensitization,10.1126/science.aax6672,31488702,EMD-0639,"Department of Biochemistry and Biophysics\, University of California\, San Francisco,Department of Physiology\, University of California\, San Francisco,Structural Biology Program\, Memorial Sloan Kettering Cancer Center",129.7,"Dataset of TRPM8 bound to calcium\, processed stack from final reconstruction,Dataset of TRPM8 bound to calcium\, intermediate processed stack",,picked particles - single frame - processed
EMPIAR-11128,Cryo-EM of ADP-F-actin,EMDB,REL,2022-07-25T00:00:00Z,2022-09-13T00:00:00Z,"Reynolds MJ, Hachicho C, Carl AG, Gong R, Alushin GM",Bending forces and nucleotide state jointly regulate F-actin structure,10.1038/s41586-022-05366-w,36289330,"EMD-27119,EMD-27116,EMD-27114,EMD-27118","Laboratory of Structural Biophysics and Mechanobiology\, The Rockefeller University",938.5,"Polished single-frame particles of straight ADP-F-actin segments\, Subset 1,Polished single-frame particles of helical ADP-F-actin segments\, for high-resolution,Polished single-frame particles of bent ADP-F-actin segments,Unaligned multi-frame micrographs of ADP-F-actin,Polished single-frame particles of straight ADP-F-actin segments\, Subset 2",,"micrographs - multiframe,picked particles - single frame - processed"
EMPIAR-11129,Cryo-EM of ADP-Pi-F-actin,EMDB,REL,2022-07-29T00:00:00Z,2022-09-13T00:00:00Z,"Reynolds MJ, Hachicho C, Carl AG, Gong R, Alushin GM",Bending forces and nucleotide state jointly regulate F-actin structure,10.1038/s41586-022-05366-w,36289330,"EMD-27115,EMD-27117","Laboratory of Structural Biophysics and Mechanobiology\, The Rockefeller University",2560,"Unaligned multi-frame micrographs of ADP-F-actin,Polished single-frame particles of bent ADP-Pi-F-actin segments,Polished single-frame particles of helical ADP-Pi-F-actin segments\, for high-resolution",,"micrographs - multiframe,picked particles - single frame - processed"
EMPIAR-11120,Single-particle cryo-electron microscopy final particle stacks and .star files from TSHR complexes,EMDB,REL,2022-07-17T00:00:00Z,2022-09-07T00:00:00Z,"Faust B, Billesbølle CB, Suomivuori CM, Singh I, Zhang K, Hoppe N, Pinto AFM, Diedrich JK, Muftuoglu Y, Szkudlinski MW, Saghatelian A, Dror RO, Cheng Y, Manglik A",Autoantibody mimicry of hormone action at the thyrotropin receptor,"10.1038/s41586-022-05159-1,10.1101/2022.01.06.475289",35940205,EMD-25758,"Department of Pharmaceutical Chemistry,Department of Biochemistry & Biophysics",828.7,"Final particle stack for TR1402-bound TSHR-Gs reconstruction,Final particle stack for CS-17 Fab-bound TSHR Gs reconstruction,Final particle stack for native human TSH-bound TSHR-Gs reconstruction,Final particle stack for M22 Fab-bound TSHR-Gs reconstruction",,picked particles - single frame - processed
EMPIAR-10874,Single-Particle CryoEM of mammalian V-ATPase with the TLDc domain protein mEAK7 bound (Various Datasets),EMDB,REL,2021-11-08T00:00:00Z,2022-09-05T00:00:00Z,"Tan YZ, Abbas YM, Wu JZ, Wu D, Keon KA, Hesketh GG, Bueler SA, Gingras AC, Robinson CV, Grinstein S, Rubinstein JL",CryoEM of endogenous mammalian V-ATPase interacting with the TLDc protein mEAK-7,"10.1101/2021.11.03.466369,10.26508/lsa.202201527",35794005,"EMD-26387,EMD-26388,EMD-26386,EMD-26385","The Hospital for Sick Children Research Institute/University of Toronto,The Hospital for Sick Children Research Institute",13004.8,"Unaligned multiframe movies of Pig Kidney V-ATPase bound to mEAK-7 collected using Tundra,Unaligned multiframe movies of Pig Kidney V-ATPase bound to mEAK-7 with EDTA/EGTA collected using Titan Krios and Falcon4,Unaligned multiframe movies of Pig Kidney V-ATPase bound to mEAK-7deltaCterm collected using Titan Krios and Falcon4,Polished particles of Pig Kidney V-ATPase bound to mEAK-7 with Calcium collected using Glacios with Selectris X and Falcon 4,Polished particles of Pig Kidney V-ATPase bound to mEAK-7 collected using Tundra,Polished particles of Pig Kidney V-ATPase bound to mEAK-7 collected using Titan Krios and Falcon4,Aligned and dose-weighted micrographs of Pig Kidney V-ATPase bound to mEAK-7 with Calcium collected using Glacios with Selectris X and Falcon 4,Aligned and dose-weighted micrographs of Pig Kidney V-ATPase bound to mEAK-7 collected using Tundra,Aligned and dose-weighted micrographs of Pig Kidney V-ATPase bound to mEAK-7deltaCterm collected using Titan Krios and Falcon4,Polished particles of Pig Kidney V-ATPase bound to mEAK-7 with ATP collected using Titan Krios and Falcon4,Unaligned multiframe movies of Pig Kidney V-ATPase bound to mEAK-7 collected using Titan Krios and Falcon4,Aligned and dose-weighted micrographs of Pig Kidney V-ATPase bound to mEAK-7 with EDTA/EGTA collected using Titan Krios and Falcon4,Unaligned multiframe movies of Pig Kidney V-ATPase bound to mEAK-7 with ATP collected using Titan Krios and Falcon4,Aligned and dose-weighted micrographs of Pig Kidney V-ATPase bound to mEAK-7 collected using Titan Krios and Falcon4,Aligned and dose-weighted micrographs of Pig Kidney V-ATPase bound to mEAK-7 with ATP collected using Titan Krios and Falcon4,Unaligned multiframe movies of Pig Kidney V-ATPase bound to mEAK-7 with Calcium collected using Glacios with Selectris X and Falcon 4,Polished particles of Pig Kidney V-ATPase bound to mEAK-7 with EDTA/EGTA collected using Titan Krios and Falcon4,Polished particles of Pig Kidney V-ATPase bound to mEAK-7deltaCterm collected using Titan Krios and Falcon4",,"micrographs - multiframe,picked particles - single frame - processed,picked particles - multiframe - processed,micrographs - single frame"
EMPIAR-11125,Cryo electron tomography of H. neapolitanus alpha-carboxysomes,EMDB,REL,2022-07-18T00:00:00Z,2022-08-12T00:00:00Z,"Metskas LA, Ortega D, Oltrogge LM, Blikstad C, Laughlin T, Savage DF, Jensen GJ",Rubisco forms a lattice inside alpha-carboxysomes,"10.1101/2022.01.24.477598,10.1038/s41467-022-32584-7",35982043,EMD-27654,"Dept of Molecular & Cell Biology\, University of California Berkeley,Departments of Biological Sciences and Chemistry\, College of Science\, Purdue University,College of Physical and Mathematical Sciences\, Brigham Young University",483.4,"Complete set of subtomograms for Rubisco subtomogram average,Reconstructed sample tomograms of purified alpha-carboxysomes\, plus frames,Reconstructed sample tomograms of wild-type H. neapolitanus cells\, plus frames",,"reconstructed volumes,picked particles - multiframe - unprocessed"
EMPIAR-11043,Architecture of the human erythrocyte ankyrin-1 complex,EMDB,REL,2022-02-08T00:00:00Z,2022-08-08T00:00:00Z,"Vallese F, Kim K, Yen LY, Johnston JD, Noble AJ, Calì T, Clarke OB",Architecture of the human erythrocyte ankyrin-1 complex,10.1038/s41594-022-00792-w,35835865,EMD-26943,"Department of Anesthesiology\, Columbia University",5324.8,"Aligned micrographs of ankyrin-1 complex,Consensus particle stack for the ankyrin-1 complex,Unaligned multi-frame movies of ankyrin-1 complex",,"micrographs - multiframe,micrographs - single frame,picked particles - single frame - unprocessed"
EMPIAR-10786,Cryo electron microscopy final particle stacks of Substance P-Neurokinin Receptor G protein complexes,EMDB,REL,2021-07-27T00:00:00Z,2022-07-26T00:00:00Z,"Harris JA, Faust B, Gondin AB, Dämgen MA, Suomivuori CM, Veldhuis NA, Cheng Y, Dror RO, Thal DM, Manglik A",Selective G protein signaling driven by substance P-neurokinin receptor dynamics,"10.1101/2021.05.16.444192,10.1038/s41589-021-00890-8",34711980,"EMD-24572,EMD-24569,EMD-24570","Department of Pharmaceutical Chemistry\, University of California\, San Francisco,Drug Discovery Biology\, Monash Institute of Pharmaceutical Sciences\, Monash University,Department of Biochemistry & Biophysics\, University of California\, San Francisco",170.8,"Particle stack and final .star file for SP6-11-NK1R-miniGsq70 reconstruction,Particle stack and final .star file for SP-NK1R-miniGs399 reconstruction,Particle stack and final .star file for SP-NK1R-miniGsq70 reconstruction",,picked particles - single frame - processed
EMPIAR-10895,C2-symmetric single-particle cryo-EM map of T. vaginalis FDPF3 - unaligned multi-frame micrographs,EMDB,REL,2021-12-21T00:00:00Z,2022-07-12T00:00:00Z,"Abdulaziz E, Rashid B, Bell TA, Heacock M, Skinner O, Yaseen A, Mootha VK, Pierik AJ, Chao LH, Cracan V","A natural fusion between a flavodiiron protein\, rubredoxin and NADH:rubredoxin oxidoreductase is responsible for the H2O-forming oxidase activity in Trichomonas vaginalis",,,"EMD-25790,EMD-25787","Department of Molecular Biology\, Massachusetts General Hospital\, Harvard Medical School\, Boston\, MA 02142\, USA",1433.6,Unaligned multi-frame micrographs of recombinantly expressed and purified T. vaginalis FDPF3,,picked particles - multiframe - unprocessed
EMPIAR-10969,Particle stacks for VcINDY in 300mM NaCl,EMDB,REL,2022-02-27T00:00:00Z,2022-06-13T00:00:00Z,"Sauer DB, Marden JJ, Sudar JC, Song J, Mulligan C, Wang DN",Structural basis of ion - substrate coupling in the Na<sup>+</sup>-dependent dicarboxylate transporter VcINDY,10.1038/s41467-022-30406-4,35551191,EMD-25757,"Skirball Institute\, New York University School of Medicine",35.4,Particle stack of VcINDY in 300 mM NaCl,,picked particles - multiframe - processed
EMPIAR-10970,Particle stacks for VcINDY in Choline Chloride,EMDB,REL,2022-02-28T00:00:00Z,2022-06-13T00:00:00Z,"Sauer DB, Marden JJ, Sudar JC, Song J, Mulligan C, Wang DN",Structural basis of ion - substrate coupling in the Na<sup>+</sup>-dependent dicarboxylate transporter VcINDY,10.1038/s41467-022-30406-4,35551191,EMD-25756,"Skirball Institute\, New York University School of Medicine",383.6,"Particle stack of VcINDY in Choline Chloride Class 1,Particle stack of VcINDY in Choline Chloride Class 3,Particle stack of VcINDY in Choline Chloride Class 4",,picked particles - multiframe - processed
EMPIAR-11005,Conformational rearrangements upon start codon recognition in human 48S translation initiation complex,EMDB,REL,2022-04-07T00:00:00Z,2022-05-17T00:00:00Z,"Yi SH, Petrychenko V, Schliep JE, Goyal A, Linden A, Chari A, Urlaub H, Stark H, Rodnina MV, Adio S, Fischer N",Conformational rearrangements upon start codon recognition in human 48S translation initiation complex.,10.1093/nar/gkac283,35489072,"EMD-14114,EMD-14113",Max-Planck-Institute for Multidisciplinary Sciences,1126.4,"Particles of human 48S IC in closed state (""closed""),Particles of human 48S IC in open state (""open""),Motion-corrected\, dose-weighted micrographs",,"picked particles - single frame - processed,micrographs - single frame"
EMPIAR-11028,"Cryo-EM Structures of Glucocorticoid Receptor-Hsp90-p23 [the GR Maturation Complex], Hsp90-p23, and MBP-Hsp90-p23",EMDB,REL,2020-09-25T00:00:00Z,2022-05-03T00:00:00Z,"Noddings CM, Wang RY, Johnson JL, Agard DA",Structure of Hsp90-p23-GR reveals the Hsp90 client-remodelling mechanism,10.1038/s41586-021-04236-1,34937936,"EMD-23005,EMD-23004,EMD-23006","University of California\, San Francisco",494.1,"Processed subsets,MotionCor2 aligned frames of GR-Hsp90-p23 collected on Gatan K3",,"picked particles - single frame - processed,micrographs - single frame"
EMPIAR-11000,Cryo-EM structure of human U2 snRNP after ATP-dependent remodeling,EMDB,REL,2022-03-29T00:00:00Z,2022-04-22T00:00:00Z,"Tholen J, Razew M, Weis F, Galej WP",Structural basis of branch site recognition by the human spliceosome,10.1126/science.abm4245,34822310,EMD-13812,EMBL,1536,"Unaligned multi-frame micrographs of the U2 snRNP after ATP-dependent remodeling,Final polished particles of the U2 snRNP after ATP-dependent remodeling",,"micrographs - multiframe,picked particles - single frame - processed"
EMPIAR-10873,Atomic structure of Lanreotide nanotubes revealed by cryo-EM,EMDB,REL,2021-11-15T00:00:00Z,2022-04-19T00:00:00Z,"Pieri L, Wang F, Arteni AA, Vos M, Winter JM, Le Du MH, Artzner F, Gobeaux F, Legrand P, Boulard Y, Bressanelli S, Egelman EH, Paternostre M",Atomic structure of Lanreotide nanotubes revealed by cryo-EM,10.1073/pnas.2120346119,35042822,EMD-13830,"I2BC CNRS UMR9198,University of Virginia\, School of Medicine\, Department of Biochemistry and Molecular Genetics",362.5,"Lanreotide nanotube\, subset of the final particles",,picked particles - multiframe - processed
EMPIAR-10876,2.3 A structure of the ATP-dependent chromatin remodeler Chd1 bound to the nucleosome in a nucleotide-free state,EMDB,REL,2021-04-02T00:00:00Z,2022-04-01T00:00:00Z,"Nodelman IM, Das S, Faustino AM, Fried SD, Bowman GD, Armache JP",Nucleosome recognition and DNA distortion by the Chd1 remodeler in a nucleotide-free state,10.1038/s41594-021-00719-x,35173352,"EMD-25479,EMD-25483,EMD-25480,EMD-25481","Pennsylvania State University,Johns Hopkins University",4812.8,"Processed subsets,MotionCor2-aligned frames of Chd1-bound nucleosomes collected on Gatan K3,Unaligned frames of Chd1-bound nucleosomes collected on Gatan K3 in Super Resolution",,"micrographs - multiframe,picked particles - single frame - processed,micrographs - single frame"
EMPIAR-10810,Cryo-EM structure of SARS-CoV-2 Main protease C145S in complex with N-terminal peptide,EMDB,REL,2021-09-17T00:00:00Z,2022-03-28T00:00:00Z,Godoy AS,Cryo-EM structure of SARS-CoV-2 Main protease C145S in complex with N-terminal peptide,,,EMD-24889,University of Sao Paulo,3379.2,"Shiny particles used for final model refinement,Unaligned multiframes from SARS-CoV-2 Mpro in super-resolution mode",,"micrographs - multiframe,picked particles - multiframe - processed"
EMPIAR-10396,CryoEM reconstruction of membrane-bound ESCRT-III filament composed of CHMP1B+IST1 (right-handed),EMDB,REL,2020-04-16T00:00:00Z,2022-02-25T00:00:00Z,"Nguyen HC, Talledge N, McCullough J, Sharma A, Moss FR, Iwasa JH, Vershinin MD, Sundquist WI, Frost A",Membrane constriction and thinning by sequential ESCRT-III polymerization,10.1038/s41594-020-0404-x,32251413,EMD-20588,"Univeristy of California\, San Fancisco",30.6,Processed particle stack for a cryoEM helical reconstruction of membrane-bound ESCRT-III filament composed of CHMP1B+IST1 (right-handed),,picked particles - multiframe - processed
EMPIAR-10397,CryoEM reconstruction of membrane-bound ESCRT-III filament composed of CHMP1B only,EMDB,REL,2020-04-17T00:00:00Z,2022-02-25T00:00:00Z,"Nguyen HC, Talledge N, McCullough J, Sharma A, Moss FR, Iwasa JH, Vershinin MD, Sundquist WI, Frost A",Membrane constriction and thinning by sequential ESCRT-III polymerization,10.1038/s41594-020-0404-x,32251413,EMD-20590,"Univeristy of California\, San Fancisco",3.8,Processed particle stack and metadata for a cryoEM helical reconstruction of membrane-bound ESCRT-III filament composed of CHMP1B only,,picked particles - multiframe - processed
EMPIAR-10163,Asymmetric structures of the uncleaved full-length HIV-1 envelope glycoprotein trimer,EMDB,REL,2017-09-09T00:00:00Z,2022-01-31T00:00:00Z,"Zhang S, Wang K, Wang WL, Nguyen HT, Chen S, Lu M, Go EP, Ding H, Steinbock RT, Desaire H, Kappes JC, Sodroski J, Mao Y",Asymmetric structures and conformational plasticity of the uncleaved full-length human immunodeficiency virus (HIV-1) envelope glycoprotein trimer,"10.1128/jvi.00529-21,10.1101/2021.03.28.437443",34549974,"EMD-23860,EMD-23861",Dana-Farber Cancer Institute,4096,"Drift-corrected micrographs of the uncleaved full-length HIV-1 envelope glycoprotein trimer (300 kV),The classified particle stacks of the full-length HIV-1 envelope precursor in the P2 class,Drift-corrected micrographs of the uncleaved full-length HIV-1 envelope glycoprotein trimer (200 kV)",,"picked particles - single frame - processed,micrographs - single frame"
EMPIAR-10770,Cryo-EM reveals the stochastic nature of individual ATP binding events  in a group II chaperonin,EMDB,REL,2021-07-19T00:00:00Z,2022-01-21T00:00:00Z,"Zhao Y, Schmid MF, Frydman J, Chiu W",CryoEM reveals the stochastic nature of individual ATP binding events in a group II chaperonin,10.1038/s41467-021-25099-0,34362932,"EMD-24325,EMD-24328,EMD-24329,EMD-24326,EMD-24331,EMD-24324,EMD-24327,EMD-24363,EMD-24330",Stanford University,48.4,aligned particle image,,picked particles - single frame - processed
EMPIAR-10841,Raw movies and final particle stack for a dataset of bL17-limited E. coli ribosome assembly intermediates.,EMDB,REL,2021-10-20T00:00:00Z,2022-01-12T00:00:00Z,"Rabuck-Gibbons JN, Lyumkis D, Williamson JR",Quantitative Mining of Compositional Heterogeneity in Cryo-EM Datasets of Ribosome Assembly Intermediates,"10.1101/2021.06.23.449614,10.1016/j.str.2021.12.005",,"EMD-24492,EMD-24517,EMD-24669,EMD-24491,EMD-24568,EMD-24627,EMD-24671,EMD-24515,EMD-24520,EMD-24658,EMD-24550,EMD-24559,EMD-24565,EMD-24661,EMD-24562,EMD-24633,EMD-24521,EMD-24573,EMD-24510,EMD-24527,EMD-24555,EMD-24543,EMD-24538,EMD-24567,EMD-24546,EMD-24561,EMD-24631,EMD-24574,EMD-24558,EMD-24659,EMD-24673,EMD-24499,EMD-24634,EMD-24539,EMD-24626,EMD-24509,EMD-24564,EMD-24571,EMD-24660,EMD-24563,EMD-24508,EMD-24662","The Scripps Research Institute,The Salk Institute for Biological Studies",1331.2,"Particle stack file of L17-depleted ribosomal subunits used for 3D classification,Movies of L17-depleted ribosomal subunits used for 3D classification",,"micrographs - multiframe,picked particles - single frame - processed"
EMPIAR-10792,Structural mechanism of GTPase-powered ribosome-tRNA movement,EMDB,REL,2021-08-23T00:00:00Z,2021-11-10T00:00:00Z,"Petrychenko V, Peng BZ, de A P Schwarzer AC, Peske F, Rodnina MV, Fischer N",Structural mechanism of GTPase-powered ribosome-tRNA movement,10.1038/s41467-021-26133-x,34635670,"EMD-13460,EMD-13464,EMD-13458,EMD-13463,EMD-13459,EMD-13461,EMD-13462,EMD-13465","Department of Physical Biochemistry\, Max Planck Institute for Biophysical Chemistry,Department of Structural Dynamics\, Max Planck Institute for Biophysical Chemistry",987.5,"Shiny particles of rotated ribosome particles\, obtained by Bayesian polishing in Relion 3.1,Shiny particles of non-rotated ribosome particles (C state)\, obtained by Bayesian polishing in Relion 3.1,Motion-corrected\, dose-weighted micrographs",,"picked particles - single frame - processed,micrographs - single frame"
EMPIAR-10783,Multi-modal adaptor-clathrin contacts drive coated vesicle assembly,EMDB,REL,2021-07-26T00:00:00Z,2021-11-09T00:00:00Z,"Smith SM, Larocque G, Wood KM, Morris KL, Roseman AM, Sessions RB, Royle SJ, Smith CJ",Multi-modal adaptor-clathrin contacts drive coated vesicle assembly,"10.1101/2021.05.22.445240,10.15252/embj.2021108795",34487371,EMD-12984,"School of Life Sciences\, University of Warwick.,Centre for Mechanochemical Cell Biology\, Warwick Medical School\, University of Warwick,School of Life Sciences\, University of Warwick",25,"Hub subparticles of the 28 mini coat\, class 15",,picked particles - single frame - processed
EMPIAR-10328,Hedgehog receptor Patched (PTCH1) in complex with a conformation selective nanobody TI23,EMDB,REL,2019-10-01T00:00:00Z,2021-11-08T00:00:00Z,"Zhang Y, Lu WJ, Bulkley DP, Liang J, Ralko A, Han S, Roberts KJ, Li A, Cho W, Cheng Y, Manglik A, Beachy PA",Hedgehog pathway activation through nanobody-mediated conformational blockade of the Patched sterol conduit,10.1073/pnas.2011560117,33139559,EMD-22689,Stanford University,75.2,Particle stack of Hedgehog receptor PTCH1 in complex with nanobody TI23 for final reconstruction,,picked particles - multiframe - processed
EMPIAR-10437,Single-particle cryo-EM of the full-length merozoite surface protein 1 from Plasmodium falciparum,EMDB,REL,2020-06-08T00:00:00Z,2021-11-08T00:00:00Z,"Dijkman PM, Marzluf T, Zhang Y, Chang SYS, Helm D, Lanzer M, Bujard H, Kudryashev M",Structure of the merozoite surface protein 1 from Plasmodium falciparum,10.1126/sciadv.abg0465,34078606,"EMD-11156,EMD-11151,EMD-11155,EMD-11152,EMD-11154,EMD-11153,EMD-11150,EMD-11157",Max Planck Institute of Biophysics,34816,"Final particle stack for MSP-1 alternative conformation 1,Unaligned movies of hdMSP-1 (dataset 1),Final particle stack for hdMSP-1 conformation 1,Final particle stack for MSP-1 main conformation,Final particle stack for MSP-1 alternative conformation 2,Final particle stack for MSP-1 alternative conformation 4,Final particle stack for MSP-1 alternative conformation 3,Unaligned movies of hdMSP-1 (dataset 3),Final particle stack for MSP-1 alternative conformation 5,Unaligned movies of hdMSP-1 (dataset 4),Unaligned movies of MSP-1,Unaligned movies of hdMSP-1 (dataset 2),Final particle stack for hdMSP-1 conformation 2",,"micrographs - multiframe,picked particles - single frame - processed"
EMPIAR-10784,Multi-modal adaptor-clathrin contacts drive coated vesicle assembly,EMDB,REL,2021-07-28T00:00:00Z,2021-10-19T00:00:00Z,"Smith SM, Larocque G, Wood KM, Morris KL, Roseman AM, Sessions RB, Royle SJ, Smith CJ",Multi-modal adaptor-clathrin contacts drive coated vesicle assembly,"10.1101/2021.05.22.445240,10.15252/embj.2021108795",34487371,EMD-12980,"School of Life Sciences\, University of Warwick.,Centre for Mechanochemical Cell Biology\, Warwick Medical School\, University of Warwick,School of Life Sciences\, University of Warwick",1.9,"Hexagonal face subparticles of the 28 mini coat\, class 18",,picked particles - single frame - processed
EMPIAR-10752,Single particle cryo EM Data of a human Akirin2 proteasome complex,EMDB,REL,2021-07-04T00:00:00Z,2021-10-01T00:00:00Z,"de Almeida M, Hinterndorfer M, Brunner H, Grishkovskaya I, Singh K, Schleiffer A, Jude J, Deswal S, Kalis R, Vunjak M, Lendl T, Imre R, Roitinger E, Neumann T, Kandolf S, Schutzbier M, Mechtler K, Versteeg GA, Haselbach D, Zuber J",AKIRIN2 controls the nuclear import of proteasomes in vertebrates,10.1038/s41586-021-04035-8,34711951,EMD-12341,IMP - Research Institute of Molecular Pathology,2048,"Motion corrected files dose weighted and summed as well as without dose weigthening,Extracted particles of an Akirin2 bound proteasome,Unaligned Multiframe micrographs of Akirin2 bound to the human proteasome",,"micrographs - multiframe,picked particles - single frame - processed,micrographs - single frame"
EMPIAR-10779,Multi-modal adaptor-clathrin contacts drive coated vesicle assembly,EMDB,REL,2021-07-14T00:00:00Z,2021-09-01T00:00:00Z,"Smith SM, Larocque G, Wood KM, Morris KL, Roseman AM, Sessions RB, Royle SJ, Smith CJ",Multi-modal adaptor-clathrin contacts drive coated vesicle assembly,"10.1101/2021.05.22.445240,10.15252/embj.2021108795",34487371,"EMD-12981,EMD-12983","School of Life Sciences\, University of Warwick.,Centre for Mechanochemical Cell Biology\, Warwick Medical School\, University of Warwick,School of Life Sciences\, University of Warwick",13,"Dose-weighted particle images of whole cage\, clathrin 28 mini coat",,picked particles - single frame - processed
EMPIAR-10675,The Myosin II Coiled Coil Domain Atomic Structure in its Native Environment,EMDB,REL,2019-11-04T00:00:00Z,2021-07-29T00:00:00Z,"Rahmani H, Ma W, Hu Z, Daneshparvar N, Taylor DW, McCammon JA, Irving TC, Edwards RJ, Taylor KA",The myosin II coiled-coil domain atomic structure in its native environment,10.1073/pnas.2024151118,33782130,EMD-22975,Florida State University,19251.2,"Particle Stack,Frame Stacks 3/3,Frame Stacks 1/3,Micrographs: frame-aligned and dose-weighted,Frame Stacks 2/3,Micrographs before frames alignment",,"micrographs - multiframe,micrographs - single frame,picked particles - single frame - unprocessed"
EMPIAR-10727,Locating Macromolecular Assemblies in Cells by 2D Template Matching with cisTEM,EMDB,REL,2021-04-04T00:00:00Z,2021-07-07T00:00:00Z,"Lucas BA, Himes BA, Xue L, Grant T, Mahamid J, Grigorieff N",Locating macromolecular assemblies in cells by 2D template matching with cisTEM,10.7554/elife.68946,34114559,"EMD-23771,EMD-23772",University of Massachusetts Medical School,11,"Exposure-weighted micrographs of M. pneumoniae,Particle stack and cisTEM star file for 50S ribosomal subunits identified in the associated 220 images using the M. pneumoniae 50S template,Particle stack and cisTEM star file for 50S ribosomal subunits identified in the associated 220 images using the B. subtilis 50S template",,"picked particles - single frame - unprocessed,picked particles - single frame - processed,micrographs - single frame"
EMPIAR-10703,Distinct mechanisms of the human mitoribosome recycling and antibiotic resistance,EMDB,REL,2021-04-30T00:00:00Z,2021-06-04T00:00:00Z,"Koripella RK, Deep A, Agrawal EK, Keshavan P, Banavali NK, Agrawal RK",Distinct mechanisms of the human mitoribosome recycling and antibiotic resistance,10.1038/s41467-021-23726-4,34127662,"EMD-23096,EMD-23114,EMD-23121","Wadsworth Center\, NYSDOH",2355.2,Aligned single-frame particles of human mitochondrial 55S-EF-Gmt complex,,picked particles - single frame - processed
EMPIAR-10722,Cryo-EM structure of human rod CNGA1 channel in apo-state,EMDB,REL,2021-05-19T00:00:00Z,2021-06-04T00:00:00Z,"Xue J, Han Y, Zeng W, Wang Y, Jiang Y",Structural mechanisms of gating and selectivity of human rod CNGA1 channel,10.1016/j.neuron.2021.02.007,33651975,EMD-23306,"Department of Physiology\, University of Texas Southwestern Medical Center",84.9,Final particle stack of the CNGA1 channel in apo state,,picked particles - multiframe - processed
EMPIAR-10421,Single-Particle CryoEM of Human Apoferritin Light Chain Vitrified Using Back-it-up,EMDB,REL,2020-05-13T00:00:00Z,2021-05-17T00:00:00Z,"Tan YZ, Rubinstein JL",Through-grid wicking enables high-speed cryoEM specimen preparation,"10.1101/2020.05.03.075366,10.1107/s2059798320012474",33135680,EMD-21951,The Hospital for Sick Children,2150.4,"Unaligned Falcon IV movie frames,Final Particle Stack with Final Euler Angles and Shifts,Aligned Dose-Weighted Micrographs",,"micrographs - multiframe,picked particles - multiframe - processed,micrographs - single frame"
EMPIAR-10687,"Yeast C, Ci, C*, and P complex spliceosomes",EMDB,REL,2021-02-21T00:00:00Z,2021-05-10T00:00:00Z,"Wilkinson ME, Fica SM, Galej WP, Nagai K",Structural basis for conformational equilibrium of the catalytic spliceosome,10.1016/j.molcel.2021.02.021,33705709,"EMD-4055,EMD-12108,EMD-3542,EMD-4056,EMD-3539,EMD-12115,EMD-12111,EMD-12106,EMD-12109,EMD-12112,EMD-4059,EMD-12110,EMD-4057,EMD-4058,EMD-12117,EMD-3541,EMD-12114,EMD-12118,EMD-12116,EMD-12113,EMD-12107",MRC Laboratory of Molecular Biology,9113.6,"Selected C-complex particles after polishing,Unaligned movies of C-complex spliceosome with 3' splice site AG to AC mutation (Dataset 1),Unaligned movies of C and C*-complex spliceosomes with 3' splice site AG to AdG mutation (Dataset 2),Unaligned movies of C-complex spliceosomes with cold-sensitive prp16-302 mutation\, purified with Cwc25 and incubated with ATP and Mg (Dataset 5),Unaligned movies of C and C*-complex spliceosomes with 3' splice site AG to AdG mutation (Dataset 3),Unaligned movies of P-complex spliceosomes with dominant-negative Prp22 mutation K512A\, treated with anti-3'exon RNaseH oligo\, purified in presence of Mg (Dataset 9),Unaligned movies of C\, C*\, and P-complex spliceosomes with dominant-negative Prp22 mutation K512A\, purified with Slu7 (Dataset 6),Aligned movies of C-complex spliceosomes with cold-sensitive prp16-302 mutation\, purified with Cwc25 (Dataset 4),Selected P-complex particles after polishing,Various signal subtractions for C- and P-complex spliceosomes",,"micrographs - multiframe,picked particles - single frame - processed,micrographs - single frame"
EMPIAR-10697,Cryo-EM structures of human RNA Polymerase III,EMDB,REL,2020-10-21T00:00:00Z,2021-05-07T00:00:00Z,"Girbig M, Misiaszek AD, Vorländer MK, Lafita A, Grötsch H, Baudin F, Bateman A, Müller CW",Cryo-EM structures of human RNA polymerase III in its unbound and transcribing states,10.1038/s41594-020-00555-5,33558764,"EMD-11737,EMD-11740,EMD-11738,EMD-11739,EMD-11673,EMD-11742,EMD-11736,EMD-11741",European Molecular Biology Laboratory (EMBL),3379.2,"LZW-TIFF compressed multiframe micrographs of human RNA Pol III EC,Initially picked particles of human RNA Pol III apo,Polished particles of human RNA Pol III apo (final reconstruction),Polished particles of human RNA Pol III EC (final reconstruction),Initially picked particles of human RNA Pol III EC,LZW-TIFF compressed multiframe micrographs of human RNA Pol III apo",,"micrographs - multiframe,picked particles - single frame - processed"
EMPIAR-10341,Multiple Genomic RNA-Coat Protein Contacts Play Vital Roles in the Assembly of Infectious Enterovirus-E,EMDB,REL,2019-11-20T00:00:00Z,2021-03-29T00:00:00Z,"Chandler-Bostock R, Mata CP, Bingham RJ, Dykeman EC, Meng B, Tuthill TJ, Rowlands DJ, Ranson NA, Twarock R, Stockley PG","Assembly of infectious enteroviruses depends on multiple\, conserved genomic RNA-coat protein contacts",10.1371/journal.ppat.1009146,33370422,EMD-10504,"Departments of Mathematics and Biology and York Centre for Complex Systems Analysis\, University of York,Astbury Centre for Structural Molecular Biology\, School of Molecular and Cellular Biology\, Faculty of Biological Sciences\, University of Leeds,Astbury Centre for Structural Molecular Biology\, School of Molecular and Cellular Biology\, Faculty of Biological Sciences",635.4,"Polished particles of BEV1,Motion corrected micrographs of BEV1",,"picked particles - single frame - processed,micrographs - single frame"
EMPIAR-10659,"GluK2/K5 with 6-Cyano-7-nitroquinoxaline-2,3-dione (CNQX)",EMDB,REL,2021-03-03T00:00:00Z,2021-03-26T00:00:00Z,"Khanra N, Brown PM, Perozzo AM, Bowie D, Meyerson J",Architecture and structural dynamics of the heteromeric GluK2/K5 kainate receptor,10.7554/elife.66097,33724189,EMD-23014,Weill Cornell Medical College,6041.6,"GluK2/K5 with 6-Cyano-7-nitroquinoxaline-2\,3-dione (CNQX)",,"micrographs - multiframe,picked particles - single frame - processed"
EMPIAR-10660,GluK2/K5 with L-Glu,EMDB,REL,2021-03-03T00:00:00Z,2021-03-26T00:00:00Z,"Khanra N, Brown PM, Perozzo AM, Bowie D, Meyerson J",Architecture and structural dynamics of the heteromeric GluK2/K5 kainate receptor,10.7554/elife.66097,33724189,EMD-23015,Weill Cornell Medical College,3481.6,GluK2/K5 with L-Glu,,"micrographs - multiframe,picked particles - single frame - processed"
EMPIAR-10640,Cryo-EM of Multiple System Atrophy seeded assembly of alpha-synuclein filaments,EMDB,REL,2021-02-11T00:00:00Z,2021-03-05T00:00:00Z,"Lövestam S, Schweighauser M, Matsubara T, Murayama S, Tomita T, Ando T, Hasegawa K, Yoshida M, Tarutani A, Hasegawa M, Goedert M, Scheres S",Seeded assembly in vitro does not replicate the structures of α-synuclein filaments from multiple system atrophy,10.1002/2211-5463.13110,33548114,"EMD-12267,EMD-12266,EMD-12264,EMD-12268,EMD-12265,EMD-12269",MRC LMB Cambridge,1126.4,"Type 1B particles after Bayesian polishing,Type 2AB particles after Bayesian polishing,Unaligned movies of alpha-synuclein filament seeded in vitro by filaments purified from Multiple Systems Atrophy Case 5,Unaligned movies of alpha-synuclein filament seeded in vitro by filaments purified from Multiple Systems Atrophy Case 1,Type 2B particles after Bayesian polishing,Type 3 particles after Bayesian polishing,Type 1A particles after Bayesian polishing,Unaligned movies of alpha-synuclein filament seeded in vitro by filaments purified from Multiple Systems Atrophy Case 2,Type 2A particles after Bayesian polishing",,"micrographs - multiframe,picked particles - single frame - processed"
EMPIAR-10465,Single-particle cryo-EM dataset of the complex between a nucleosome and the regulatory linker of ALC1,EMDB,REL,2020-06-26T00:00:00Z,2021-01-29T00:00:00Z,"Lehman LC, Bacic L, Hewitt G, Brackmann K, Sabantsev A, Gaullier G, Pytharopoulou S, Degliesposti G, Okkenhaug H, Tan S, Costa A, Skehel JM, Boulton SJ, Deindl S",Mechanistic Insights into Regulation of the ALC1 Remodeler by the Nucleosome Acidic Patch,10.1016/j.celrep.2020.108529,33357431,"EMD-11220,EMD-11221",Uppsala University,6963.2,"Unaligned movies of the nucleosome - ALC1-linker complex - session_2_grid_2,Unaligned movies of the nucleosome - ALC1-linker complex - session_1_disk_3,Particles of the hexasome class,Particles of the high-resolution nucleosome class,Unaligned movies of the nucleosome - ALC1-linker complex - session_1_disk_2,Unaligned movies of the nucleosome - ALC1-linker complex - session_1_disk_1,Unaligned movies of the nucleosome - ALC1-linker complex - session_2_grid_1",,"micrographs - multiframe,picked particles - multiframe - processed"
EMPIAR-10536,Single particle cryo-EM dataset for MlaFEDB from E. coli in nanodisc,EMDB,REL,2020-06-10T00:00:00Z,2020-12-09T00:00:00Z,"Coudray N, Isom GL, MacRae M, Saiduddin MN, Bhabha G, Ekiert DC",Structure of bacterial phospholipid transporter MlaFEDB with substrate bound,10.7554/elife.62518,33236984,EMD-22116,NYU,5324.8,"Polished particles (using Relion 3.1),Unaligned multi-frame micrographs of MlaFEDB complex",,"micrographs - multiframe,picked particles - single frame - processed"
EMPIAR-10407,Motion-corrected micrographs and extracted particle images of the 70S ribosome from the human pathogen Acinetobacter baumannii in complex with tigecycline,EMDB,REL,2020-05-07T00:00:00Z,2020-11-24T00:00:00Z,"Nicholson D, Edwards TA, O'Neill AJ, Ranson NA",Structure of the 70S Ribosome from the Human Pathogen Acinetobacter baumannii in Complex with Clinically Relevant Antibiotics,10.1016/j.str.2020.08.004,32857965,"EMD-10915,EMD-10914,EMD-10898","Astbury Centre for Structural Molecular Biology\, School of Molecular and Cellular Biology\, Faculty of Biological Sciences\, University of Leeds",538.5,"Motion-corrected micrographs of the 70S ribosome from the human pathogen Acinetobacter baumannii in complex with tigecycline,Extracted particle images of the 70S ribosome from the human pathogen Acinetobacter baumannii in complex with tigecycline",,"picked particles - multiframe - processed,micrographs - single frame"
EMPIAR-10406,Motion-corrected micrographs and extracted particle images of the 70S ribosome from the human pathogen Acinetobacter baumannii in complex with amikacin,EMDB,REL,2020-05-05T00:00:00Z,2020-11-24T00:00:00Z,"Nicholson D, Edwards TA, O'Neill AJ, Ranson NA",Structure of the 70S Ribosome from the Human Pathogen Acinetobacter baumannii in Complex with Clinically Relevant Antibiotics,10.1016/j.str.2020.08.004,32857965,"EMD-10892,EMD-10809,EMD-10869","Astbury Centre for Structural Molecular Biology\, School of Molecular and Cellular Biology\, Faculty of Biological Sciences\, University of Leeds",177.7,"Motion-corrected micrographs of the 70S ribosome from the human pathogen Acinetobacter baumannii in complex with amikacin,Extracted particle images of the 70S ribosome from the human pathogen Acinetobacter baumannii in complex with amikacin",,"picked particles - multiframe - processed,micrographs - single frame"
EMPIAR-10358,CryoEM dataset of sarkosyl-insoluble fractions from the putamen of multiple system atrophy brain of case 2,EMDB,REL,2020-02-07T00:00:00Z,2020-11-18T00:00:00Z,"Schweighauser M, Shi Y, Tarutani A, Kametani F, Murzin AG, Ghetti B, Matsubara T, Tomita T, Ando T, Hasegawa K, Murayama S, Yoshida M, Hasegawa M, Scheres SHW, Goedert M",Structures of α-synuclein filaments from multiple system atrophy,10.1038/s41586-020-2317-6,32461689,"EMD-10651,EMD-10652",MRC-LMB,1126.4,"Dose-weighted aligned micrographs,Unaligned multi-frame movies,Polished particle stacks",,"micrographs - multiframe,picked particles - single frame - processed,micrographs - single frame"
EMPIAR-10532,Single-Particle CryoEM of Influenza Hemagglutinin (HA) Trimer Vitrified Using Back-it-up,EMDB,REL,2020-05-14T00:00:00Z,2020-11-11T00:00:00Z,"Tan YZ, Rubinstein JL",Through-grid wicking enables high-speed cryoEM specimen preparation,10.1107/s2059798320012474,33135680,EMD-21954,The Hospital for Sick Children,1228.8,"Unaligned Falcon IV movies,Final Refined Particles with Euler Angles and Shifts,Aligned micrographs",,"micrographs - multiframe,picked particles - single frame - processed,micrographs - single frame"
EMPIAR-10336,Structure of two nucleosomes bridged by human PARP2,EMDB,REL,2019-11-11T00:00:00Z,2020-10-09T00:00:00Z,"Gaullier G, Roberts G, Muthurajan UM, Bowerman S, Rudolph J, Mahadevan J, Jha A, Rae PS, Luger K",Bridging of nucleosome-proximal DNA double-strand breaks by PARP2 enhances its interaction with HPF1,10.1371/journal.pone.0240932,33141820,EMD-20864,"Department of Chemistry and Biochemistry\, University of Colorado\, Boulder,University of Colorado Boulder",677.3,"Unaligned multi-frame micrographs of the PARP2-nucleosome complex,Single-particle images of the PARP2-nucleosome complex",,"micrographs - multiframe,picked particles - single frame - unprocessed"
EMPIAR-10128,"A ""drug sweeping"" state of the TriABC triclosan efflux pump from Pseudomonas aeruginosa",EMDB,REL,2017-12-01T00:00:00Z,2020-09-25T00:00:00Z,"Fabre L, Ntreh AT, Yazidi A, Leus IV, Weeks JW, Bhattacharyya S, Ruickoldt J, Rouiller I, Zgurskaya HI, Sygusch J","A ""Drug Sweeping"" State of the TriABC Triclosan Efflux Pump from Pseudomonas aeruginosa",10.1016/j.str.2020.09.001,32966762,"EMD-21363,EMD-21361,EMD-21362","Bio21 Molecular Science and Biotechnology Institute\, The University of Melbourne,University of Montreal\, Department of Biochemistry and Molecular Medicine\, Medicine,University of Oklahoma\, Department of Chemistry and Biochemistry",238.7,"Relion repertory of the final refinement with a symmetry C3,Single particles stacks with polished particles,Unaligned multi-frame micrographs,Relion repertory of the final refinement with no symmetry",,"picked particles - single frame - processed,micrographs - multiframe,picked particles - multiframe - processed"
EMPIAR-10482,ISWI-NCP complex in the ADPBeF-bound state,EMDB,REL,2020-08-03T00:00:00Z,2020-09-03T00:00:00Z,"Yan L, Wu H, Li X, Gao N, Chen Z",Structures of the ISWI-nucleosome complex reveal a conserved mechanism of chromatin remodeling,10.1038/s41594-019-0199-9,30872815,EMD-9718,Tsinghua University,41.7,The ISWI-NCP complex in the ADPBeF-bound state,,picked particles - multiframe - processed
EMPIAR-10398,CryoEM reconstruction of ESCRT-III filament composed of IST1 NTD R16E K27E double mutant,EMDB,REL,2020-04-17T00:00:00Z,2020-09-02T00:00:00Z,"Nguyen HC, Talledge N, McCullough J, Sharma A, Moss FR, Iwasa JH, Vershinin MD, Sundquist WI, Frost A",Membrane constriction and thinning by sequential ESCRT-III polymerization,10.1038/s41594-020-0404-x,32251413,EMD-20591,"Univeristy of California\, San Fancisco",1.7,CryoEM data of ESCRT-III filament composed of IST1 NTD R16E K27E double mutant,,picked particles - single frame - processed
EMPIAR-10483,ISWI-NCP complex in the ADP-bound state,EMDB,REL,2020-08-03T00:00:00Z,2020-09-02T00:00:00Z,"Yan L, Wu H, Li X, Gao N, Chen Z",Structures of the ISWI-nucleosome complex reveal a conserved mechanism of chromatin remodeling,10.1038/s41594-019-0199-9,30872815,EMD-0720,Tsinghua University,36.2,The ISWI-NCP complex in the ADP-bound state,,picked particles - multiframe - processed
EMPIAR-10347,FAK structure from single particle analysis of 2D crystals,EMDB,REL,2020-01-16T00:00:00Z,2020-08-25T00:00:00Z,"Acebrón I, Righetto RD, Schoenherr C, de Buhr S, Redondo P, Culley J, Rodríguez CF, Daday C, Biyani N, Llorca O, Byron A, Chami M, Gräter F, Boskovic J, Frame MC, Stahlberg H, Lietha D",Structural basis of Focal Adhesion Kinase activation on lipid membranes,10.15252/embj.2020104743,32779739,"EMD-10615,EMD-10616","Structural and Chemical Biology\, Biological Research Center (CIB-CSIC),Center for Cellular Imaging and NanoAnalytics\, Biozentrum\, University of Basel",1843.2,"Stack of particles extracted from the FAK APO Titan and Polara datasets,Unaligned movies of the FAK AMP-PNP dataset,Unaligned movies of the FAK APO Titan dataset,Dose-weighted aligned movie averages of the FAK APO Titan dataset,Dose-weighted aligned movie averages of the FAK APO Polara dataset,Stack of particles extracted from the FAK AMP-PNP dataset,Dose-weighted aligned movie averages of the FAK AMP-PNP dataset",,"micrographs - multiframe,micrographs - single frame,picked particles - single frame - unprocessed"
EMPIAR-10481,Structures of the human mitochondrial ribosome bound to EF-G1 reveal distinct features of mitochondrial translation elongation,EMDB,REL,2020-07-02T00:00:00Z,2020-08-25T00:00:00Z,"Koripella RK, Sharma MR, Agrawal RK",Structures of the human mitochondrial ribosome bound to EF-G1 reveal distinct features of mitochondrial translation elongation,10.1038/s41467-020-17715-2,32737313,"EMD-21242,EMD-21233,EMD-22212","Wadsworth Center\, NYSDOH",753.5,Aligned single-frame particles of human mitochondrial 55S-EF-Gmt complex,,picked particles - single frame - processed
EMPIAR-10395,Helical Reconstruction of a left-handed and membrnae-bound ESCRT-III copolymer comprised of human CHMP1B and IST1,EMDB,REL,2020-04-14T00:00:00Z,2020-08-17T00:00:00Z,"Nguyen HC, Talledge N, McCullough J, Sharma A, Moss FR, Iwasa JH, Vershinin MD, Sundquist WI, Frost A",Membrane constriction and thinning by sequential ESCRT-III polymerization,10.1038/s41594-020-0404-x,32251413,EMD-20589,"Department of Biochemistry and Biophysics\, University of California\, San Francisco,UCSF",26.8,copolymer_LH_job1415.mrcs,,picked particles - multiframe - processed
EMPIAR-10357,CryoEM dataset of sarkosyl-insoluble fractions from the putamen of multiple system atrophy brain of case 1,EMDB,REL,2020-02-03T00:00:00Z,2020-08-17T00:00:00Z,"Schweighauser M, Shi Y, Tarutani A, Kametani F, Murzin AG, Ghetti B, Matsubara T, Tomita T, Ando T, Hasegawa K, Murayama S, Yoshida M, Hasegawa M, Scheres SHW, Goedert M",Structures of α-synuclein filaments from multiple system atrophy,10.1038/s41586-020-2317-6,32461689,EMD-10650,MRC-LMB,3276.8,"Dose-weighted aligned micrographs,Unaligned multi-frame movies,Polished particle stacks",,"micrographs - multiframe,picked particles - single frame - processed,micrographs - single frame"
EMPIAR-10315,"Cryo electron microscopy of RyR1 in the presence and abscence of Ca, Caffeine and ATP ligands",EMDB,REL,2019-07-19T00:00:00Z,2020-07-30T00:00:00Z,"Dashti A, Mashayekhi G, Shekhar M, Ben Hail D, Salah S, Schwander P, des Georges A, Singharoy A, Frank J, Ourmazd A",Retrieving functional pathways of biomolecules from single-particle snapshots,10.1038/s41467-020-18403-x,32948759,EMD-20486,"Physics Department\, University of Wisconsin Milwaukee",334.2,Aligned stacks of images for both -/+ Ligand RyR1 datasets,,picked particles - single frame - processed
EMPIAR-10420,"Single-Particle Cryo-EM of Arabinosyltransferase EmbB from Mycobacterium smegmatis, Collected using both Falcon III and K2 Detectors",EMDB,REL,2020-05-14T00:00:00Z,2020-07-30T00:00:00Z,"Tan YZ, Rodrigues J, Keener JE, Zheng RB, Brunton R, Kloss B, Giacometti SI, Rosário AL, Zhang L, Niederweis M, Clarke OB, Lowary TL, Marty MT, Archer M, Potter CS, Carragher B, Mancia F, Tan YZ, Rodrigues J, Keener JE, Zheng RB, Brunton R, Kloss B, Giacometti SI, Rosário AL, Zhang L, Niederweis M, Clarke OB, Lowary TL, Marty MT, Archer M, Potter CS, Carragher B, Mancia F",Cryo-EM structure of arabinosyltransferase EmbB from Mycobacterium smegmatis,10.1038/s41467-020-17202-8,32636380,EMD-21983,"Department of Physiology and Cellular Biophysics\, Columbia University,New York Structural Biology Center/Columbia University",4608,"Aligned and dose-weighted micrographs from Falcon III Detector,Unaligned and compressed multiframe movies from Falcon III Detector,Aligned and dose-weighted micrographs from K2 Summit Detector,Final Particle Stack with Refined Euler Angles and Shifts,Unaligned and compressed multiframe movies from K2 Summit Detector",,"micrographs - multiframe,picked particles - single frame - processed,micrographs - single frame"
EMPIAR-10342,Cryo-EM structure of the formoterol-bound turkey beta1 adrenoceptor coupled to beta-arrestin-1 with bound Fab30 in lipid nanodisc,EMDB,REL,2019-11-29T00:00:00Z,2020-07-28T00:00:00Z,"Lee Y, Warne T, Nehmé R, Pandey S, Dwivedi-Agnihotri H, Chaturvedi M, Edwards PC, García-Nafría J, Leslie AGW, Shukla AK, Tate CG",Molecular basis of β-arrestin coupling to formoterol-bound β1-adrenoceptor,10.1038/s41586-020-2419-1,32555462,EMD-10515,MRC Laboratory of Molecular Biology,4096,"Nanodisc subtracted particles,Unaligned multi-frame micrographs,Nanodisc-reinstated particles",,"micrographs - multiframe,picked particles - multiframe - processed,picked particles - multiframe - unprocessed"
EMPIAR-10470,Saccharomyces cerevisiae fatty acid synthase complex,EMDB,REL,2020-06-30T00:00:00Z,2020-07-27T00:00:00Z,"Singh K, Graf B, Linden A, Sautner V, Urlaub H, Tittmann K, Stark H, Chari A",Discovery of a Regulatory Subunit of the Yeast Fatty Acid Synthase,10.1016/j.cell.2020.02.034,32160528,EMD-4578,Max Planck Institute for Biophysical Chemistry,391.7,"Aligned and doseweighted micrographs of yeast fatty acid synthase,final_particle_stack",,"picked particles - single frame - unprocessed,micrographs - single frame"
EMPIAR-10454,Saccharomyces cerevisiae fatty acid synthase complex with bound gamma subunit,EMDB,REL,2020-05-22T00:00:00Z,2020-07-27T00:00:00Z,"Singh K, Graf B, Linden A, Sautner V, Urlaub H, Tittmann K, Stark H, Chari A",Discovery of a Regulatory Subunit of the Yeast Fatty Acid Synthase,10.1016/j.cell.2020.02.034,32160528,EMD-4577,Max Planck Institute for Biophysical Chemistry,329.3,"Aligned and doseweighted  micrographs of yeast fatty acid synthase with bound gamma subunit,Stack of Polished particles (in relion) used for final reconstruction",,"picked particles - single frame - processed,micrographs - single frame"
EMPIAR-10374,CryoEM reconstruction of human ABCG2 transporter with inhibitor MZ29 and 5D3-Fab,EMDB,REL,2020-02-12T00:00:00Z,2020-07-15T00:00:00Z,"Jackson SM, Manolaridis I, Kowal J, Zechner M, Taylor NMI, Bause M, Bauer S, Bartholomaeus R, Bernhardt G, Koenig B, Buschauer A, Stahlberg H, Altmann KH, Locher KP",Structural basis of small-molecule inhibition of human multidrug transporter ABCG2,10.1038/s41594-018-0049-1,29610494,EMD-3953,ETH Zurich,5734.4,"Unaligned super-resolution multi-frame micrographs of MZ-29 inhibitor bound ABCG2-Fab.,Extracted particles and corresponding star file",,"micrographs - multiframe,picked particles - single frame - processed"
EMPIAR-10455,Single particle cryo-EM dataset of human adenovirus HAdV-D26,EMDB,REL,2020-06-26T00:00:00Z,2020-07-06T00:00:00Z,"Abrishami V, Ilca SL, Gomez-Blanco J, Rissanen I, De la Rosa-Trevín JM, Reddy VS, Carazo JM, Huiskonen JT",Localized reconstruction in Scipion expedites the analysis of symmetry mismatches in cryo-EM data,"10.1016/j.pbiomolbio.2020.05.004,10.1126/sciadv.1602670","32470354,28508067","EMD-11013,EMD-11012,EMD-11008,EMD-11010,EMD-11009,EMD-11011","Helsinki Institute of Life Science HiLIFE\, University of Helsinki",46.5,Particle stacks of human adenovirus HAdV-D26,,picked particles - single frame - processed
EMPIAR-10380,Single particle cryo electron microscopy of the human serotonin transporter bound with paroxetine and in complex with 8B6 Fab,EMDB,REL,2020-02-10T00:00:00Z,2020-07-01T00:00:00Z,"Coleman JA, Navratna V, Antermite D, Yang D, Bull JA, Gouaux E",Chemical and structural investigation of the paroxetine-human serotonin transporter complex,10.7554/elife.56427,32618269,EMD-21368,"Vollum Institute\, Oregon Health & Science University",2764.8,"Particle stack of the SERT-8B6 paroxetine Fab complex bound to paroxetine,Dataset 1 unaligned multi-frame micrographs of SERT-8B6 Fab complex bound to paroxetine,Aligned micrographs of the SERT-8B6 paroxetine Fab complex bound to paroxetine,Dataset 2 unaligned multi-frame micrographs of SERT-8B6 Fab complex bound to paroxetine",,"micrographs - multiframe,picked particles - multiframe - unprocessed,micrographs - single frame"
EMPIAR-10278,Cryo-EM structure of TMEM16F in digitonin with calcium bound,EMDB,REL,2019-05-27T00:00:00Z,2020-06-30T00:00:00Z,"Feng S, Dang S, Han TW, Ye W, Jin P, Cheng T, Li J, Jan YN, Jan LY, Cheng Y",Cryo-EM Studies of TMEM16F Calcium-Activated Ion Channel Suggest Features Important for Lipid Scrambling,10.1016/j.celrep.2019.06.023,31291589,EMD-20244,"Department of Biochemistry and Biophysics\, University of California San Francisco",308.8,Automated picked particle stack of TMEM16F in digitonin with calcium bound,,picked particles - single frame - processed
EMPIAR-10350,Single particle cryo-EM dataset for LetB from E.coli,EMDB,REL,2020-01-29T00:00:00Z,2020-05-29T00:00:00Z,"Isom GL, Coudray N, MacRae MR, McManus CT, Ekiert DC, Bhabha G",LetB Structure Reveals a Tunnel for Lipid Transport across the Bacterial Envelope,10.1016/j.cell.2020.03.030,32359438,"EMD-20994,EMD-20998,EMD-20997,EMD-20993,EMD-20996,EMD-20995,EMD-21000,EMD-20999",NYU,928.6,"Particle stacks for Model 8 (EMD-21000),Particle stacks for Model 3 (EMD-20995),Particle stacks for Model 2 (EMD-20994),Particle stacks for Model 6 (EMD-20998),Particle stacks for Model 5 (EMD-20997),Particle stacks for Model 7 (EMD-20999),Particle stacks for Model 1 (EMD-20993),Aligned\, dose-weighted and non-dose-weighted micrographs,Particle stacks for Model 4 (EMD-20996)",,"picked particles - single frame - processed,micrographs - single frame"
EMPIAR-10391,"Single-Particle Cryo-EM of Arabinofuranosyltransferase AftD from Mycobacteria, Mutant R1389S",EMDB,REL,2020-04-12T00:00:00Z,2020-05-29T00:00:00Z,"Tan YZ, Zhang L, Rodrigues J, Zheng RB, Giacometti SI, Rosário AL, Kloss B, Dandey VP, Wei H, Brunton R, Raczkowski AM, Athayde D, Catalão MJ, Pimentel M, Clarke OB, Lowary TL, Archer M, Niederweis M, Potter CS, Carragher B, Mancia F",Cryo-EM Structures and Regulation of Arabinofuranosyltransferase AftD from Mycobacteria,10.1016/j.molcel.2020.04.014,32386575,"EMD-21600,EMD-21601","Department of Physiology and Cellular Biophysics\, Columbia University,New York Structural Biology Center/Columbia University",2355.2,"Unaligned and compressed multi-frame movies,Final Particle Stacks with Refined Euler Angles and Shifts (Overall and Focused Refined on CBM3),Aligned and dose-weighted micrographs",,"micrographs - multiframe,picked particles - single frame - processed,micrographs - single frame"
EMPIAR-10399,"Single-Particle Cryo-EM of Arabinofuranosyltransferase AftD from Mycobacteria, Wild-type",EMDB,REL,2020-03-27T00:00:00Z,2020-05-26T00:00:00Z,"Tan YZ, Zhang L, Rodrigues J, Zheng RB, Giacometti SI, Rosário AL, Kloss B, Dandey VP, Wei H, Brunton R, Raczkowski AM, Athayde D, Catalão MJ, Pimentel M, Clarke OB, Lowary TL, Archer M, Niederweis M, Potter CS, Carragher B, Mancia F",Cryo-EM Structures and Regulation of Arabinofuranosyltransferase AftD from Mycobacteria,10.1016/j.molcel.2020.04.014,32386575,EMD-21580,"Department of Physiology and Cellular Biophysics\, Columbia University,New York Structural Biology Center/Columbia University",2764.8,"Unaligned and compressed multi-frame movies,Final Particle Stacks with Refined Euler Angles and Shifts (Overall and Focused Refined on CBM3),Aligned and dose-weighted micrographs",,"micrographs - multiframe,picked particles - single frame - processed,micrographs - single frame"
EMPIAR-10409,Structure of replicating SARS-CoV-2 polymerase,EMDB,REL,2020-05-06T00:00:00Z,2020-05-13T00:00:00Z,"Hillen HS, Kokic G, Farnung L, Dienemann C, Tegunov D, Cramer P",Structure of replicating SARS-CoV-2 polymerase,10.1038/s41586-020-2368-8,32438371,EMD-11007,"Max-Planck-Institute for Biophysical Chemistry,0000-0001-5454-7755",3072,"Refined particles (Map 3),Reextraced particles at 1.3 A/px (for Map2 and Map3),Unaligned TIF movies of SARS-CoV2 RdRp in complex with nsp7\, nsp8 and RNA (part 2),Unaligned TIF movies of SARS-CoV2 RdRp in complex with nsp7\, nsp8 and RNA (part 1),Refined particles (Map 2),Warp picked and extracted particles,Refined particles (Map 1)",,"micrographs - multiframe,picked particles - single frame - processed"
EMPIAR-10279,Cryo-EM structure of TMEM16F in digitonin without calcium bound,EMDB,REL,2019-05-27T00:00:00Z,2020-04-21T00:00:00Z,"Feng S, Dang S, Han TW, Ye W, Jin P, Cheng T, Li J, Jan YN, Jan LY, Cheng Y",Cryo-EM Studies of TMEM16F Calcium-Activated Ion Channel Suggest Features Important for Lipid Scrambling,10.1016/j.celrep.2019.06.023,31291589,EMD-20245,"Department of Biochemistry and Biophysics\, University of California San Francisco",289.5,Automated picked particle stack of TMEM16F in digitonin without calcium bound,,picked particles - single frame - processed
EMPIAR-10373,BurrH bound to DNA Origami Goniometer,EMDB,REL,2020-02-23T00:00:00Z,2020-04-03T00:00:00Z,"Aksel T, Yu Z, Cheng Y, Douglas SM",Molecular goniometers for single-particle cryo-EM of DNA-binding proteins,10.1101/2020.02.27.968883,,EMD-21443,"Department of Cellular and Molecular Pharmacology\, University of California\, San Francisco",1331.2,"DNA Origami Goniometers in complex with BurrH DNA binding protein,BurrH particle set used for the final refinement",,"picked particles - multiframe - processed,micrographs - single frame"
EMPIAR-10344,CryoEM dataset containing multiple conformations of the asymmetric αVβ8 integrin bound to latent TGF-β on a graphene oxide grid (preferred orientations),EMDB,REL,2019-10-03T00:00:00Z,2020-01-31T00:00:00Z,"Campbell MG, Cormier A, Ito S, Seed RI, Bondesson AJ, Lou J, Marks JD, Baron J, Cheng Y, Nishimura SL",Cryo-EM Reveals Integrin-Mediated TGF-β Activation without Release from Latent TGF-β,10.1016/j.cell.2019.12.030,31955848,"EMD-20801,EMD-20799,EMD-20794,EMD-20797,EMD-20800,EMD-20802,EMD-20798,EMD-21125","Department of Biochemistry and Biophysics\, University of California\, San Francisco,UCSF",2252.8,"Dose-weighted aligned micrographs of αVβ8 integrin bound to latent TGF-β on a graphene oxide grid,Unaligned 80-frame movies of αVβ8 integrin bound to latent TGF-β on a graphene oxide grid,Dose-weighted aligned particle stacks of αVβ8 integrin bound to latent TGF-β on a graphene oxide grid",,"micrographs - multiframe,picked particles - single frame - processed,micrographs - single frame"
EMPIAR-10345,CryoEM dataset containing multiple conformations of the asymmetric αVβ8 integrin bound to two Fabs on a holey carbon grid (minimal preferred orientations),EMDB,REL,2019-12-13T00:00:00Z,2020-01-31T00:00:00Z,"Campbell MG, Cormier A, Ito S, Seed RI, Bondesson AJ, Lou J, Marks JD, Baron J, Cheng Y, Nishimura SL",Cryo-EM Reveals Integrin-Mediated TGF-β Activation without Release from Latent TGF-β,10.1016/j.cell.2019.12.030,31955848,EMD-20795,"Department of Biochemistry and Biophysics\, University of California\, San Francisco,UCSF",882.1,"Dose-weighted aligned micrographs of αVβ8 integrin bound to a Fab (C6D4) on a holey carbon grid,Dose-weighted aligned particle stacks of αVβ8 integrin bound to a Fab (C6D4) on a holey carbon grid,Unaligned 60-frame movies of αVβ8 integrin bound to a Fab (C6D4) on a holey carbon grid",,"micrographs - multiframe,picked particles - single frame - processed,micrographs - single frame"
EMPIAR-10343,CryoEM dataset containing multiple conformations of the asymmetric αVβ8 integrin bound to latent TGF-β on a holey carbon grid (strongly preferred orientations),EMDB,REL,2019-10-23T00:00:00Z,2020-01-31T00:00:00Z,"Campbell MG, Cormier A, Ito S, Seed RI, Bondesson AJ, Lou J, Marks JD, Baron J, Cheng Y, Nishimura SL",Cryo-EM Reveals Integrin-Mediated TGF-β Activation without Release from Latent TGF-β,10.1016/j.cell.2019.12.030,31955848,"EMD-20801,EMD-20799,EMD-20794,EMD-20797,EMD-20800,EMD-20802,EMD-20798,EMD-21125","Department of Biochemistry and Biophysics\, University of California\, San Francisco,UCSF",1228.8,"Dose-weighted aligned micrographs of αVβ8 integrin bound to latent TGF-β on a holey carbon grid,Dose-weighted aligned particle stacks of αVβ8 integrin bound to latent TGF-β on a holey carbon grid,Unaligned 80-frame movies of αVβ8 integrin bound to latent TGF-β on a holey carbon grid",,"micrographs - multiframe,picked particles - single frame - processed,micrographs - single frame"
EMPIAR-10335,Apo-state Streptavidin,EMDB,REL,2019-11-04T00:00:00Z,2019-12-20T00:00:00Z,"Han Y, Fan X, Wang H, Zhao F, Tully CG, Kong J, Yao N, Yan N",High-yield monolayer graphene grids for near-atomic resolution cryoelectron microscopy,10.1073/pnas.1919114117,31879346,EMD-20907,"Department of Molecular Biology\,Princeton University",922.4,"Polished particle stacks of 2.6 angstrom apo-state streptavidin on graphene,Unaligned 32-frame micrographs of 2.6 angstrom apo-state streptavidin on graphene",,"micrographs - multiframe,picked particles - single frame - processed"
EMPIAR-10333,Single Particle Cryo-EM Reconstructions of Human FACT in Complex with Partially Assembled Sub-nucleosomes,EMDB,REL,2019-10-21T00:00:00Z,2019-12-20T00:00:00Z,"Liu YL, Zhou KZ, Zhang NZ, Wei HW, Tan YZT, Zhang ZZ, Carragher BC, Potter CSP, D'Arcy SD, Luger KL",FACT caught in the act of manipulating the nucleosome,10.1038/s41586-019-1820-0,31775157,"EMD-20840,EMD-20841","Department of Biochemistry\, University of Colorado at Boulder,New York Structural Biology Center/Columbia University",2252.8,"Final Particle Stacks for Class 1 and 2 with Euler Angles and Shifts,Aligned and dose-weighted micrographs,Unaligned multi-frame micrographs",,"micrographs - multiframe,picked particles - single frame - processed,micrographs - single frame"
EMPIAR-10330,3.2 Å Single-Particle Cryo-EM Reconstruction of 49 kDa Membrane-Bound PfCRT Complexed with Fab,EMDB,REL,2019-10-06T00:00:00Z,2019-12-19T00:00:00Z,"Kim JK, Tan YZT, Wicht KJW, Erramilli SKE, Dhingra SKD, Okombo JO, Vendome JV, Hagenah LMH, Giacometti SIG, Warren ALW, Nosol KN, Roepe PDR, Potter CSP, Carragher BC, Kossiakoff AAK, Quick MQ, Fidock DAF, Mancia FM",Structure and drug resistance of the Plasmodium falciparum transporter PfCRT,10.1038/s41586-019-1795-x,31776516,EMD-20806,"Division of Infectious Diseases\, Department of Medicine\, Columbia University Irving Medical Center,Department of Psychiatry\, Center for Molecular Recognition\, Columbia University Irving Medical Center,New York Structural Biology Center/Columbia University,Department of Physiology and Cellular Biophysics\, Columbia University Irving Medical Center",830.4,"Unaligned and compressed multi-frame micrographs,Final Particle Stack with Refined Euler Angles and Shifts,Aligned and magnification anisotropy corrected micrographs",,"micrographs - multiframe,picked particles - single frame - processed,micrographs - single frame"
EMPIAR-10285,Cryo-electron microscopy structure of the P-Rex1–G-beta-gamma signaling scaffold,EMDB,REL,2019-06-18T00:00:00Z,2019-11-19T00:00:00Z,"Cash JN, Urata S, Li S, Ravala SK, Avramova LV, Shost MD, Gutkind JS, Tesmer JJG, Cianfrocco MA",Cryo-electron microscopy structure and analysis of the P-Rex1-Gβγ signaling scaffold,10.1126/sciadv.aax8855,31663027,EMD-20308,"Department of Biological Chemistry\, Life Sciences Institute\, University of Michigan",3072,"Movie files (.tif) for P-Rex1-Gbg,Extracted particles from Warp for P-Rex1-Gbg,Micrograph files (.mrc) & CTF log files for P-Rex1-Gbg",,"micrographs - multiframe,picked particles - single frame - processed,micrographs - single frame"
EMPIAR-10309,Cryo-EM structure of the adenosine A2A receptor coupled to an engineered heterotrimeric G protein,EMDB,REL,2019-07-01T00:00:00Z,2019-11-15T00:00:00Z,"García-Nafría J, Lee Y, Bai X, Carpenter B, Tate CG",Cryo-EM structure of the adenosine A2A receptor coupled to an engineered heterotrimeric G protein,10.7554/eLife.35946,29726815,EMD-4390,MRC laboratory of molecular biology,1126.4,"Particles before subtraction,Unaligned multi-frame micrographs,Micelle subtracted particles",,"micrographs - multiframe,picked particles - multiframe - processed"
EMPIAR-10280,Cryo-EM structure of calcium-bound TMEM16F in nanodisc with supplement of PIP2,EMDB,REL,2019-05-27T00:00:00Z,2019-11-07T00:00:00Z,"Feng S, Dang S, Han TW, Ye W, Jin P, Cheng T, Li J, Jan YN, Jan LY, Cheng Y",Cryo-EM Studies of TMEM16F Calcium-Activated Ion Channel Suggest Features Important for Lipid Scrambling,10.1016/j.celrep.2019.06.023,31291589,"EMD-20247,EMD-20246","Department of Biochemistry and Biophysics\, University of California San Francisco",576.6,Automated picked particle stack of calcium-bound TMEM16F in nanodisc with supplement of PIP2,,picked particles - single frame - processed
EMPIAR-10317,"Cryo-EM dataset, containing multiple conformations of a heterodimeric ABC exporter TmrAB (EQ-mutant), incubated with a mixture of ATP and ADP",EMDB,REL,2019-08-26T00:00:00Z,2019-11-06T00:00:00Z,"Hofmann S, Januliene D, Mehdipour AR, Thomas C, Stefan E, Brüchert S, Kuhn BT, Geertsma ER, Hummer G, Tampé R, Moeller A",Conformation space of a heterodimeric ABC exporter under turnover conditions,10.1038/s41586-019-1391-0,31316210,"EMD-4776,EMD-4775",Max Planck Institute of Biophysics,7270.4,"Unaligned multi-frame micrographs of a heterodimeric ABC exporter TmrAB (EQ-mutant) in multiple ATP/ADP bound conformations,TmrAB(EQ) particles in multiple conformations after one round of cleaning in 3D",,"micrographs - multiframe,picked particles - multiframe - unprocessed"
EMPIAR-10299,PolyA polymerase module of the cleavage and polyadenylation factor (CPF) from Saccharomyces cerevisiae,EMDB,REL,2019-07-24T00:00:00Z,2019-10-14T00:00:00Z,"Casañal A, Kumar A, Hill CH, Easter AD, Emsley P, Degliesposti G, Gordiyenko Y, Santhanam B, Wolf J, Wiederhold K, Dornan GL, Skehel M, Robinson CV, Passmore LA",Architecture of eukaryotic mRNA 3′-end processing machinery,10.1126/science.aao6535,29074584,EMD-3908,MRC laboratory of molecular biology,15769.6,"Polished shiny particles,Unaligned super-resolution movies",,"micrographs - multiframe,picked particles - multiframe - processed"
EMPIAR-10296,Single particle cryo-EM dataset of the triskelion hub subparticle extraction from clathrin cages,EMDB,REL,2019-07-12T00:00:00Z,2019-10-09T00:00:00Z,"Morris KL, Jones JR, Halebian M, Wu S, Baker M, Armache JP, Avila Ibarra A, Sessions RB, Cameron AD, Cheng Y, Smith CJ",Cryo-EM of multiple cage architectures reveals a universal mode of clathrin self-assembly,10.1038/s41594-019-0292-0,31582853,"EMD-0121,EMD-0124,EMD-0126,EMD-0123,EMD-0122,EMD-0125",University of Warwick,88.4,"Hub subparticles of the 36 tennis ball,Hub subparticles of the 36 D6 barrel,Hub subparticles of the 32 sweet potato,Hub subparticles of the 28 mini coat,Hub subparticles of the 37 big apple",,picked particles - multiframe - unprocessed
EMPIAR-10308,Cryo-EM structure of the serotonin 5-HT1B receptor coupled to heterotrimeric Go,EMDB,REL,2019-07-01T00:00:00Z,2019-10-07T00:00:00Z,"García-Nafría J, Nehmé R, Edwards PC, Tate CG",Cryo-EM structure of the serotonin 5-HT1B receptor coupled to heterotrimeric Go,10.1038/s41586-018-0241-9,29925951,EMD-4358,MRC laboratory of molecular biology,8192,"Unaligned movies,Extracted particles",,"micrographs - multiframe,picked particles - multiframe - processed"
EMPIAR-10294,Single particle cryo-EM dataset of clathrin cages with phase flipping suitable for refinement,EMDB,REL,2019-07-12T00:00:00Z,2019-10-04T00:00:00Z,"Morris KL, Jones JR, Halebian M, Wu S, Baker M, Armache JP, Avila Ibarra A, Sessions RB, Cameron AD, Cheng Y, Smith CJ",Cryo-EM of multiple cage architectures reveals a universal mode of clathrin self-assembly,10.1038/s41594-019-0292-0,31582853,"EMD-0120,EMD-0116,EMD-0115,EMD-0118,EMD-0114",University of Warwick,11.9,Clathrin cage particle images with phase flipping,,picked particles - single frame - processed
EMPIAR-10295,Single particle cryo-EM dataset of clathrin cages suitable for subparticle extraction,EMDB,REL,2019-07-16T00:00:00Z,2019-10-04T00:00:00Z,"Morris KL, Jones JR, Halebian M, Wu S, Baker M, Armache JP, Avila Ibarra A, Sessions RB, Cameron AD, Cheng Y, Smith CJ",Cryo-EM of multiple cage architectures reveals a universal mode of clathrin self-assembly,10.1038/s41594-019-0292-0,31582853,"EMD-0120,EMD-0116,EMD-0115,EMD-0118,EMD-0114",University of Warwick,19.9,"Clathrin cage particle images - 36 D6 barrel,Clathrin cage particle images - 37 big apple,Clathrin cage particle images - 36 tennis ball,Clathrin cage particle images - 32 sweet potato,Clathrin cage particle images - 28 mini coat",,picked particles - multiframe - unprocessed
EMPIAR-10307,Human pre-B spliceosome and U4/U6.U5 tri-snRNP,EMDB,REL,2019-04-12T00:00:00Z,2019-09-30T00:00:00Z,"Charenton C, Wilkinson ME, Nagai K",Mechanism of 5' splice site transfer for human spliceosome activation,10.1126/science.aax3289,30975767,"EMD-4686,EMD-4687,EMD-4688,EMD-4658,EMD-4673,EMD-4676,EMD-4665,EMD-4689,EMD-4675,EMD-4672,EMD-4690,EMD-4674","MRC Laboratory of Molecular Biology; University of Cambridge,MRC Laboratory of Molecular Biology",2355.2,"Dataset 1 of human pre-B spliceosome; motion-corrected micrographs,Dataset 4 of human pre-B spliceosome; motion-corrected micrographs,Dataset 3 of human pre-B spliceosome; motion-corrected micrographs,Dataset 5 of human pre-B spliceosome; motion-corrected micrographs,Selected U4/U6.U5 tri-snRNP particles after Bayesian polishing,Crude shifted preB particles,Dataset 2 of human pre-B spliceosome; motion-corrected micrographs",,"picked particles - single frame - unprocessed,picked particles - single frame - processed,micrographs - single frame"
EMPIAR-10264,LAT1-CD98hc bound to MEM-108 Fab,EMDB,REL,2019-03-24T00:00:00Z,2019-07-25T00:00:00Z,"Lee Y, Wiriyasermkul P, Jin C, Quan L, Ohgaki R, Okuda S, Kusakizako T, Nishizawa T, Oda K, Ishitani R, Yokoyama T, Nakane T, Shirouzu M, Endou H, Nagamori S, Kanai Y, Nureki O",Cryo-EM structure of the human L-type amino acid transporter 1 in complex with glycoprotein CD98hc,10.1038/s41594-019-0237-7,31160781,EMD-9849,"Department of Biological Sciences\, Graduate School of Science\, The University of Tokyo",4198.4,"Unaligned multi-frame micrographs\, Dataset1,Unaligned multi-frame micrographs\, Dataset2,Micelle subtracted particles used for final reconstruction",,"micrographs - multiframe,picked particles - single frame - processed"
EMPIAR-10256,Cryo-EM structure of TRPV5 with calmodulin bound,EMDB,REL,2019-02-23T00:00:00Z,2019-05-09T00:00:00Z,"Dang S, van Goor MK, Asarnow D, Wang Y, Julius D, Cheng Y, van der Wijst J",Structural insight into TRPV5 channel function and modulation,10.1073/pnas.1820323116,30975749,EMD-0607,"Department of Physiology\, University of California San Francisco,Department of Physiology\, Radboud Institute for Molecular Life Sciences\, Radboud University Medical Center,Department of Biochemistry and Biophysics\, University of California San Francisco",118.1,Automated picked particle stack of TRPV5 with calmodulin bound,,picked particles - single frame - unprocessed
EMPIAR-10254,Cryo-EM structure of TRPV5 full length in nanodisc,EMDB,REL,2019-02-23T00:00:00Z,2019-05-09T00:00:00Z,"Dang S, van Goor MK, Asarnow D, Wang Y, Julius D, Cheng Y, van der Wijst J",Structural insight into TRPV5 channel function and modulation,10.1073/pnas.1820323116,30975749,EMD-0594,"Department of Physiology\, University of California San Francisco,Department of Physiology\, Radboud Institute for Molecular Life Sciences\, Radboud University Medical Center,Department of Biochemistry and Biophysics\, University of California San Francisco",100.1,Automated picked particle stack of TRPV5 full length in nanodisc,,picked particles - single frame - unprocessed
EMPIAR-10255,Cryo-EM structure of TRPV5 1-660 in nanodisc,EMDB,REL,2019-02-23T00:00:00Z,2019-05-08T00:00:00Z,"Dang S, van Goor MK, Asarnow D, Wang Y, Julius D, Cheng Y, van der Wijst J",Structural insight into TRPV5 channel function and modulation,10.1073/pnas.1820323116,30975749,EMD-0593,"Department of Physiology\, University of California San Francisco,Department of Physiology\, Radboud Institute for Molecular Life Sciences\, Radboud University Medical Center,Department of Biochemistry and Biophysics\, University of California San Francisco",224.3,Automated picked particle stack of TRPV5 1-660 in nanodisc,,picked particles - single frame - unprocessed
EMPIAR-10262,Structure of the human PKD1-PKD2 complex,EMDB,REL,2019-03-18T00:00:00Z,2019-05-02T00:00:00Z,"Su Q, Hu F, Ge X, Lei J, Yu S, Wang T, Zhou Q, Mei C, Shi Y",Structure of the human PKD1-PKD2 complex,10.1126/science.aat9819,30093605,EMD-6991,"School of Life Sciences\, Tsinghua University,School of Life Sciences",209.8,Autopicked particles of PKD1/PKD2 complex,,picked particles - multiframe - unprocessed
EMPIAR-10253,Cryo-EM structure of TRPV5 W583A in nanodisc,EMDB,REL,2019-02-23T00:00:00Z,2019-05-02T00:00:00Z,"Dang S, van Goor MK, Asarnow D, Wang Y, Julius D, Cheng Y, van der Wijst J",Structural insight into TRPV5 channel function and modulation,10.1073/pnas.1820323116,30975749,EMD-0605,"Department of Physiology\, University of California San Francisco,Department of Physiology\, Radboud Institute for Molecular Life Sciences\, Radboud University Medical Center,Department of Biochemistry and Biophysics\, University of California San Francisco",94.4,Automated picked particle stack of TRPV5 W583A in nanodisc,,picked particles - single frame - unprocessed
EMPIAR-10233,Retrieving High-Resolution Information from Disordered 2D Crystals by Single Particle Cryo-EM,EMDB,REL,2018-12-11T00:00:00Z,2019-05-01T00:00:00Z,"Righetto R, Biyani N, Kowal J, Chami M, Stahlberg H",Retrieving high-resolution information from disordered 2D crystals by single-particle cryo-EM,10.1038/s41467-019-09661-5,30979902,EMD-4432,"C-CINA\, Biozentrum\, University of Basel",103,"Particle stack from MloK1 2D crystals in the presence of cAMP,Aligned averages of MloK1 2D crystals in the presence of cAMP",,"picked particles - single frame - unprocessed,micrographs - single frame"
EMPIAR-10215,Rabbit muscle aldolase single particle cryoEM,EMDB,REL,2018-10-03T00:00:00Z,2019-04-05T00:00:00Z,"Bepler T, Morin A, Rapp M, Brasch J, Shapiro L, Noble AJ, Berger B",Positive-unlabeled convolutional neural networks for particle picking in cryo-electron micrographs,10.1038/s41592-019-0575-8,31591578,"EMD-20532,EMD-20531,EMD-20529","New York Structural Biology Center,Computational and Systems Biology\, Massachusetts Institute of Technology",1433.6,"Micrograph frames,CryoEM structures in the paper,Micrographs along with all other magnification images from the collection",,"micrographs - multiframe,micrographs - single frame,picked particles - single frame - unprocessed"
EMPIAR-10229,Cryo-EM Reconstruction of apo EsCas13d,EMDB,REL,2018-11-13T00:00:00Z,2018-11-23T00:00:00Z,"Zhang C, Konermann S, Brideau N, Lotfy P, Wu X, Novick SJ, Strutzenberg T, Griffin P, Hsu PD, Lyumkis D",Structural Basis for the RNA-Guided Ribonuclease Activity of CRISPR-Cas13d,10.1016/j.cell.2018.09.001,30241607,EMD-9015,"Laboratory of Genetics and Helmsley Center for Genomic Medicine\, The Salk Institute for Biological Studies,The Salk Institute for Biological Studies",66.9,"stack of ~150k particles used for ab initio orientation assignment and reconstruction,stack of ~16k best particles from above",,"picked particles - single frame - processed,picked particles - single frame - unprocessed"
EMPIAR-10214,CryoET of bacterial RNA polymerase with several detergents,EMDB,REL,2018-10-05T00:00:00Z,2018-10-25T00:00:00Z,"Chen J, Noble AJ, Kang JY, Darst SA",Eliminating effects of particle adsorption to the air/water interface in single-particle cryo-electron microscopy: Bacterial RNA polymerase and CHAPSO,10.1016/j.yjsbx.2019.100005,,,The Rockefeller University,207.5,"Appion-Protomo tilt-series alignments,K2 tilt-series frames,Whole-frame aligned tilt images along with all other magnification images from the collection,Dynamo manual particle picks of tomograms",,"micrographs - multiframe,picked particles - multiframe - unprocessed,micrographs - single frame,tilt series"
EMPIAR-10219,Cryo-electron microscopy data of thermostabilized avian CFTR,EMDB,REL,2018-10-08T00:00:00Z,2018-10-23T00:00:00Z,"Fay JF, Aleksandrov LA, Jensen T, Cui L, Kousouros JN, He L, Aleksandrov AA, Gingerich D, Riordan JR, Chen J",Cryo-EM visualization of an active high open probability CFTR anion channel,10.1021/acs.biochem.8b00763,30281975,"EMD-7793,EMD-7794",University of North Carolina Chapel Hill,19.3,Binned Particle stacks and meta data for cryo-EM structures of phosphorylated and dephosphorylated avian CFTR,,picked particles - multiframe - processed
EMPIAR-10177,Single particle cryo-EM dataset of the flexible and variable oligomeric state complex AP-1:Arf1:tetherin-HIV-Nef,EMDB,REL,2018-03-10T00:00:00Z,2018-07-30T00:00:00Z,"Morris KL, Buffalo CZ, Sturzel CM, Heusinger E, Kirchhoff F, Ren X, Hurley JH",HIV-1 Nefs Are Cargo-Sensitive AP-1 Trimerization Switches in Tetherin Downregulation,10.1016/j.cell.2018.07.004,30053425,"EMD-7457,EMD-7458,EMD-7455,EMD-7456","University of California\, Berkeley",34,Dose weighted particle stack of AP1:Arf1:tetherin-HIV-Nef closed trimer,,picked particles - multiframe - unprocessed
EMPIAR-10178,Single particle cryo-EM dataset of the flexible and variable oligomeric state complex AP-1:Arf1:tetherin-HIV-Nef,EMDB,REL,2018-03-10T00:00:00Z,2018-07-27T00:00:00Z,"Sturzel CM, Heusinger E, Kirchhoff F, Ren X, Hurley JH",HIV-1 Nefs Are Cargo-Sensitive AP-1 Trimerization Switches in Tetherin Downregulation,10.1016/j.cell.2018.07.004,30053425,"EMD-7457,EMD-7458,EMD-7455,EMD-7456","University of California\, Berkeley",10.1,Dose weight particle stack of AP1:Arf1:tetherin-HIV-Nef closed trimer after monomeric subunit extraction using LocalRec,,picked particles - multiframe - processed
EMPIAR-10176,Single particle cryo-EM dataset of the flexible and variable oligomeric state complex AP-1:Arf1:tetherin-HIV-Nef,EMDB,REL,2018-03-06T00:00:00Z,2018-07-27T00:00:00Z,"Morris KL, Buffalo CZ, Stürzel CM, Heusinger E, Kirchhoff F, Ren X, Hurley JH",HIV-1 Nefs Are Cargo-Sensitive AP-1 Trimerization Switches in Tetherin Downregulation,10.1016/j.cell.2018.07.004,30053425,"EMD-7457,EMD-7458,EMD-7455,EMD-7456","University of California\, Berkeley",115.4,Dose weighted particle stack of AP1:Arf1:tetherin-HIV-Nef,,picked particles - multiframe - unprocessed
EMPIAR-10090,Nucleotide-Driven Triple-State Remodeling of the AAA-ATPase Channel in the Activated Human 26S Proteasome,EMDB,REL,2017-04-09T00:00:00Z,2018-07-18T00:00:00Z,"Zhu Y, Wang WL, Yu D, Ouyang Q, Lu Y, Mao Y",Structural mechanism for nucleotide-driven remodeling of the AAA-ATPase unfoldase in the activated human 26S proteasome,10.1038/s41467-018-03785-w,29636472,"EMD-8663,EMD-8665,EMD-8667,EMD-8668,EMD-8666,EMD-8662,EMD-8664",Dana-Farber Cancer Institute,2867.2,"Single-particle stacks of classified conformations,Motion-corrected single frame micrographs of ATP-gS-bound human proteasome",,"picked particles - multiframe - processed,micrographs - single frame"
EMPIAR-10180,Structure of a pre-catalytic spliceosome,EMDB,REL,2018-03-27T00:00:00Z,2018-05-30T00:00:00Z,"Plaschka C, Lin PC, Nagai K",Structure of a pre-catalytic spliceosome,"10.7554/eLife.36861,10.1038/nature22799","29856314,28530653","EMD-3687,EMD-3684,EMD-3688,EMD-3686,EMD-3685,EMD-3682,EMD-3683",MRC laboratory of Molecular Biology,126.5,Polished parcitles,,picked particles - single frame - processed
EMPIAR-10141,CryoET of apoferritin with 0.5 mM TCEP single particle,EMDB,REL,2017-12-06T00:00:00Z,2018-04-05T00:00:00Z,"Noble AJ, Dandey VP, Wei H, Brasch J, Chase J, Acharya P, Tan YZ, Zhang Z, Kim LY, Scapin G, Rapp M, Eng ET, Rice WJ, Cheng A, Negro CJ, Shapiro L, Kwong PD, Jeruzalmi D, des Georges A, Potter CS, Carragher B",Routine single particle CryoEM sample and grid characterization by tomography,10.7554/elife.34257,29809143,EMD-7150,New York Structural Biology Center,35.3,"Appion-Protomo tilt-series alignments,Manual particle picking in Dynamo,Tilt-series image stacks",,"tilt series,picked particles - single frame - processed"
EMPIAR-10166,human 26S proteasome bound to the chemotherapeutic Oprozomib,EMDB,REL,2018-03-21T00:00:00Z,2018-03-21T00:00:00Z,"Haselbach D, Schrader J, Lambrecht F, Henneberg F, Chari A, Stark H",Long-range allosteric regulation of the human 26S proteasome by 20S proteasome-targeting cancer drugs,10.1038/ncomms15578,28541292,EMD-4146,"Max-Planck-Institute for biophysical Chemistry,Institute of Molecular Pathology",100.5,"Particle stack of aligned\, summed and dose weighted particle images from the human 26S proteasome bound to oprozomib. ",,picked particles - single frame - processed
EMPIAR-10127,Human TRPM4 ion channel in a lipid nanodisc in a calcium-bound state,EMDB,REL,2017-11-30T00:00:00Z,2018-01-22T00:00:00Z,"Autzen HE, Cheng Y",Structure of the human TRPM4 ion channel in a lipid nanodisc,10.1126/science.aar4510,29217581,EMD-7133,"UCSF\, HHMI,UCSF",84.4,particle stacks of TRPM4 particles post 2D clean-up,,picked particles - multiframe - processed
EMPIAR-10124,Cryo-EM structure of the TMEM16A in LMNG,EMDB,REL,2017-11-01T00:00:00Z,2018-01-22T00:00:00Z,"Nung Jan Y, Yeh Jan L",Cryo-EM structures of the TMEM16A calcium-activated chloride channel,10.1038/nature25024,29236684,EMD-7096,"Department of Physiology\, University of California San Francisco,Department of Biochemistry and Biophysics\, University of California San Francisco",244.2,"Particle stacks extracted from motion corrected micrographs of TMEM16A in LMNG,Particle stacks extracted from motion corrected micrographs of TMEM16A bound with Fab in LMNG",,picked particles - single frame - processed
EMPIAR-10123,Cryo-EM structure of the TMEM16A in Nanodisc,EMDB,REL,2017-10-28T00:00:00Z,2018-01-22T00:00:00Z,"Nung Jan Y, Yeh Jan L",Cryo-EM structures of the TMEM16A calcium-activated chloride channel,10.1038/nature25024,29236684,EMD-7095,"Department of Physiology\, University of California San Francisco,Department of Biochemistry and Biophysics\, University of California San Francisco",226.7,Particle stacks extracted from motion corrected micrographs of TMEM16A in nanodisc,,picked particles - single frame - processed
EMPIAR-10126,Human TRPM4 ion channel in a lipid nanodisc in a calcium-free state,EMDB,REL,2017-11-28T00:00:00Z,2018-01-22T00:00:00Z,"Autzen HE, Myasnikov AG, Campbell MG, Asarnow D, Julius D, Cheng Y",Structure of the human TRPM4 ion channel in a lipid nanodisc,,,EMD-7132,"UCSF\, HHMI,UCSF",162.5,particle stacks of TRPM4 particles post 2D clean-up,,picked particles - multiframe - processed
EMPIAR-10099,Cryo-EM structure of Hrd1 and Hrd3 complex,EMDB,REL,2017-05-17T00:00:00Z,2017-08-29T00:00:00Z,"Schoebel S, Mi W, Stein A, Ovchinnikov S, Pavlovicz R, DiMaio F, Baker D, Chambers MG, Su H, Li D, Rapoport TA, Liao M",Cryo-EM structure of the protein-conducting ERAD channel Hrd1 in complex with Hrd3,10.1038/nature23314,28682307,"EMD-8639,EMD-8638","Howard Hughes Medical Institute and Department of Cell Biology\, Harvard Medical School,Department of Cell Biology\, Harvard Medical School",708.3,"dose-weighted summed frame micrographs of Hrd1/Hrd3 complex,summed frame micrographs of Hrd1/Hrd3 complex,picked particles of Hrd1/Hrd3 complex",,"picked particles - multiframe - processed,micrographs - single frame"
EMPIAR-10091,Conformational Landscape of the p28-Bound Human Proteasome Regulatory Particle,EMDB,REL,2017-04-14T00:00:00Z,2017-08-23T00:00:00Z,"Lu Y, Wu J, Dong Y, Chen S, Sun S, Ma YB, Ouyang Q, Finley D, Kirschner MW, Mao Y",Conformational Landscape of the p28-Bound Human Proteasome Regulatory Particle,,,"EMD-8675,EMD-8676,EMD-8672,EMD-8681,EMD-8677,EMD-8683,EMD-8674,EMD-8678,EMD-8682,EMD-8679,EMD-8684,EMD-8680","DFCI\, Harvard Medical School",70,Classified single-particle datasets for multiple conformations of p28-bound human regulatory complex,,picked particles - multiframe - processed
EMPIAR-10097,40 Degree Tilted Single-Particle CryoEM of Highly Preferred Orientated Influenza Hemagglutinin Trimer,EMDB,REL,2017-05-11T00:00:00Z,2017-08-16T00:00:00Z,"Tan YZ, Baldwin PR, Davis JH, Williamson JR, Potter CS, Carragher B, Lyumkis D",Addressing preferred specimen orientation in single-particle cryo-EM through tilting,10.1038/nmeth.4347,28671674,EMD-8731,"Laboratory of Genetics and Helmsley Center for Genomic Medicine\, The Salk Institute for Biological Studies,New York Structural Biology Center/Columbia University",1843.2,"Unaligned raw multi-frame 40 degree tilted micrographs of Influenza Hemagglutinin Trimer,Aligned\, summed and exposure weighted 40 degree tilted micrographs of Influenza Hemagglutinin Trimer,Equalized particle stack of Influenza Hemagglutinin Trimer from 40 degree tilted micrographs",,"micrographs - multiframe,picked particles - multiframe - processed,micrographs - single frame"
EMPIAR-10093,Structure of an ion channel in nano disc,EMDB,REL,2017-04-27T00:00:00Z,2017-06-28T00:00:00Z,"Jin P, Bulkley D, Guo Y, Zhang W, Guo Z, Huynh W, Wu S, Meltzer S, Cheng T, Jan LY, Jan YN, Cheng Y",Electron cryo-microscopy structure of the mechanotransduction channel NOMPC,10.1038/nature22981,28658211,EMD-8702,University of California San Francisco,203.9,"Motion corrected dose weighted summed frames,Motion corrected dose weighted particle images",,"picked particles - multiframe - processed,micrographs - single frame"
EMPIAR-10107,The Structure of the Yeast Mitochondrial Ribosome,EMDB,REL,2017-03-20T00:00:00Z,2017-06-01T00:00:00Z,"Desai N, Brown A, Amunts A, Ramakrishnan V",The Structure of the Yeast Mitochondrial Ribosome,10.1126/science.aal2415,28154081,"EMD-3554,EMD-3553,EMD-3555,EMD-3556,EMD-3551,EMD-3552",MRC - Laboratory of Molecular Biology,138.6,Yeast mitochondrial ribosome - shiny particles,,picked particles - multiframe - processed
EMPIAR-10096,Untilted Single-Particle CryoEM of Highly Preferred Orientated Influenza Hemagglutinin Trimer,EMDB,REL,2017-05-09T00:00:00Z,2017-05-15T00:00:00Z,"Tan YZ, Baldwin PR, Davis JH, Williamson JR, Potter CS",Addressing preferred specimen orientation in single-particle cryo-EM through tilting,10.1038/nmeth.4347,28671674,EMD-8731,"Laboratory of Genetics and Helmsley Center for Genomic Medicine\, The Salk Institute for Biological Studies,New York Structural Biology Center/Columbia University",1228.8,"Equalized particle stack of Influenza Hemagglutinin Trimer,Aligned\, summed and exposure weighted untilted micrographs of Influenza Hemagglutinin Trimer,Unaligned raw multi-frame untilted micrographs of Influenza Hemagglutinin Trimer",,"micrographs - multiframe,picked particles - multiframe - processed,micrographs - single frame"
EMPIAR-10083,Bacteriophage P22 mature virion capsid protein,EMDB,REL,2017-02-16T00:00:00Z,2017-03-13T00:00:00Z,"Chen DH, Afonine PV, Jakana J, Wang Z, Haase-Pettingell C, Jiang W, Adams PD, King JA, Schmid MF, Chiu W",Accurate model annotation of a near-atomic resolution cryo-EM map,10.1073/pnas.1621152114,28270620,EMD-8606,Baylor College of Medicine,159.4,Corrected images of P22 Mature Phage,,picked particles - multiframe - processed
EMPIAR-10081,Structure of the human HCN1 hyperpolarization-activated cyclic nucleotide-gated ion channel,EMDB,REL,2017-01-25T00:00:00Z,2017-02-09T00:00:00Z,"Lee CH, MacKinnon R",Structures of the Human HCN1 Hyperpolarization-Activated Channel,10.1016/j.cell.2016.12.023,28086084,EMD-8511,The Rockefeller University,66.5,"Shiny particle image stacks of the human HCN1 hyperpolarization-activated channel ,Aligned summed micrographs of the human HCN1 hyperpolarization-activated channel ",,"picked particles - multiframe - processed,micrographs - single frame"
EMPIAR-10076,CryoEM Dataset of L17-Depleted 50S Ribosomal Intermediates,EMDB,REL,2016-10-31T00:00:00Z,2016-12-02T00:00:00Z,"Davis JH, Tan Y, Carragher B, Potter CS, Lyumkis D, Williamson JR",Modular Assembly of the Bacterial Large Ribosomal Subunit,10.1016/j.cell.2016.11.020,,"EMD-8440,EMD-8444,EMD-8455,EMD-8434,EMD-8446,EMD-8448,EMD-8445,EMD-8451,EMD-8456,EMD-8442,EMD-8452,EMD-8449,EMD-8441,EMD-8450,EMD-8457,EMD-8443,EMD-8447,EMD-8453","Department of Integrative Structural and Computational Biology\, Department of Chemistry\, and The Skaggs Institute for Chemical Biology\, The Scripps Research Institute,Laboratory of Genetics and Helmsley Center for Genomic Medicine\, The Salk Institute for Biological Studies,New York Structural Biology Center/Columbia University",50.3,Particle stack of L17-depleted 50S Ribosomal Assembly Intermediates,,picked particles - multiframe - unprocessed
EMPIAR-10077,The pathway to GTPase activation of elongation factor SelB on the ribosome,EMDB,REL,2016-11-01T00:00:00Z,2016-11-24T00:00:00Z,"Neumann P, Bock LV, Maracci C, Wang Z, Paleskava A, Konevega AL, Schroeder GF, Grubmueller H, Ficner R, Rodnina MV, Stark H",The pathway to GTPase activation of elongation factor SelB on the ribosome,10.1038/nature20560,27842381,"EMD-4126,EMD-4121,EMD-4124,EMD-4123,EMD-4125,EMD-4122",Max-Planck-Institute for Biophysical Chemistry,1024,"Part 2 - Unprocessed cryo-EM micrographs of E. Coli 70S-SelB-GDPNP-Sec-tRNASec-fMet-tRNAfMet-SECIS mRNA complex,Part 1 - Unprocessed cryo-EM micrographs of E. Coli 70S-SelB-GDPNP-Sec-tRNASec-fMet-tRNAfMet-SECIS mRNA complexes,ribosomeSelB_particles.mrcs - CTF corrected single particle images of E. Coli 70S-SelB-GDPNP-Sec-tRNASec-fMet-tRNAfMet-SECIS mRNA complex",,"picked particles - multiframe - processed,micrographs - single frame"
EMPIAR-10072,Structural basis for dynamic regulation of the human 26S proteasome,EMDB,REL,2016-08-17T00:00:00Z,2016-11-10T00:00:00Z,"Chen S, Wu J",Structural basis for dynamic regulation of the human 26S proteasome,10.1073/pnas.1614614113,27791164,"EMD-8333,EMD-8337,EMD-8335,EMD-8336,EMD-8334,EMD-8332",Dana-Farber Cancer Institute,2048,"Classified particle datasets for the human proteasome in four conformational states,Drift-corrected micrographs of human 26S proteasome holoenzyme",,"picked particles - multiframe - processed,micrographs - single frame"
EMPIAR-10073,Cryo-EM structure of the yeast U4/U6.U5 tri-snRNP at 3.7 Angstrom (particle images),EMDB,REL,2016-08-24T00:00:00Z,2016-09-22T00:00:00Z,"Nguyen THD, Galej WP, Bai XC, Oubridge C, Newman AJ, Scheres SHW, Nagai K",Cryo-EM structure of the yeast U4/U6.U5 tri-snRNP at 3.7 Å resolution,10.1038/nature16940,26829225,EMD-8012,"MRC-Laboratory of Molecular Biology,Molecular and Cell Biology\, University of California\, Berkeley",75.2,Aligned particle images of the yeast U4/U6.U5 tri-snRNP,,picked particles - multiframe - processed
EMPIAR-10069,Unsupervised single-particle deep classification via statistical manifold learning,EMDB,REL,2016-07-06T00:00:00Z,2016-07-06T00:00:00Z,"Wu J, Ma YB, Congdon C, Brett B, Chen S, Ouyang Q, Mao Y",Unsupervised single-particle deep classification via statistical manifold learning,,,,Dana-Farber Cancer Institute,28.2,"Unaligned particle stacks from sub-frame drift-corrected micrographs. Set 1,Unaligned particle stacks from sub-frame drift-corrected micrographs. Set 4,Unaligned particle stacks from sub-frame drift-corrected micrographs. Set 3,Unaligned particle stacks from sub-frame drift-corrected micrographs. Set 2",,picked particles - multiframe - processed
EMPIAR-10065,Lambda excision HJ intermediate,EMDB,REL,2016-06-18T00:00:00Z,2016-06-20T00:00:00Z,"Laxmikanthan G, Xu C, Brilot AF, Warren D, Steele L, Seah N, Tong W, Grigorieff N, Landy A, Van Duyne GD",Structure of a Holliday junction complex reveals mechanisms governing a highly regulated DNA transaction,10.7554/eLife.14313,27223329,EMD-3400,Howard Hughes Medical Institute,4,Particle stack and Frealign parameter file,,picked particles - multiframe - processed
EMPIAR-10063,Cryo-EM Structure of the Activated NAIP2/NLRC4 Inflammasome Reveals Nucleated Polymerization,EMDB,REL,2016-06-13T00:00:00Z,2016-06-17T00:00:00Z,"Zhang L, Chen S, Ruan J, Wu J, Tong AB, Yin Q, Li Y, David L, Lu A, Wang WL, Marks C, Ouyang Q, Zhang X, Mao Y, Wu H",Cryo-EM structure of the activated NAIP2-NLRC4 inflammasome reveals nucleated polymerization,10.1126/science.aac5789,26449474,"EMD-6460,EMD-6459,EMD-6458","Harvard Medical School,Dana-Farber Cancer Institute",1740.8,"Drift-corrected micrographs of NLRC4/NAIP2 inflammasome,Single-particle stacks of NLRC4/NAIP2 inflammasome",,"picked particles - multiframe - processed,micrographs - single frame"
EMPIAR-10059,"Structure of TRPV1 in complex with DkTx and RTX, determined in lipid nanodisc",EMDB,REL,2016-06-07T00:00:00Z,2016-06-07T00:00:00Z,"Gao Y, Cao E, Julius D, Cheng Y",TRPV1 structures in nanodiscs reveal mechanisms of ligand and lipid action,10.1038/nature17964,27281200,EMD-8117,"Department of Biochemistry and Biophysics\, University of California\, San Francisco,Department of Physiology\, University of California\, San Francisco",93.8,"Motion corrected\, dose-weighted sum of micrographs of TRPV1-DkTx/RTX embedded in lipid nanodisc,Raw particle image stack of TRPV1-DkTx/RTX embedded in lipid nanodisc",,"picked particles - multiframe - unprocessed,micrographs - single frame"
EMPIAR-10049,Cryo-EM Structures of Synaptic RAG1-RAG2 Complex,EMDB,REL,2015-11-19T00:00:00Z,2015-11-24T00:00:00Z,,,,,EMD-6487,"Department of Cell Biology\, Harvard Medical School",65.9,"RAG SEC particle stack,Summed micrographs from drift-corrected multi-frame microsgraphs of RAG SEC (1st data set),Summed micrographs from drift-corrected multi-frame microsgraphs of RAG SEC (2nd data set)",,"picked particles - multiframe - processed,micrographs - single frame"
EMPIAR-10044,In vitro assembled bacteriophage phi6 polymerase complex,EMDB,REL,2015-10-30T00:00:00Z,2015-11-04T00:00:00Z,,,,,EMD-3187,"Division of Structural Biology\, Wellcome Trust Centre for Human Genetics\, University of Oxford",8.1,Extracted particle stacks of bacteriophage phi6 polymerase complex,,picked particles - multiframe - processed
EMPIAR-10034,Tubulin Chaperone complexes TBC-DEG Q73L: alpha beta-tubulin:TBCC  complex,EMDB,REL,2015-10-01T00:00:00Z,2015-10-01T00:00:00Z,,,,,EMD-6393,"Molecular Cellular Biology\, University of California Davis",1,CTF-corrected particle images of tubulin chaperone complexes TBC-DEG Q73L: alpha beta-tubulin:TBCC  complex,,picked particles - multiframe - processed
EMPIAR-10035,Tubulin Chaperone complexes TBC-DEG Q73L: alpha beta-tubulin complex,EMDB,REL,2015-10-01T00:00:00Z,2015-10-01T00:00:00Z,,,,,EMD-6392,"Molecular Cellular Biology\, University of California Davis",1.1,CTF-corrected particle images of tubulin chaperone complexes TBC-DEG Q73L: alpha beta-tubulin complex,,picked particles - multiframe - processed
EMPIAR-10032,Cryo electron microscopy of YnaI,EMDB,REL,2015-08-28T00:00:00Z,2015-08-28T00:00:00Z,,,,,EMD-3035,University of Edinburgh,107.6,"ynai_particles,ynai_micrographs",,"picked particles - multiframe - processed,micrographs - single frame"
EMPIAR-10029,A simulated cryoEM data set of GroEL particles,EMDB,REL,2015-05-26T00:00:00Z,2015-06-18T00:00:00Z,,,,,,"Institute of Biophysics\, Chinese Academy of Sciences",1.5,In-silico-generated particle stack,,picked particles - multiframe - unprocessed
EMPIAR-10028,Cryo-EM structure of the Plasmodium falciparum 80S ribosome bound to the anti-protozoan drug emetine,EMDB,REL,2015-05-29T00:00:00Z,2015-06-17T00:00:00Z,"Wong W, Bai XC, Brown A, Fernandez IS, Hanssen E, Condron M, Tan YH, Baum J, Scheres SH",Cryo-EM structure of the Plasmodium falciparum 80S ribosome bound to the anti-protozoan drug emetine,10.7554/elife.03080,24913268,EMD-2660,"Structural Studies\, Medical Research Council Laboratory of Molecular Biology",1228.8,"Processed shiny particles,Frame averaged micrographs,Unaligned multi-frame micrographs",,"micrographs - multiframe,picked particles - multiframe - processed,micrographs - single frame"
EMPIAR-10026,Raw data for the 3D structure of horse spleen apoferritin determined by electron cryomicroscopy,EMDB,REL,2015-04-20T00:00:00Z,2015-06-04T00:00:00Z,"Russo CJ, Passmore LA",Electron microscopy: Ultrastable gold substrates for electron cryomicroscopy,10.1126/science.1259530,25504723,EMD-2788,Medical Research Council (MRC) Laboratory of Molecular Biology,180,"Raw unprocessed micrograph movies,Final selected particles",,"micrographs - multiframe,picked particles - multiframe - processed"
EMPIAR-10024,Human TRPA1 ion channel with agonist AITC,EMDB,REL,2015-02-17T00:00:00Z,2015-04-30T00:00:00Z,,,,,EMD-6267,"Department of Biochemistry and Biophysics\, University of California San Francisco",453,TRP ion channel dataset,,picked particles - single frame - processed
EMPIAR-10015,"Yeast 80S Ribosome-Taura Syndrome Virus IRES complex, Frealign Input Particle Stack",EMDB,REL,2014-05-30T00:00:00Z,2014-11-06T00:00:00Z,,,,,"EMD-5943,EMD-5942","Janelia Farm Research Campus\, Howard Hughes Medical Institute,Department of Biochemistry\, Rosenstiel Basic Medical Sciences Research Center\, Brandeis University",273.6,Frealign input particle stack,,picked particles - multiframe - processed
EMPIAR-10016,"Yeast 80S Ribosome - tRNA- Kozak mRNA complexes, Frealign Input Particle Stack",EMDB,REL,2014-06-04T00:00:00Z,2014-11-06T00:00:00Z,,,,,"EMD-5977,EMD-5976","Janelia Farm Research Campus\, Howard Hughes Medical Institute,Department of Biochemistry\, Rosenstiel Basic Medical Sciences Research Center\, Brandeis University",42,Frealign input particle stack,,picked particles - multiframe - processed
EMPIAR-10014,MAVS CARD and DeltaProTM filaments,EMDB,REL,2014-09-15T00:00:00Z,2014-09-17T00:00:00Z,,,,,"EMD-5890,EMD-5891",UT Southwestern Medical Center,35.3,"CARD set4 micrographs,DeltProTM micrographs,CARD set4 segments,CARD set3 micrographs,CARD set2 micrographs,CARD set1 micrographs,CARD set2 segments,CARD set3 segments,CARD set1 segments,DeltaProTM segments",,"picked particles - multiframe - unprocessed,micrographs - single frame"
EMPIAR-10011,Full virus map of Brome Mosaic Virus (picked particles),EMDB,REL,2014-09-08T00:00:00Z,2014-09-09T00:00:00Z,,,,,EMD-6000,"National Center for Macromolecular Imaging\, Baylor College of Medicine",23.1,Brome Mosaic Virus boxed particles,,picked particles - single frame - processed
EMPIAR-10008,Low-contrast particle stack for HIV-1 Env gp160 precursor (MRC stack),EMDB,REL,2014-02-20T00:00:00Z,2014-02-21T00:00:00Z,,,,,EMD-5447,Dana-Farber Cancer Institute,38,U115,,picked particles - multiframe - unprocessed
EMPIAR-10007,Low-contrast particle stack for HIV-1 Env gp160 precursor (Spider stack),EMDB,REL,2014-02-20T00:00:00Z,2014-02-21T00:00:00Z,,,,,EMD-5447,Dana-Farber Cancer Institute,164.2,U115 raw particle images,,picked particles - multiframe - unprocessed
EMPIAR-10003,HIV-1 envelope glycoprotein trimer micrographs,EMDB,REL,2013-08-23T00:00:00Z,2013-08-26T00:00:00Z,"Mao Y, Wang L, Gu C, Herschhorn A, Désormeaux A, Finzi A, Xiang SH, Sodroski JG",Molecular architecture of the uncleaved HIV-1 envelope glycoprotein trimer,10.1073/pnas.1307382110,23757493,EMD-5447,Dana-Farber Cancer Institute,586.8,"Full set of 4683 focal pair micrographs,10 focal pair micrographs of HIV-1 Envelope Glycoprotein Trimer",,"picked particles - single frame - unprocessed,micrographs - focal pairs - contrast inverted"
EMPIAR-10202,Sub-2 Å Single-Particle Cryo-EM Reconstruction of AAV2-L336C,EMDB,REL,2018-07-28T00:00:00Z,2018-08-08T00:00:00Z,"Tan YZ, Aiyer S, Mietzsch M, Hull JA, McKenna R, Grieger J, Samulski RJ, Baker TS, Agbandje-McKenna M, Lyumkis D",Sub-2 Å Ewald curvature corrected structure of an AAV2 capsid variant,10.1038/s41467-018-06076-6,30194371,EMD-9012,"Department of Biochemistry and Molecular Biology\, Center for Structural Biology\, The McKnight Brain Institute\, College of Medicine\, University of Florida,Laboratory of Genetics and Helmsley Center for Genomic Medicine\, The Salk Institute for Biological Studies,New York Structural Biology Center/Columbia University",5836.8,"Final particle stack of AAV2-L336C grouped into frames 5-9\, 10-14 and 15-19\, after rotational alignment,MotionCor2 aligned\, gain corrected\, magnification anisotropy corrected\, Fourier bin by 2 movie frames of AAV2-L336C,MotionCor2 aligned\, gain corrected\, magnification anisotropy corrected\, Fourier bin by 2\, not dose weighted\, summed micrographs of AAV2-L336C,MotionCor2 aligned\, gain corrected\, magnification anisotropy corrected\, Fourier bin by 2\, not dose weighted\, frames 5 to 19 summed micrographs of AAV2-L336C,MotionCor2 aligned\, gain corrected\, magnification anisotropy corrected\, Fourier bin by 2\, dose weighted\, summed micrographs of AAV2-L336C,Final particle stack of AAV2-L336C using frames 5 to 19,Unaligned\, compressed\, raw movie frames of AAV2-L336C",,"micrographs - single frame,micrographs - multiframe"
EMPIAR-10443,Mechanism of Ribosome Rescue by Alternative Release Factor B,EMDB,REL,2020-06-11T00:00:00Z,2020-08-18T00:00:00Z,"Chan K-H, Petrychenko V, Mueller C, Maracci C, Holtkamp W, Wilson DN, Fischer N, Rodnina MV",Mechanism of Ribosome Rescue by Alternative Release Factor B,10.1038/s41467-020-17853-7,27906160,"EMD-10906,EMD-10908,EMD-10905,EMD-10907","Max-Planck-Institute for Biophysical Chemistry,University of Hamburg",788.2,"Motion-corrected\, dose-weighted micrographs & polished particles of P+9 E. coli ribosome-ArfB complex,Motion-corrected\, dose-weighted micrographs & extracted particles of P+0 E. coli ribosome-ArfB complex",,micrographs - single frame
