empiar_id,title,experimentType,current_status,deposition_date,release_date,primary_citation_author_string,primary_citation_title,xref_DOI,xref_PUBMED,xref_EMDB,organization,dataset_size_GB,image_set_name,segmentation_file,image_set_category
EMPIAR-12667,E. coli GroEL,EMDB,REL,2024-01-30T00:00:00Z,2025-05-02T00:00:00Z,"Godek J, Sivinski J, Watson ER, Lebario F, Xu W, Stevens M, Zerio CJ, Ambrose AJ, Zhu X, Trindl CA, Zhang DD, Johnson SM, Lander GC, Chapman E",Bis-sulfonamido-2-phenylbenzoxazoles Validate the GroES/EL Chaperone System as a Viable Antibiotic Target,10.1021/jacs.4c05057,39041457,EMD-45079,The Scripps Research Institute,68.2,"Motion-corrected\, dose-weighted E. Coli GroEL",,micrographs - single frame
EMPIAR-11986,cryoEM structure of Gq-coupled MRGPRX4 with fospropofol bound,EMDB,REL,2024-03-21T00:00:00Z,2025-04-24T00:00:00Z,"Chien DC, Limjunyawong N, Cao C, Meixiong J, Peng Q, Ho CY, Fay JF, Roth BL, Dong X",MRGPRX4 mediates phospho-drug-associated pruritus in a humanized mouse model,10.1126/scitranslmed.adk8198,38718132,EMD-39542,"UNC Department of Pharmacology,Johns Hopkins University,Univ. of Maryland Baltimore",536.3,aligned multi-frame micrographs,,micrographs - single frame
EMPIAR-11987,Single-particle cryo-EM dataset of the glycosyltransferase ArnC from Salmonella enterica in the UDP-bound state from Talos Arctica microscope,EMDB,REL,2024-02-27T00:00:00Z,2025-04-07T00:00:00Z,"Ashraf KU, Bunoro-Batista M, Ansell TB, Punetha A, Rosario-Garrido S, Firlar E, Kaelber JT, Stansfeld PJ, Petrou VI",Structural basis of undecaprenyl phosphate glycosylation leading to polymyxin resistance in Gram-negative bacteria,10.1101/2025.01.29.634835,,EMD-43812,Rutgers New Jersey Medical School,1945.6,"Aligned and dose-weighted micrographs of ArnC from S. enterica in the UDP-bound state collected on Talos Arctica,Final particle stack of ArnC from S. enterica in the UDP-bound state collected on Talos Arctica,Unaligned multi-frame micrographs of ArnC from S. enterica in the UDP-bound state collected on Talos Arctica",,"micrographs - single frame,picked particles - single frame - processed,micrographs - multiframe"
EMPIAR-12237,Micrographs of S.cerevisiae pre-60S particles (Nsa1-Tap) of usnic acid treated and untreated cells.,EMDB,REL,2024-07-26T00:00:00Z,2025-04-07T00:00:00Z,"Grundmann L, Kofler L, Gerhalter M, Prattes M, Merl-Pham J, Zisser G, Grishkovskaya I, Hodirnau VV, Vareka M, Breinbauer R, Hauck SM, Haselbach D, Bergler H",The novel ribosome biogenesis inhibitor usnic acid blocks nucleolar pre-60S maturation,10.1038/s41467-024-51754-3,39209816,"EMD-51128,EMD-51165,EMD-51126,EMD-51167,EMD-51122,EMD-51164,EMD-51166,EMD-51129",Institute of molecular pathology (Haselbach Lab),667.2,Patch motion corrected,,micrographs - single frame
EMPIAR-11768,Cryo-EM Structure of an Enterobacter GH43 Beta-Xylosidase,EMDB,REL,2023-11-08T00:00:00Z,2025-04-07T00:00:00Z,"Godoy AS, Briganti L, Polikarpov I",Cryo-EM Structure of an Enterobacter GH43 Beta-Xylosidase,,,EMD-42680,"Instituto de Fisica de Sao Carlos\, Universidade de Sao Paulo\, Sao Carlos\, SP\, Brazil",1331.2,Aligned multiframe micrographs,,micrographs - single frame
EMPIAR-12171,The Anti-Mullerian Hormone prodomain in complex with the growth factor and 6E11 fab,EMDB,REL,2024-04-03T00:00:00Z,2025-03-31T00:00:00Z,"Howard JA, Hok L, Cate RL, Sanford NJ, Hart KN, Leach EAE, Bruening AS, Nagykery N, Donahoe PK, Pépin D, Thompson TB",A divergent two-domain structure of the anti-Müllerian hormone prodomain,"10.1073/pnas.2418088122,10.1101/2024.04.01.587627",39805014,"EMD-44407,EMD-44408",University of Cincinnati,4198.4,"Motion corrected and dose weighted micrographs of AMH in complex with 6E11 Fab prepared using the Patch implementation within Cryosparc,Unaligned Raw movies of AMH in complex with 6E11 Fab in super resolution",,"micrographs - single frame,micrographs - multiframe"
EMPIAR-12542,Cryo-electron micrographs of Cholinephosphotransferase in complex with diacylglycerol,EMDB,REL,2025-02-03T00:00:00Z,2025-03-10T00:00:00Z,"Roberts JR, Horibata Y, Kwarcinski FE, Lam V, Raczkowski AM, Hubbard A, White B, Sugimoto H, Tall GG, Ohi MD, Maeda S",Structural basis for catalysis and selectivity of phospholipid synthesis by eukaryotic choline-phosphotransferase,10.1038/s41467-024-55673-1,39747155,EMD-42357,"Department of Biological Chemistry\, University of Michigan,Department of Pharmacology\, University of Michigan School of Medicine,Life Sciences Institute\, University of Michigan",1228.8,"Gain reference,Unaligned multi-frame micrographs of cholinephosphotransferase in complex with diacylglycerol",,"micrographs - single frame,micrographs - multiframe"
EMPIAR-12561,Cryo-EM micrographs of purified human BIRC6 in presence of MAP1LC3B,EMDB,REL,2025-02-18T00:00:00Z,2025-03-10T00:00:00Z,"Ehrmann JF, Grabarczyk DB, Heinke M, Deszcz L, Kurzbauer R, Hudecz O, Shulkina A, Gogova R, Meinhart A, Versteeg GA, Clausen T",Structural basis for regulation of apoptosis and autophagy by the BIRC6/SMAC complex,10.1126/science.ade8873,36758105,EMD-15663,IMP Vienna,473.8,Aligned motion-corrected dose-weighted micrograph averages of BIRC6 with MAP1LC3B,,micrographs - single frame
EMPIAR-12563,Cryo-EM micrographs of purified human BIRC6 in presence of HTRA2,EMDB,REL,2025-02-18T00:00:00Z,2025-03-05T00:00:00Z,"Ehrmann JF, Grabarczyk DB, Heinke M, Deszcz L, Kurzbauer R, Hudecz O, Shulkina A, Gogova R, Meinhart A, Versteeg GA, Clausen T",Structural basis for regulation of apoptosis and autophagy by the BIRC6/SMAC complex,10.1126/science.ade8873,36758105,"EMD-15663,EMD-15672",IMP Vienna,552.7,Aligned motion-corrected dose-weighted micrograph averages of BIRC6 with HTRA1,,micrographs - single frame
EMPIAR-12562,Cryo-EM micrographs of purified human BIRC6 in presence of CASP9,EMDB,REL,2025-02-18T00:00:00Z,2025-03-05T00:00:00Z,"Ehrmann JF, Grabarczyk DB, Heinke M, Deszcz L, Kurzbauer R, Hudecz O, Shulkina A, Gogova R, Meinhart A, Versteeg GA, Clausen T",Structural basis for regulation of apoptosis and autophagy by the BIRC6/SMAC complex,10.1126/science.ade8873,36758105,EMD-15663,IMP Vienna,580.6,Aligned motion-corrected dose-weighted micrograph averages of BIRC6 with CASP9,,micrographs - single frame
EMPIAR-12486,HSV-1 DNA polymerase-processivity factor complex in halted elongation state,EMDB,REL,2024-12-12T00:00:00Z,2025-02-10T00:00:00Z,"Gustavsson E, Grünewald K, Elias P, Hällberg BM",Dynamics of the Herpes simplex virus DNA polymerase holoenzyme during DNA synthesis and proof-reading revealed by Cryo-EM,10.1093/nar/gkae374,38806233,"EMD-16924,EMD-17013,EMD-16907,EMD-16925",Karolinska Institutet,1536.0,"Dataset 2 Unaligned multi-frame micrographs of HSV-1 DNA polymerase complex in halted elongation state,MotionCorr2 aligned single-frame micrographs of HSV-1 DNA polymerase complex in halted elongation state,Dataset 1 Unaligned multi-frame micrographs of HSV-1 DNA polymerase complex in halted elongation state",,"micrographs - single frame,micrographs - multiframe"
EMPIAR-12518,Single particle analysis datasets of in vitro grown aSyn filaments,EMDB,REL,2025-01-06T00:00:00Z,2025-02-10T00:00:00Z,"Brücke C, Al-Azzani M, Ramalingam N, Ramón M, Sousa RL, Buratti F, Zech M, Sicking K, Amaral L, Gelpi E, Chandran A, Agarwal A, Chaves S, Fernández CO, Dettmer U, Lautenschläger J, Zweckstetter M, Fernandez-Busnadiego R, Zimprich A, Outeiro TF",A novel alpha-synuclein G14R missense variant is associated with atypical neuropathological features.,10.1101/2024.09.23.24313864.,39399048,EMD-52165,"Experimental Neurodegeneration\, University Medical Center Goettingen,Institute of Neuropathology\, University Medical Center Goettingen",1023.5,"Dataset containing aSyn K58N TEM micrographs,Dataset containing aSyn G14R TEM micrographs,Dataset containing WT aSyn TEM micrographs",,micrographs - single frame
EMPIAR-12386,Vibrio cholerae DdmD-DdmE holo complex,EMDB,REL,2024-10-29T00:00:00Z,2025-02-10T00:00:00Z,"Loeff L, Adams DW, Chanez C, Stutzmann S, Righi L, Blokesch M, Jinek M",Molecular mechanism of plasmid elimination by the DdmDE defense system,10.1126/science.adq0534,38870273,EMD-50091,"Department of Biochemistry\, University of Zurich",1638.4,"Unaligned multi-frame micrographs of Vibrio cholerae DdmD-DdmE holo complex,Gain reference",,"micrographs - single frame,micrographs - multiframe"
EMPIAR-12387,Vibrio cholerae DdmD apo complex,EMDB,REL,2024-10-29T00:00:00Z,2025-02-10T00:00:00Z,"Loeff L, Adams DW, Chanez C, Stutzmann S, Righi L, Blokesch M, Jinek M",Molecular mechanism of plasmid elimination by the DdmDE defense system,10.1126/science.adq0534,38870273,EMD-50090,"Department of Biochemistry\, University of Zurich",1536.0,"Gain reference,Unaligned multi-frame micrographs of Vibrio cholerae DdmD apo complex",,"micrographs - single frame,micrographs - multiframe"
EMPIAR-12115,TniQ-capped TnsC-ATP-dsDNA complex,EMDB,REL,2024-02-05T00:00:00Z,2025-02-10T00:00:00Z,"Schmitz M, Querques I, Oberli S, Chanez C, Jinek M",Structural basis for the assembly of the type V CRISPR-associated transposon complex,10.1016/j.cell.2022.11.009,36435179,EMD-15974,"Department of Biochemistry\, University of Zurich",2969.6,"Gain reference 20210602,Gain reference 20210601,Unaligned multi-frame micrographs of the TniQ-capped Tns-ATP-dsDNA complex",,"micrographs - single frame,micrographs - multiframe"
EMPIAR-11515,cryo-EM structure of human tRNA(GlnUUG) - PUS4 and PUS7 modified,EMDB,REL,2023-03-31T00:00:00Z,2025-02-10T00:00:00Z,"Biela AD, Biela AP, Glatt S",Structures of human tRNAs by single particle cryo-EM,,,EMD-16941,Jagiellonian University,756.0,cryo-EM structure of human tRNA(GlnUUG) - PUS4 and PUS7 modified - averaged micrographs,,micrographs - single frame
EMPIAR-11519,cryo-EM structure of human tRNA(AspGUC) - PUS4 and PUS7 modified,EMDB,REL,2023-03-31T00:00:00Z,2025-02-10T00:00:00Z,"Biela AD, Biela AP, Glatt S",Structures of human tRNAs by single particle cryo-EM,,,EMD-16951,Jagiellonian University,659.5,cryo-EM structure of human tRNA(AspGUC) - PUS4 and PUS7 modified - averaged micrographs,,micrographs - single frame
EMPIAR-12116,Cas12k-sgRNA-dsDNA-S15-TniQ-TnsC transposon recruitment complex,EMDB,REL,2024-02-05T00:00:00Z,2025-02-04T00:00:00Z,"Schmitz M, Querques I, Oberli S, Chanez C, Jinek M",Structural basis for the assembly of the type V CRISPR-associated transposon complex,10.1016/j.cell.2022.11.009,36435179,"EMD-15976,EMD-15975","Department of Biochemistry\, University of Zurich",4608.0,"Unaligned multi-frame micrographs of the Cas12k-sgRNA-dsDNA-S15-TniQ-TnsC transposon recruitment complex,Gain reference",,"micrographs - single frame,micrographs - multiframe"
EMPIAR-12143,cryo-EM micrographs of RNF168(1-113)/UbcH5c~Ub/H2AK13Ub nucleosome complex,EMDB,REL,2024-06-18T00:00:00Z,2025-02-04T00:00:00Z,"Ai HS, Tong ZB, Deng ZH, Tian CL, Liu L, Pan M",Capturing Snapshots of Nucleosomal H2A K13/K15 Ubiquitination Mediated by the Monomeric E3 Ligase RNF168,,,"EMD-38101,EMD-60066",Tsinghua University,744.4,cryo-EM images of RNF168(1-113)/UbcH5c~Ub/H2AK13Ub nucleosome complex,,micrographs - single frame
EMPIAR-11514,cryo-EM structure of human tRNA(GlnUUG),EMDB,REL,2023-03-15T00:00:00Z,2025-02-04T00:00:00Z,"Biela AD, Biela AP, Glatt S",Structures of human tRNAs by single particle cryo-EM,,,EMD-16940,Jagiellonian University,536.7,cryo-EM structure of human tRNA(GlnUUG) - averaged micrographs,,micrographs - single frame
EMPIAR-12264,ShCas12k in complex with a sgRNA and a dsDNA target,EMDB,REL,2024-08-22T00:00:00Z,2025-02-03T00:00:00Z,"Querques I, Schmitz M, Oberli S, Chanez C, Jinek M",Target site selection and remodelling by type V CRISPR-transposon systems,10.1038/s41586-021-04030-z,34759315,EMD-13486,"Department of Biochemistry\, University of Zurich",1740.8,"Gain reference,Unaligned multi-frame micrographs of the ShCas12k in complex with a sgRNA and a dsDNA target",,"micrographs - single frame,micrographs - multiframe"
EMPIAR-12114,Scytonema hofmannii TnsC bound to AMPPNP and DNA,EMDB,REL,2024-02-05T00:00:00Z,2025-01-28T00:00:00Z,"Querques I, Schmitz M, Oberli S, Chanez C, Jinek M",Target site selection and remodelling by type V CRISPR-transposon systems,10.1038/s41586-021-04030-z,34759315,EMD-13489,"Department of Biochemistry\, University of Zurich",1331.2,"Unaligned multi-frame micrographs of the Scytonema hofmannii TnsC bound to AMPPNP and DNA,Gain reference",,"micrographs - single frame,micrographs - multiframe"
EMPIAR-12325,Cryo-EM images of NINJ1 disks,EMDB,REL,2024-06-21T00:00:00Z,2025-01-21T00:00:00Z,"David LD, Borges JP, Hollingsworth LR, Volchuk A, Jansen I, Garlick E, Steinberg BE, Wu HW",NINJ1 mediates plasma membrane rupture by cutting and releasing membrane disks,10.1016/j.cell.2024.03.008,38614101,EMD-42301,Boston Childrens Hospital,2969.6,"Motion corrected micrograph,Extracted particles",,"micrographs - single frame,picked particles - single frame - processed"
EMPIAR-12311,Cryo electron micrographs of AP-3 core bound to Arf1 and LAMPI on a lipid nanodisc,EMDB,REL,2024-09-27T00:00:00Z,2024-12-21T00:00:00Z,"Begley M, Aragon M, Baker RW",A structure-based mechanism for initiation of AP-3 coated vesicle formation,10.1101/2024.06.05.597630,38895279,"EMD-45208,EMD-45212,EMD-45210,EMD-45213,EMD-45209,EMD-45211,EMD-45207","Department of Biochemistry and Biophysics\, UNC Chapel Hill School of Medicine",1018.6,"aligned\, dose-weighted micrographs of AP-3 core and Arf1 Q71L bound to a nanodisc containing LAMP1 cargo peptide",,micrographs - single frame
EMPIAR-12310,Cryo electron micrographs of soluble human AP-3 core,EMDB,REL,2024-09-27T00:00:00Z,2024-12-21T00:00:00Z,"Begley M, Aragon M, Baker RW",A structure-based mechanism for initiation of AP-3 coated vesicle formation,10.1101/2024.06.05.597630,38895279,EMD-45214,"Department of Biochemistry and Biophysics\, UNC Chapel Hill School of Medicine",1536.0,"aligned\, dose-weighted micrographs of apo AP-3 core",,micrographs - single frame
EMPIAR-12445,Cryo electron microscopy of Medusavirus medusae nucleosome-like particle,EMDB,REL,2024-09-17T00:00:00Z,2024-12-03T00:00:00Z,"Toner CM, Hoitsma NM, Weerawarana S, Luger K",Characterization of Medusavirus encoded histones reveals nucleosome-like structures and a unique linker histone,10.1038/s41467-024-53364-5,39443461,"EMD-42053,EMD-45981","Department of Biochemistry\, University of Colorado Boulder",6758.4,"Unaligned multi-frame micrographs of the medusavirus core particle in EER format,CryoSPARC job of the final 3D reconstruction,Final particles used for reconstruction,Motion-corrected and dose-weighted micrographs,Gain ref file",,"micrographs - single frame,picked particles - multiframe - processed,reconstructed volumes,micrographs - multiframe"
EMPIAR-11847,cryo-EM structure of a non-neutralizing antibody V5-4 in complex with SARS-CoV-2 spike,EMDB,REL,2024-01-10T00:00:00Z,2024-12-01T00:00:00Z,Bajic G,Protective effect of human non-neutralizing cross-reactive spike antibodies elicited by SARS-CoV-2 mRNA vaccination,10.1016/j.celrep.2024.114922,39504245,EMD-43255,Icahn School of Medicine at Mount Sinai,517.5,aligned micrographs of the PVI.V5-4 antibody in complex with SARS-CoV-2 spike,,micrographs - single frame
EMPIAR-11607,Automethylated PRC2 dimer bound to nucleosome,EMDB,REL,2023-06-28T00:00:00Z,2024-11-08T00:00:00Z,"Sauer PV, Pavlenko E, Cookis T, Zirden LC, Renn J, Singhal A, Hunold P, Hoehne-Wiechmann MN, van Ray O, Kaschani F, Kaiser M, Hänsel-Hertsch R, Sanbonmatsu KY, Nogales E, Poepsel S",Activation of automethylated PRC2 by dimerization on chromatin,10.1016/j.molcel.2024.08.025,39303719,"EMD-41146,EMD-41110,EMD-41141","Molecular and Cell Biology Department\, UC Berkeley,Center for Molecular Medicine Cologne (CMMC) University of Cologne,QB3 Institute\, University of California\, Berkeley\, CA\, USA",1843.2,"Dataset2\, automethylated PRC2 dimer bound to nucleosome\, motion corrected\, dose weighted\, streptavidin subtracted,Dataset3\, H1 bound to nucleosome,Dataset4\, PRC2_J119-450 bound to H1-nucleosome\, motion corrected\, dose weighted\, streptavidin subtracted,Dataset1\, automethylated PRC2 dimer bound to nucleosome\, motion corrected\, dose weighted\, streptavidin subtracted",,micrographs - single frame
EMPIAR-12140,"Human PRC2 - RvLEAM(short) (1:6 molar ratio), 10 mM MgCl2",EMDB,REL,2024-02-29T00:00:00Z,2024-09-06T00:00:00Z,"Abe KM, Li G, He Q, Grant T, Lim C",Small LEA proteins as an effective air-water interface protectant for fragile samples during cryo-EM grid plunge freezing,,,EMD-43622,"University of Wisconsin\, Madison",380.5,Micrographs of Human PRC2 with RvLEAMshort (1:6 molar ratio) with 10 mM MgCl2,,micrographs - single frame
EMPIAR-12240,Cryo-EM structure of 1.51 Angstroms mouse heavy-chain apoferritin in 290 nm gold foil holes (HexAuFoil),EMDB,REL,2024-07-23T00:00:00Z,2024-09-03T00:00:00Z,"Wang CH, Wu KP, Chang YC",,,,EMD-60915,"Institute of Biological Chemistry\, Academia Sinica",3481.6,"Unaligned multi-frame movies of mouse heavy-chain apoferritin in 290 nm gold foil holes (HexAuFoil),Aligned and dose-weighted micrographs of mouse heavy-chain apoferritin in 290 nm gold foil holes (HexAuFoil) from the first 36 raw movie frames",,"micrographs - single frame,micrographs - multiframe"
EMPIAR-11755,CryoEM Structure of the human Trace Amine-Associated Receptor 1 bound to Ro5256390,EMDB,REL,2023-10-30T00:00:00Z,2024-09-03T00:00:00Z,"Zilberg G, Parpounas AK, Warren AL, Yang S, Wacker D",Molecular Basis of Human Trace Amine-Associated Receptor 1 Activation,10.1101/2023.09.06.556555,,EMD-42268,Icahn School of Medicine at Mount Sinai,668.9,Aligned and dose-weighted micrographs of human TA1 in complex with a Gs heterotrimer and Nb35 bound to Ro5256390,,micrographs - single frame
EMPIAR-12201,The Prothrombin-Prothrombinase Interaction,EMDB,REL,2023-11-14T00:00:00Z,2024-08-29T00:00:00Z,"Stojanovski BM, Mohammed BM, Di Cera E",,"10.1182/blood.2022015807,10.1007/978-3-031-58843-3_15","35427420,38963494","EMD-26061,EMD-42405",St. Louis University,149.4,Patch_aligned_doseweighted micrographs,,micrographs - single frame
EMPIAR-11510,Cryo-EM structure of human pseudouridine synthase 3,EMDB,REL,2023-03-28T00:00:00Z,2024-08-26T00:00:00Z,"Lin TY, Kleemann L, Jeżowski J, Dobosz D, Rawski M, Indyka P, Ważny G, Mehta R, Chramiec-Głąbik A, Koziej Ł, Ranff T, Fufezan C, Wawro M, Kochan J, Bereta J, Leidel SA, Glatt S",The molecular basis of tRNA selectivity by human pseudouridine synthase 3,10.1016/j.molcel.2024.06.013,38996458,EMD-16917,"Jagiellonian University Krakow,Malopolska Centrum Biotechnology",3481.6,Human PUS3 apo structure,,micrographs - single frame
EMPIAR-11556,Single particle reconstruction of the human LINE-1 ORF2p without substrate (apo),EMDB,REL,2023-05-23T00:00:00Z,2024-07-19T00:00:00Z,"Baldwin ET, van Eeuwen T, Hoyos D, Zalevsky A, Tchesnokov EP, Sánchez R, Miller BD, Di Stefano LH, Ruiz FX, Hancock M, Işik E, Mendez-Dorantes C, Walpole T, Nichols C, Wan P, Riento K, Halls-Kass R, Augustin M, Lammens A, Jestel A, Upla P, Xibinaku K, Congreve S, Hennink M, Rogala KB, Schneider AM, Fairman JE, Christensen SM, Desrosiers B, Bisacchi GS, Saunders OL, Hafeez N, Miao W, Kapeller R, Zaller DM, Sali A, Weichenrieder O, Burns KH, Götte M, Rout MP, Arnold E, Greenbaum BD, Romero DL, LaCava J, Taylor MS","Structures\, functions and adaptations of the human LINE-1 ORF2 protein",10.1038/s41586-023-06947-z,38096902,EMD-40856,Laboratory of Cellular and Structural Biology,1945.6,"Aligned single frame micrographs of apo LINE-1 ORF2p,Unaligned multiframe movies of apo LINE-1 ORF2p",,"micrographs - single frame,micrographs - multiframe"
EMPIAR-11344,Cryo electron tomography of chromatin condensed by PRC1-CBX8,EMDB,REL,2022-12-08T00:00:00Z,2024-07-16T00:00:00Z,"Uckelmann M, Levina V, Taveneau C, Ng XH, Pandey V, Zhang Q, Flannigan S, Li M, Das PP, de Marco A, Davidovich C",The three-dimensional structure of chromatin condensed by PRC1 is porous and accessible,,,EMD-29022,"Department of Biochemistry and Molecular Biology\, Biomedicine Discovery Institute\, Faculty of Medicine\, Nursing and Health Sciences\, Monash University\, Clayton\, Victoria\, Australia",8.7,"motion-corrected micrographs of tomogram #2,stack of tilt series for tomogram #1,stack of tilt series for tomogram #2,motion-corrected micrographs of tomogram #1",,"micrographs - single frame,tilt series"
EMPIAR-11511,Cryo-EM structure of human pseudouridine synthase 3 and tRNA-Gln,EMDB,REL,2023-04-03T00:00:00Z,2024-07-16T00:00:00Z,"Lin TY, Kleemann L, Jeżowski J, Dobosz D, Rawski M, Indyka P, Ważny G, Mehta R, Chramiec-Głąbik A, Koziej Ł, Ranff T, Fufezan C, Wawro M, Kochan J, Bereta J, Leidel SA, Glatt S",The molecular basis of tRNA selectivity by human pseudouridine synthase 3,10.1016/j.molcel.2024.06.013,38996458,EMD-16926,"Jagiellonian University Krakow,Malopolska Centrum Biotechnology",3481.6,Cryo-EM structure of human PUS3-tRNA complex,,micrographs - single frame
EMPIAR-11516,cryo-EM structure of human tRNA(GlyCCC),EMDB,REL,2023-03-31T00:00:00Z,2024-07-16T00:00:00Z,"Biela AD, Biela AP, Glatt S",Structures of human tRNAs by single particle cryo-EM,,,EMD-16943,Jagiellonian University,528.2,cryo-EM structure of human tRNA(GlyCCC) - averaged micrographs,,micrographs - single frame
EMPIAR-11518,cryo-EM structure of human tRNA(GluUUC) - PUS4 and PUS7 modified,EMDB,REL,2023-03-31T00:00:00Z,2024-07-16T00:00:00Z,"Biela AD, Biela AP, Glatt S",Structures of human tRNAs by single particle cryo-EM,,,EMD-16948,Jagiellonian University,536.7,cryo-EM structure of human tRNA(GluUUC) - PUS4 and PUS7 modified - averaged micrographs,,micrographs - single frame
EMPIAR-11792,Single-Particle Cryo-EM of DPS at Various Tilts,EMDB,REL,2023-11-27T00:00:00Z,2024-07-16T00:00:00Z,"Aiyer S, Baldwin PR, Tan SM, Shan Z, Oh J, Mehrani A, Bowman ME, Louie G, Passos DO, Đorđević-Marquardt S, Mietzsch M, Hull JA, Hoshika S, Barad BA, Grotjahn DA, McKenna R, Agbandje-McKenna M, Benner SA, Noel JAP, Wang D, Tan YZ, Lyumkis D",Overcoming Resolution Attenuation During Tilted Cryo-EM Data Collection,"10.1038/s41467-023-44555-7,10.1101/2023.07.14.548955",38195598,"EMD-36822,EMD-36817,EMD-36820,EMD-36821,EMD-36818,EMD-36816,EMD-36819","Salk Institute,National University of Singapore",114.7,"Unaligned multiframe movies of DPS collected at various tilts,Polished and equalized particles of DPS collected at various tilts,Aligned and dose-weighted micrographs of DPS collected at various tilts",,"micrographs - single frame,picked particles - multiframe - processed,micrographs - multiframe"
EMPIAR-11906,UFM1 ribosome E3 ligase complex bound to the 60S ribosomal subunit,EMDB,REL,2024-01-26T00:00:00Z,2024-07-12T00:00:00Z,"Makhlouf L, Peter JJ, Magnussen HM, Thakur R, Millrine D, Minshull TC, Harrison G, Varghese J, Lamoliatte F, Foglizzo M, Macartney T, Calabrese AN, Zeqiraj E, Kulathu Y",The UFM1 E3 ligase recognizes and releases 60S ribosomes from ER translocons,10.1038/s41586-024-07093-w,38383789,"EMD-18382,EMD-18381","Astbury Centre for Structural Molecular Biology\, University of Leeds,MRC Protein Phosphorylation & Ubiquitylation Unit\, University of Dundee",23142.4,"Unaligned multiframe micrographs in EER format of the UFM1 ribosome E3 ligase complex bound to the 60S ribosome subunit,Aligned micrographs of the UFM1 ribosome E3 ligase complex bound to the 60S ribosome subunit",,"micrographs - single frame,micrographs - multiframe"
EMPIAR-11517,cryo-EM structure of human tRNA(GlyCCC) - PUS4 and PUS7 modified,EMDB,REL,2023-03-31T00:00:00Z,2024-07-08T00:00:00Z,"Biela AD, Biela AP, Glatt S",Structures of human tRNAs by single particle cryo-EM,,,EMD-16945,Jagiellonian University,721.0,cryo-EM structure of human tRNA(GlyCCC) - PUS4 and PUS7 modified - averaged micrographs,,micrographs - single frame
EMPIAR-11752,Electron cryomicrographs collected as electron events on a direct electron detector for structure determination at 100 keV,EMDB,REL,2023-07-13T00:00:00Z,2024-07-08T00:00:00Z,"McMullan G, Naydenova K, Mihaylov D, Yamashita K, Peet MJ, Wilson H, Dickerson JL, Chen S, Cannone G, Lee Y, Hutchings KA, Gittins O, Sobhy MA, Wells T, El-Gomati MM, Dalby J, Meffert M, Schulze-Briese C, Henderson R, Russo CJ",Structure determination by cryoEM at 100 keV,10.1073/pnas.2312905120,38011573,"EMD-17960,EMD-17963,EMD-17961,EMD-17962,EMD-17968,EMD-17967,EMD-17958,EMD-17965,EMD-17964,EMD-17959,EMD-17966",MRC Laboratory of Molecular Biology,999.3,"Non-motion corrected super resolution images from electron events files provided in this deposition,Electron event files for Structure determination by cryoEM at 100 keV",,"micrographs - single frame,micrographs - multiframe"
EMPIAR-11796,Single-Particle Cryo-EM of Apoferritin at Various Tilts,EMDB,REL,2023-11-27T00:00:00Z,2024-07-04T00:00:00Z,"Aiyer S, Baldwin PR, Tan SM, Shan Z, Oh J, Mehrani A, Bowman ME, Louie G, Passos DO, Đorđević-Marquardt S, Mietzsch M, Hull JA, Hoshika S, Barad BA, Grotjahn DA, McKenna R, Agbandje-McKenna M, Benner SA, Noel JAP, Wang D, Tan YZ, Lyumkis D",Overcoming Resolution Attenuation During Tilted Cryo-EM Data Collection,"10.1038/s41467-023-44555-7,10.1101/2023.07.14.548955",38195598,"EMD-36811,EMD-36809,EMD-36812,EMD-36807,EMD-36810,EMD-36814,EMD-36813","Salk Institute,National University of Singapore",302.1,"Unaligned multiframe movies of apoferritin collected at various tilts,Polished and equalized particles of apoferritin collected at various tilts,Aligned and dose-weighted micrographs of apoferritin collected at various tilts",,"micrographs - single frame,picked particles - multiframe - processed,micrographs - multiframe"
EMPIAR-11841,Automatically collected tilt series on cryoFIB milled lamellae of Baker's Yeast,EMDB,REL,2023-12-12T00:00:00Z,2024-07-03T00:00:00Z,"Eisenstein F, Fukuda Y, Danev R",Smart Parallel Automated Cryo Electron tomography,,,EMD-38295,"Graduate School of Medicine\, The University of Tokyo",1228.8,"Meta information in form of mdoc files for all tilt series,Montages of lamellae and grids collected by SPACEtomo,Unaligned frames for all tilts of all tilt series of Yeast lamellae using SPACEtomo,Projections of reconstructed tomograms using AreTomo2",,"micrographs - single frame,stitched maps,tilt series,micrographs - multiframe"
EMPIAR-11763,Cryo-EM structure of 1-deoxy-D-xylulose 5-phosphate synthase (DXPS) from Plasmodium falciparum,EMDB,REL,2023-11-07T00:00:00Z,2024-06-18T00:00:00Z,"Gawriljuk V.O., Godoy A.S., Oerlemans R., Groves M.R.",Cryo-EM structure of 1-deoxy-D-xylulose 5-phosphate synthase (DXPS) from Plasmodium falciparum,,,EMD-18842,"Instituto de Fisica de Sao Carlos\, Universidade de Sao Paulo\, Sao Carlos\, SP\, Brazil,Department of Drug Design\, Groningen Research Institute of Pharmacy\, University of Groningen",67.1,Aligned multiframe micrographs,,micrographs - single frame
EMPIAR-11789,CryoEM movies of nitrogenase (MoFeP + FeP) from Azotobacter vinelandii under catalytic turnover conditions,EMDB,REL,2023-08-08T00:00:00Z,2024-06-17T00:00:00Z,"Rutledge HL, Cook BD, Nguyen HPM, Herzik MA, Tezcan FA",Structures of the nitrogenase complex prepared under catalytic turnover conditions,10.1126/science.abq7641,35901182,"EMD-26759,EMD-26760,EMD-26761,EMD-26763,EMD-26762,EMD-26758","Department of Chemistry and Biochemistry\, University of California\, San Diego",5017.6,"Aligned micrographs of nitrogenase (MoFeP + FeP) from Azotobacter vinelandii under catalytic turnover conditions,Gain file for motion correction of unaligned micrographs of nitrogenase (MoFeP + FeP) from Azotobacter vinelandii under catalytic turnover conditions,Unaligned micrographs of nitrogenase (MoFeP + FeP) from Azotobacter vinelandii under catalytic turnover conditions",,"micrographs - single frame,micrographs - multiframe"
EMPIAR-12106,Cryo-EM micrographs of human RYBP-PRC1 bound to unmodified mononucleosome,EMDB,REL,2024-05-21T00:00:00Z,2024-06-13T00:00:00Z,"Ciapponi MC, Karlukova E, Schkölziger S, Benda C, Müller J",Structural basis of the histone ubiquitination read-write mechanism of RYBP-PRC1,10.1038/s41594-024-01258-x,38528151,EMD-17797,"Department of Structural Cell Biology\, Max-Planck Institute of Biochemistry,Laboratory of Chromatin Biology\, Max-Planck Institute of Biochemistry",1331.2,MotionCor2-Aligned micrographs of human RYBP-PRC1 bound to unmodified nucleosome,,micrographs - single frame
EMPIAR-12087,Cryo-EM micrographs of human RYBP-PRC1 bound to H2Aub1 mononucleosome,EMDB,REL,2024-05-09T00:00:00Z,2024-06-11T00:00:00Z,"Ciapponi MC, Karlukova E, Schkölziger S, Benda C, Müller J",Structural basis of the histone ubiquitination read-write mechanism of RYBP-PRC1,10.1038/s41594-024-01258-x,38528151,EMD-17796,"Department of Structural Cell Biology\, Max-Planck Institute of Biochemistry,Laboratory of Chromatin Biology\, Max-Planck Institute of Biochemistry",935.6,Aligned multi-frame micrographs of human RYBP-PRC1 bound to H2Aub1 nucleosome,,micrographs - single frame
EMPIAR-11929,"CryoEM of Tropomyosin-receptor kinase fused gene protein (TRK-fused gene protein; TFG) Low Complexity Domain (residues 237-327) G269V mutant, amyloid fibers",EMDB,REL,2024-02-21T00:00:00Z,2024-06-11T00:00:00Z,"Rosenberg GM, Abskharon R, Boyer DR, Ge P, Sawaya MR, Eisenberg DS",Fibril structures of TFG protein mutants validate the identification of TFG as a disease-related amyloid protein by the IMPAcT method,10.1093/pnasnexus/pgad402,38077690,EMD-41195,"Department of Biological Chemistry\, UCLA-DOE Institute\, Molecular Biology Institute\, UCLA",1331.2,Aligned and dose-weighted micrographs of amyloid fibrils formed by the LCD of TFG with the G269V mutation,,micrographs - single frame
EMPIAR-11925,Structural basis of human U5 snRNP late biogenesis and recycling (single particle cryo-EM dataset),EMDB,REL,2024-01-25T00:00:00Z,2024-05-20T00:00:00Z,"Riabov Bassat D, Visanpattanasin S, Vorländer MK, Fin L, Phillips AW, Plaschka C",Structural basis of human U5 snRNP late biogenesis and recycling,10.1038/s41594-024-01243-4,38467876,"EMD-18235,EMD-18229,EMD-18238,EMD-18234,EMD-18239,EMD-18237",Forschungsinstitut für Molekulare Pathologie,1843.2,"Particles for Map 2,Particles for Map 5 and 6,Motion-corrected micrographs (doseweighted),Particles for Map 1,Motion-corrected micrographs (non-doseweighted),Particles for Map 4,Particles for Map 3",,"micrographs - single frame,picked particles - single frame - processed"
EMPIAR-12036,Structure of an ALYREF-exon junction complex hexamer,EMDB,REL,2024-01-16T00:00:00Z,2024-05-20T00:00:00Z,"Pacheco-Fiallos B, Vorländer MK, Riabov-Bassat D, Fin L, O'Reilly FJ, Ayala FI, Schellhaas U, Rappsilber J, Plaschka C",mRNA recognition and packaging by the human transcription-export complex,10.1038/s41586-023-05904-0,37020021,EMD-14803,Forschungsinstitut für Molekulare Pathologie,6758.4,"CryoSPARC job of the final 3D reconstruction,Final particles used for reconstruction,Motion-corrected micrographs,Motion-corrected and dose-weighted micrographs,Gainref file for motion correction of compressed movies,Unaligned multi-frame micrographs of the ALYREF-EJX hexamer in EER format",,"micrographs - single frame,picked particles - multiframe - processed,reconstructed volumes,micrographs - multiframe"
EMPIAR-11798,Cryo-EM micrographs of human α1B/βI+βIVb microtubules bound to GMPCPP decorated with TTLL6,EMDB,REL,2023-11-20T00:00:00Z,2024-05-20T00:00:00Z,"Mahalingan KK, Grotjahn DA, Li Y, Lander GC, Zehr EA, Roll-Mecak A",Structural basis for α-tubulin-specific and modification state-dependent glutamylation,10.1038/s41589-024-01599-0,38658656,"EMD-42884,EMD-41022,EMD-41018,EMD-41090",National Institutes of Health,146.9,Micrographs of human α1B/βI+βIVb microtubules bound to GMPCPP decorated with TTLL6,,micrographs - single frame
EMPIAR-11861,Structure of an endogenous human TREX complex bound to mRNA (single particle cryo-EM dataset),EMDB,REL,2024-01-16T00:00:00Z,2024-05-13T00:00:00Z,"Pacheco-Fiallos B, Vorländer MK, Riabov-Bassat D, Fin L, O'Reilly FJ, Ayala FI, Schellhaas U, Rappsilber J, Plaschka C",mRNA recognition and packaging by the human transcription-export complex,10.1038/s41586-023-05904-0,37020021,EMD-14804,Forschungsinstitut für Molekulare Pathologie,6758.4,"Unaligned movies in compressed TIFF format collected on a K3 detector (dataset 2),Unaligned movies in compressed TIFF format collected on a K3 detector (dataset 1),Gainref file for motion correction of compressed tiff movies (dataset 1),Motion-corrected micrographs (dataset 2),Motion-corrected micrographs (dataset 1),Gainref file for motion correction of compressed tiff movies (dataset 2)",,"micrographs - single frame,micrographs - multiframe"
EMPIAR-11898,Cryo-EM micrographs of engineered encapsulin P3P4,EMDB,REL,2024-01-12T00:00:00Z,2024-03-26T00:00:00Z,"Satler T, Jerala R",,,,EMD-19521,National Institute of Chemistry,69.3,"Aligned multi-frame micrographs of engineered Encapsulin P3P4,Unaligned multi-frame micrographs of engineered Encapsulin P3P4,Picked particles of engineered Encapsulin P3P4",,"micrographs - single frame,picked particles - single frame - processed,micrographs - multiframe"
EMPIAR-11797,Single-Particle Cryo-EM of RNA Polymerase at Various Tilts,EMDB,REL,2023-11-27T00:00:00Z,2024-03-26T00:00:00Z,"Aiyer S, Baldwin PR, Tan SM, Shan Z, Oh J, Mehrani A, Bowman ME, Louie G, Passos DO, Đorđević-Marquardt S, Mietzsch M, Hull JA, Hoshika S, Barad BA, Grotjahn DA, McKenna R, Agbandje-McKenna M, Benner SA, Noel JAP, Wang D, Tan YZ, Lyumkis D",Overcoming Resolution Attenuation During Tilted Cryo-EM Data Collection,"10.1038/s41467-023-44555-7,10.1101/2023.07.14.548955",38195598,EMD-41695,"Salk Institute,National University of Singapore",487.4,"Unaligned multiframe movies of RNA polymerase collected at various tilts,Aligned and dose-weighted micrographs of RNA polymerase collected at various tilts,Polished and equalized particles of RNA polymerase collected at various tilts",,"micrographs - single frame,picked particles - multiframe - processed,micrographs - multiframe"
EMPIAR-11954,Directed evolution of and structural insights into antibody-mediated disruption of a stable receptor-ligand complex,EMDB,REL,2024-03-08T00:00:00Z,2024-03-20T00:00:00Z,"Pennington LF, Gasser P, Kleinboelting S, Zhang C, Skiniotis G, Eggel A, Jardetzky TS",Directed evolution of and structural insights into antibody-mediated disruption of a stable receptor-ligand complex,10.1038/s41467-021-27397-z,34862384,EMD-25136,"Department of Molecular and Cellular Physiology\, Stanford University School of Medicine,Department of Structural Biology\, Stanford University School of Medicine,Department of Rheumatology and Immunology\, University Hospital Bern",52.0,clone 7-scFv2:IgE-Fc2–4(G335C):FcεRIα(W156C) complex,,micrographs - single frame
EMPIAR-11501,Cryo-EM structure of the chain-elongating E3 ubiquitin ligase UBR5,EMDB,REL,2023-03-28T00:00:00Z,2024-02-13T00:00:00Z,"Hodáková Z, Grishkovskaya I, Brunner HL, Bolhuis DL, Belačić K, Schleiffer A, Kotisch H, Brown NG, Haselbach D",Cryo-EM structure of the chain-elongating E3 ligase UBR5,10.1101/2022.11.03.515015,,EMD-16087,Research Institute of Molecular Pathology,2150.4,"Motion-corrected and dose-weighted micrographs of UBR5-fOM dataset with 30degree tilt,Motion-corrected and dose-weighted micrographs of UBR5-fOM dataset 3,Motion-corrected and dose-weighted micrographs of UBR5-fOM dataset with no tilt,Motion-corrected and dose-weighted micrographs of UBR5-CHAPSO dataset,Motion-corrected and dose-weighted micrographs of UBR5-fOM dataset",,micrographs - single frame
EMPIAR-11791,Single-Particle Cryo-EM of AAV2 at Various Tilts,EMDB,REL,2023-11-23T00:00:00Z,2024-02-13T00:00:00Z,"Aiyer S, Baldwin PR, Tan SM, Shan Z, Oh J, Mehrani A, Bowman ME, Louie G, Passos DO, Đorđević-Marquardt S, Mietzsch M, Hull JA, Hoshika S, Barad BA, Grotjahn DA, McKenna R, Agbandje-McKenna M, Benner SA, Noel JAP, Wang D, Tan YZ, Lyumkis D",Overcoming resolution attenuation during tilted cryo-EM data collection,"10.1038/s41467-023-44555-7,10.1101/2023.07.14.548955",38195598,"EMD-36768,EMD-36772,EMD-36767,EMD-36770,EMD-36766,EMD-36771,EMD-36769","Salk Institute,National University of Singapore",730.4,"Polished and equalized particles of AAV2 collected at various tilts,Unaligned multiframe movies of AAV2 collected at various tilts,Aligned and dose-weighted micrographs of AAV2 collected at various tilts",,"micrographs - single frame,picked particles - multiframe - processed,micrographs - multiframe"
EMPIAR-11875,Human CPSF160-WDR33-CPSF30 complex bound to the PAS AAUAAA motif,EMDB,REL,2024-01-24T00:00:00Z,2024-02-06T00:00:00Z,"Clerici M, Faini M, Muckenfuss LM, Aebersold R, Jinek M",Structural basis of AAUAAA polyadenylation signal recognition by the human CPSF complex,10.1038/s41594-017-0020-6,29358758,EMD-4225,"Department of Biology\, Institute of Molecular Systems Biology\, ETH Zurich,Department of Biochemistry\, University of Zurich",1228.8,"Gain reference,Unaligned multi-frame micrographs of human CPSF160-WDR33-CPSF30 complex bound to the PAS AAUAAA motif",,"micrographs - single frame,micrographs - multiframe"
EMPIAR-11491,Cryo-EM micrographs of Sweet Potato Feathery Mosaic Virus,EMDB,REL,2023-03-30T00:00:00Z,2024-02-01T00:00:00Z,"Chase O, Javed A, Byrne MJ, Thuenemann EC, Lomonosoff GP, Ranson NA, Lopez-Moya JJ",CryoEM structures of a potyvirus and an ipomovirus that infect sweet potato as common natural host,,,EMD-15345,"Leeds University,Department of Structural and Molecular Biology",204.8,Motion-corrected micrographs of SPFMV filaments,,micrographs - single frame
EMPIAR-11490,Cryo-EM micrographs of Sweet Potato Mild Mottle Virus,EMDB,REL,2023-03-30T00:00:00Z,2024-02-01T00:00:00Z,"Chase O, Javed A, Byrne MJ, Thuenemann EC, Lomonosoff GP, Ranson NA, Lopez-Moya JJ",CryoEM structures of a potyvirus and an ipomovirus that infect sweet potato as common natural host,,,EMD-15346,"Leeds University,Department of Structural and Molecular Biology",141.3,Motion-corrected micrographs of SPMMV filaments,,micrographs - single frame
EMPIAR-11840,Structure of BARD1 ARD-BRCTs in complex with H2AKc15ub nucleosomes,EMDB,REL,2023-08-25T00:00:00Z,2024-02-01T00:00:00Z,"Burdett H, Foglizzo M, Musgrove LJ, Kumar D, Clifford G, Campbell LJ, Heath GR, Zeqiraj E, Wilson MD",BRCA1-BARD1 combines multiple chromatin recognition modules to bridge nascent nucleosomes,10.1093/nar/gkad793,37823591,"EMD-17928,EMD-16859","Astbury Centre for Structural Molecular Biology\, University of Leeds,Wellcome Centre for Cell Biology\, University of Edinburgh",10649.6,"Aligned micrographs of BARD1 ARD-BRCTs in complex with H2AKc15ub nucleosomes,Unaligned multiframe movies in the EER format of BARD1 ARD-BRCTs in complex with H2AKc15ub nucleosomes",,"micrographs - single frame,micrographs - multiframe"
EMPIAR-11779,SpCas9 bound to 6 nucleotide complementary DNA substrate,EMDB,REL,2023-11-10T00:00:00Z,2024-01-23T00:00:00Z,"Pacesa M, Loeff L, Querques I, Muckenfuss LM, Sawicka M, Jinek M",R-loop formation and conformational activation mechanisms of Cas9,10.1038/s41586-022-05114-0,36002571,EMD-14493,"Department of Biochemistry\, University of Zurich",1536.0,"Gain reference,Unaligned multi-frame micrographs of SpCas9 bound to 6 nucleotide complementary DNA substrate",,"micrographs - single frame,micrographs - multiframe"
EMPIAR-11795,CryoEM movies of nitrogenase (MoFeP + FeP) from Azotobacter vinelandii under catalytic turnover conditions with inhibitor BeFx,EMDB,REL,2023-08-12T00:00:00Z,2024-01-15T00:00:00Z,"Rutledge HL, Cook BD, Nguyen HPM, Herzik Jr MA, Tezcan FA",Structures of the nitrogenase complex prepared under catalytic turnover conditions,10.1126/science.abq7641,35901182,EMD-26764,"Department of Chemistry and Biochemistry\, University of California\, San Diego",5939.2,"Aligned micrographs of nitrogenase (MoFeP + FeP) from Azotobacter vinelandii under catalytic turnover conditions with inhibitor BeFx.,Unaligned multi-frame micrographs of nitrogenase (MoFeP + FeP) from Azotobacter vinelandii under catalytic turnover conditions with inhibitor BeFx.,Unaligned multi-frame micrographs of nitrogenase (MoFeP + FeP) from Azotobacter vinelandii under catalytic turnover conditions with inhibitor BeFx,Aligned micrographs of nitrogenase (MoFeP + FeP) from Azotobacter vinelandii under catalytic turnover conditions with inhibitor BeFx,Unaligned multi-frame micrographs of nitrogenase (MoFeP + FeP) from Azotobacter vinelandii under catalytic turnover conditions with inhibitor BeFx at 15 degree tilt,Aligned micrographs of nitrogenase (MoFeP + FeP) from Azotobacter vinelandii under catalytic turnover conditions with inhibitor BeFx at 25 degree tilt,Unaligned multi-frame micrographs of nitrogenase (MoFeP + FeP) from Azotobacter vinelandii under catalytic turnover conditions with inhibitor BeFx at 25 degree tilt,Aligned micrographs of nitrogenase (MoFeP + FeP) from Azotobacter vinelandii under catalytic turnover conditions with inhibitor BeFx at 15 degree tilt",,"micrographs - single frame,micrographs - multiframe"
EMPIAR-11783,SpCas9 bound to 18 nucleotide complementary DNA substrate in the catalytic state,EMDB,REL,2023-11-10T00:00:00Z,2023-12-11T00:00:00Z,"Pacesa M, Loeff L, Querques I, Muckenfuss LM, Sawicka M, Jinek M",R-loop formation and conformational activation mechanisms of Cas9,10.1038/s41586-022-05114-0,36002571,EMD-14499,"Department of Biochemistry\, University of Zurich",1843.2,"SpCas9 bound to 18 nucleotide complementary DNA substrate in the catalytic state,Gain reference",,"micrographs - single frame,micrographs - multiframe"
EMPIAR-11782,SpCas9 bound to 16 nucleotide complementary DNA substrate,EMDB,REL,2023-11-10T00:00:00Z,2023-12-11T00:00:00Z,"Pacesa M, Loeff L, Querques I, Muckenfuss LM, Sawicka M, Jinek M",R-loop formation and conformational activation mechanisms of Cas9,10.1038/s41586-022-05114-0,36002571,EMD-14498,"Department of Biochemistry\, University of Zurich",1331.2,"Gain reference,Unaligned multi-frame micrographs of SpCas9 bound to 16 nucleotide complementary DNA substrate",,"micrographs - single frame,micrographs - multiframe"
EMPIAR-11786,SpCas9 bound to 10 nucleotide complementary DNA substrate,EMDB,REL,2023-11-10T00:00:00Z,2023-12-11T00:00:00Z,"Pacesa M, Loeff L, Querques I, Muckenfuss LM, Sawicka M, Jinek M",R-loop formation and conformational activation mechanisms of Cas9,10.1038/s41586-022-05114-0,36002571,EMD-14500,"Department of Biochemistry\, University of Zurich",157.5,"Gain reference,Unaligned multi-frame micrographs of SpCas9 bound to 10 nucleotide complementary DNA substrate",,"micrographs - single frame,micrographs - multiframe"
EMPIAR-11787,SpCas9 bound to 8 nucleotide complementary DNA substrate,EMDB,REL,2023-11-10T00:00:00Z,2023-12-11T00:00:00Z,"Pacesa M, Loeff L, Querques I, Muckenfuss LM, Sawicka M, Jinek M",R-loop formation and conformational activation mechanisms of Cas9,10.1038/s41586-022-05114-0,36002571,EMD-14494,"Department of Biochemistry\, University of Zurich",1433.6,"Unaligned multi-frame micrographs of SpCas9 bound to 8 nucleotide complementary DNA substrate,Gain reference",,"micrographs - single frame,micrographs - multiframe"
EMPIAR-11780,SpCas9 bound to 12 nucleotide complementary DNA substrate,EMDB,REL,2023-10-26T00:00:00Z,2023-12-11T00:00:00Z,"Pacesa M, Loeff L, Querques I, Muckenfuss LM, Sawicka M, Jinek M",R-loop formation and conformational activation mechanisms of Cas9,10.1038/s41586-022-05114-0,36002571,EMD-14496,"Department of Biochemistry\, University of Zurich",1126.4,"Gain reference,Unaligned multi-frame micrographs of SpCas9 bound to 12 nucleotide complementary DNA substrat2",,"micrographs - single frame,micrographs - multiframe"
EMPIAR-11781,SpCas9 bound to 14 nucleotide complementary DNA substrate,EMDB,REL,2023-11-10T00:00:00Z,2023-12-11T00:00:00Z,"Pacesa M, Loeff L, Querques I, Muckenfuss LM, Sawicka M, Jinek M",R-loop formation and conformational activation mechanisms of Cas9,10.1038/s41586-022-05114-0,36002571,EMD-14497,"Department of Biochemistry\, University of Zurich",2150.4,"Unaligned multi-frame micrographs of SpCas9 bound to 14 nucleotide complementary DNA substrate,Gain reference",,"micrographs - single frame,micrographs - multiframe"
EMPIAR-11761,Structural architecture of the acidic region of the B domain of coagulation factor V,EMDB,REL,2023-11-02T00:00:00Z,2023-12-04T00:00:00Z,"Mohammed BM, Basore K, Summers B, Pelc LA, Di Cera E",Structural architecture of the acidic region of the B domain of coagulation factor V,,,"EMD-41402,EMD-41407,EMD-41401,EMD-41403,EMD-41411,EMD-23048,EMD-41400,EMD-41408",Saint Louis University,447.1,Structural architecture of the acidic region of the B domain of coagulation factor V,,micrographs - single frame
EMPIAR-11703,Clostridium difficile binary toxin translocase CDTb tetradecamer in symmetric and asymmetric conformations,EMDB,REL,2023-05-05T00:00:00Z,2023-12-04T00:00:00Z,"Xu X, Godoy-Ruiz R, Adipietro KA, Peralta C, Ben-Hail D, Varney KM, Cook ME, Roth BM, Wilder PT, Cleveland T, Grishaev A, Neu HM, Michel SLJ, Yu W, Beckett D, Rustandi RR, Lancaster C, Loughney JW, Kristopeit A, Christanti S, Olson JW, MacKerell AD, Georges AD, Pozharski E, Weber DJ",Structure of the cell-binding component of the <i>Clostridium difficile</i> binary toxin reveals a di-heptamer macromolecular assembly,10.1073/pnas.1919490117,31896582,"EMD-20927,EMD-20926","CUNY ASRC,CUNY Advanced Science Research Center",1843.2,"multi-frame micrographs of CDTB,motion-corrected micrographs of CDTB (no DW),motion-corrected micrographs of CDTB (DW)",,"micrographs - single frame,micrographs - multiframe"
EMPIAR-11760,Cryo-EM structure of H2DIDS-bound human Anion Exchanger 1,EMDB,REL,2023-10-13T00:00:00Z,2023-11-06T00:00:00Z,"Capper MJ, Yang S, Stone AC, Vatansever S, Zilberg G, Mathiharan YK, Habib R, Hutchinson K, Zhao Y, Schlessinger A, Mezei M, Osman R, Zhang B, Wacker D",Substrate binding and inhibition of the anion exchanger 1 transporter,10.1038/s41594-023-01085-6,37679563,EMD-26167,Icahn School of Medicine at Mount Sinai,965.1,Aligned and dose-weighted micrographs of SLC4A1/AE1 bound to H2DIDS,,micrographs - single frame
EMPIAR-11567,Cryogenic electron microscopy structure of human plakophilin-3,EMDB,REL,2023-05-19T00:00:00Z,2023-10-31T00:00:00Z,"Gupta J, Rangarajan ES, Troyanovsky RB, Indra I, Troyanovsky SM, Izard T",Plakophilin-3 Binds the Membrane and Filamentous Actin without Bundling F-Actin,10.3390/ijms24119458,,EMD-40675,UF Scripps Biomedical Research,8704.0,"Unaligned multi frame micrographs of plakophilin-3,Motioncorrected micrographs of plakophilin-3 dataset.",,"micrographs - single frame,micrographs - multiframe"
EMPIAR-11734,Structure and dynamics of a pentameric KCTD5/Cullin3/GBeta1Gamma2 E3 ubiquitin ligase complex,EMDB,REL,2023-09-20T00:00:00Z,2023-10-31T00:00:00Z,"Nguyen DM, Rath DH, Devost D, Pétrin D, Rizk R, Ji AX, Narayanan N, Yong D, Zhai A, Kuntz DA, Mian MUQ, Pomroy NC, Keszei AFA, Benlekbir S, Mazhab-Jafari MT, Rubinstein JL, Hébert TE, Privé GG",Structure and dynamics of a pentameric KCTD5/CUL3/Gβγ E3 ubiquitin ligase complex.,"10.1101/2023.09.20.558662,10.1073/pnas.2315018121",38625940,"EMD-42003,EMD-42004,EMD-41994,EMD-42001,EMD-41995,EMD-42005,EMD-42011,EMD-42006,EMD-42008,EMD-42009,EMD-42002,EMD-41998,EMD-41997,EMD-42000,EMD-41999,EMD-42007,EMD-42010,EMD-41996",Princess Margaret Cancer Centre,8704.0,"K5C3Gbg1 Krios Data Grid 1 multiframe micrographs,K5C3Gbg1 Krios Data Grid 2 multiframe micrographs,MotionCorrected Data for normal(Grid1+Grid2) K5C3Gbg,K5C3Gbg Krios Data Grid 2 TILT multiframe micrographs. Collected with 40 degree tilt.,MotionCorrected Data for K5C3Gbg Grid2 TILT,K5C3Gbg Particles",,"micrographs - single frame,picked particles - single frame - processed,micrographs - multiframe"
EMPIAR-11725,Cryo-EM structure of Bicarbonate-bound human Anion Exchanger 1,EMDB,REL,2023-10-13T00:00:00Z,2023-10-23T00:00:00Z,"Capper MJ, Yang S, Stone AC, Vatansever S, Zilberg G, Mathiharan YK, Habib R, Hutchinson K, Zhao Y, Schlessinger A, Mezei M, Osman R, Zhang B, Wacker D",Substrate binding and inhibition of the anion exchanger 1 transporter,10.1038/s41594-023-01085-6,37679563,EMD-26168,Icahn School of Medicine at Mount Sinai,461.5,Aligned and dose-weighted micrographs of SLC4A1/AE1 bound to bicarbonate,,micrographs - single frame
EMPIAR-11727,Cryo-EM structure of Niflumic Acid-bound human Anion Exchanger 1,EMDB,REL,2023-10-17T00:00:00Z,2023-10-23T00:00:00Z,"Capper MJ, Yang S, Stone AC, Vatansever S, Zilberg G, Mathiharan YK, Habib R, Hutchinson K, Zhao Y, Schlessinger A, Mezei M, Osman R, Zhang B, Wacker D",Substrate binding and inhibition of the anion exchanger 1 transporter,10.1038/s41594-023-01085-6,37679563,EMD-26169,Icahn School of Medicine at Mount Sinai,463.1,Aligned and dose-weighted micrographs of SLC4A1/AE1 bound to niflumic acid,,micrographs - single frame
EMPIAR-11726,Cryo-EM structure of DIDS-bound human Anion Exchanger 1,EMDB,REL,2023-10-13T00:00:00Z,2023-10-23T00:00:00Z,"Capper MJ, Yang S, Stone AC, Vatansever S, Zilberg G, Mathiharan YK, Habib R, Hutchinson K, Zhao Y, Schlessinger A, Mezei M, Osman R, Zhang B, Wacker D",Substrate binding and inhibition of the anion exchanger 1 transporter,10.1038/s41594-023-01085-6,37679563,EMD-41082,Icahn School of Medicine at Mount Sinai,518.9,Aligned and dose-weighted micrographs of SLC4A1/AE1 bound to DIDS,,micrographs - single frame
EMPIAR-11729,Cryo-EM structure of human Anion Exchanger 1 modified with Diethyl Pyrocarbonate (DEPC),EMDB,REL,2023-10-17T00:00:00Z,2023-10-23T00:00:00Z,"Capper MJ, Yang S, Stone AC, Vatansever S, Zilberg G, Mathiharan YK, Habib R, Hutchinson K, Zhao Y, Schlessinger A, Mezei M, Osman R, Zhang B, Wacker D",Substrate binding and inhibition of the anion exchanger 1 transporter,10.1038/s41594-023-01085-6,37679563,EMD-26171,Icahn School of Medicine at Mount Sinai,407.0,Aligned and dose-weighted micrographs of SLC4A1/AE1 modified with Diethyl Pyrocarbonate (DEPC),,micrographs - single frame
EMPIAR-11728,Cryo-EM structure of Dipyridamole-bound human Anion Exchanger 1,EMDB,REL,2023-10-17T00:00:00Z,2023-10-23T00:00:00Z,"Capper MJ, Yang S, Stone AC, Vatansever S, Zilberg G, Mathiharan YK, Habib R, Hutchinson K, Zhao Y, Schlessinger A, Mezei M, Osman R, Zhang B, Wacker D",Substrate binding and inhibition of the anion exchanger 1 transporter,10.1038/s41594-023-01085-6,37679563,EMD-41081,Icahn School of Medicine at Mount Sinai,401.3,Aligned and dose-weighted micrographs of SLC4A1/AE1 bound to Dipyridamole,,micrographs - single frame
EMPIAR-11719,Cryogenic electron microscopy spa datset of a membrane-bound menaquinol:organohalide oxidoreductase,EMDB,REL,2023-10-09T00:00:00Z,2023-10-23T00:00:00Z,"Ekundayo BE, Ni DC, Stahlberg H",Structure of a membrane-bound menaquinol:organohalide oxidoreductase,10.1101/2023.07.04.547610,,EMD-18148,EPFL/UNIL SB IPHYS LBEM,861.5,Aligned DW micrographs of a membrane-bound menaquinol:organohalide oxidoreductase RDH complex (cryoEM SPA),,micrographs - single frame
EMPIAR-11720,Regularisation by denoising lowers the size barrier of cryo-EM structure determination,EMDB,REL,2023-10-14T00:00:00Z,2023-10-20T00:00:00Z,"Kimanius D, Jamali K, Wilkinson M, Lövestam S, Velazhahan V, Nakane T, Scheres SHW",Regularisation by denoising lowers the size barrier of cryo-EM structure determination,,,EMD-17806,MRC Laboratory of Molecular Biology,81.5,"Aligned movies (MotionCorr),Polished particles",,"micrographs - single frame,picked particles - multiframe - processed"
EMPIAR-11341,cryo-EM structure of a broadly neutralizing anti-SARS-CoV-2 antibody STI-9167,EMDB,REL,2022-10-04T00:00:00Z,2023-10-13T00:00:00Z,"Atanasoff KE, Brambilla L, Adelsberg DC, Kowdle S, Stevens CS, Slamanig S, Hung C-T, Fu Y, Lim R, Tran L, Allen R, Sun W, Duty JA, Bajic G, Lee B, Tortorella D",An <i>in vitro</i> experimental pipeline to characterize the epitope of a SARS-CoV-2 neutralizing antibody,10.1128/mbio.02477-23,38054729,EMD-28537,Icahn School of Medicine at Mount Sinai,1843.2,"Aligned\, dose-weighted micrographs of STI-9167 in complex with SARS-CoV-2 spike",,micrographs - single frame
EMPIAR-11693,"EM ladder: four-species cryoEM protein mix for workflow and algorithm benchmarking: Apoferritin, beta-galactosidase, PP7 VLPs and TMV",EMDB,REL,2023-08-25T00:00:00Z,2023-10-10T00:00:00Z,"Bobe D, Eng E, Kopylov M",,,,"EMD-41919,EMD-41924,EMD-41923,EMD-41917",New York Structural Biology Center,98.7,"Multi-species cryoEM calibration and workflow verification standard: ApoF\, beta-gal\, PP7 VLPs and TMV",,micrographs - single frame
EMPIAR-11472,Single particle cryo-EM dataset of human nucleolar and nuclear pre-60S assembly intermediates,EMDB,REL,2022-12-06T00:00:00Z,2023-09-26T00:00:00Z,"Vanden Broeck A, Klinge S",Principles of human pre-60<i>S</i> biogenesis,10.1126/science.adh3892,37410842,"EMD-29153,EMD-29126,EMD-29114,EMD-29134,EMD-29267,EMD-29110,EMD-29256,EMD-29274,EMD-29104,EMD-29188,EMD-29106,EMD-29180,EMD-29122,EMD-29150,EMD-29159,EMD-29164,EMD-29135,EMD-29196,EMD-29276,EMD-29255,EMD-29129,EMD-29271,EMD-29132,EMD-29168,EMD-29195,EMD-29148,EMD-29187,EMD-29137,EMD-29160,EMD-29206,EMD-29192,EMD-29173,EMD-29121,EMD-29261,EMD-29202,EMD-29108,EMD-29170,EMD-29151,EMD-29154,EMD-29183,EMD-29165,EMD-29263,EMD-29157,EMD-29127,EMD-29197,EMD-29130,EMD-29120,EMD-29152,EMD-29176,EMD-29146,EMD-29175,EMD-29272,EMD-29105,EMD-29253,EMD-29162,EMD-29269,EMD-29193,EMD-29185,EMD-29131,EMD-29128,EMD-29262,EMD-29136,EMD-29145,EMD-29141,EMD-29199,EMD-29133,EMD-29198,EMD-29260,EMD-29166,EMD-29186,EMD-29140,EMD-29201,EMD-29205,EMD-29143,EMD-29258,EMD-29257,EMD-29155,EMD-29259,EMD-29113,EMD-29117,EMD-29163,EMD-29254,EMD-29111,EMD-29268,EMD-29115,EMD-29139,EMD-29273,EMD-29252,EMD-29169,EMD-29181,EMD-29124,EMD-29109,EMD-29138,EMD-29158,EMD-29184,EMD-29179,EMD-29194,EMD-29171,EMD-29161,EMD-29116,EMD-29125,EMD-29167,EMD-29277,EMD-29149,EMD-29265,EMD-29204,EMD-29200,EMD-29147,EMD-29156,EMD-29182,EMD-29119,EMD-29275,EMD-29142,EMD-29266,EMD-29123,EMD-29112,EMD-29144,EMD-29107,EMD-29177,EMD-29178,EMD-29118,EMD-29174,EMD-29189","Laboratory of Protein and Nucleic Acid Chemistry\, The Rockefeller University",143872.0,"Polished particle stack of human nucleolar and nuclear pre-60S assembly intermediates,Unaligned multi-frame micrographs of human nucleolar and nuclear pre-60S assembly intermediates - Dataset 4,Unaligned multi-frame micrographs of human nucleolar and nuclear pre-60S assembly intermediates - Dataset 1,Unaligned multi-frame micrographs of human nucleolar and nuclear pre-60S assembly intermediates - Dataset 3,Unaligned multi-frame micrographs of human nucleolar and nuclear pre-60S assembly intermediates - Dataset 2",,"micrographs - single frame,micrographs - multiframe"
EMPIAR-11605,AP2 bound to Y-cargo motif of Tgn38 in the presence of heparin,EMDB,REL,2023-06-30T00:00:00Z,2023-08-20T00:00:00Z,"Partlow EA, Cannon KS, Hollopeter G, Baker RW",Structural basis of an endocytic checkpoint that primes the AP2 clathrin adaptor for cargo internalization,10.1038/s41594-022-00749-z,35347313,EMD-24712,University of North Carolina at Chapel Hill,523.1,"Motion corrected\, dose-weighted micgrographs",,micrographs - single frame
EMPIAR-11400,Negative stain EM structure of the NF155 extracellular domain,EMDB,REL,2023-01-23T00:00:00Z,2023-08-18T00:00:00Z,"McKie SJ, Nicholson AS, Smith E, Fawke S, Caroe ER, Williamson JC, Butt BG, Kolářová D, Peterka O, Holčapek M, Lehner PJ, Graham SC, Deane JE",Altered plasma membrane abundance of the sulfatide-binding protein NF155 links glycosphingolipid imbalances to demyelination,"10.1073/pnas.2218823120,10.1101/2022.09.15.508082",,EMD-16540,University of Cambridge,1.5,Raw micrograph images of NF155 full length extracellular domain,,micrographs - single frame
EMPIAR-11604,AP2 in the presence of heparin,EMDB,REL,2023-07-05T00:00:00Z,2023-08-18T00:00:00Z,"Partlow EA, Cannon KS, Hollopeter G, Baker RW",Structural basis of an endocytic checkpoint that primes the AP2 clathrin adaptor for cargo internalization,10.1038/s41594-022-00749-z,35347313,"EMD-24711,EMD-24710",University of North Carolina at Chapel Hill,267.5,"Motion corrected\, dose-weighted micrographs from two data collection sessions",,micrographs - single frame
EMPIAR-11615,Cryo-EM Motion Corrected Micrographs of Human Prothrombin:Prothrombinase,EMDB,REL,2023-07-13T00:00:00Z,2023-07-28T00:00:00Z,"Ruben EA, Summers B, Rau MJ, Fitzpatrick JAJ, Di Cera E",Cryo-EM structure of the prothrombin-prothrombinase complex,10.1182/blood.2022015807,35427420,EMD-26060,Saint Louis University,3584.0,Motion Corrected Micrographs of Human prothrombin:prothrombinase,,micrographs - single frame
EMPIAR-11479,Human dimeric alpha-catenin binding to F-actin,EMDB,REL,2023-02-11T00:00:00Z,2023-07-25T00:00:00Z,"Rangarajan ES, Smith EW, Izard T",Distinct inter-domain interactions of dimeric versus monomeric α-catenin link cell junctions to filaments,10.1038/s42003-023-04610-x,36928388,"EMD-26860,EMD-26772","UF Scripps Biomedical Research,UF Biomedical Research",10854.4,"Patch motion corrected micrographs,Unaligned multi frame micrographs representing raw movies",,"micrographs - single frame,micrographs - multiframe"
EMPIAR-11564,AP2 bound to MSPE3D1 lipid nanodisc with tyrosine cargo peptide,EMDB,REL,2023-03-07T00:00:00Z,2023-07-25T00:00:00Z,"Cannon KS, Sarsam RD, Tedamrongwanish T, Zhang K, Baker RW",Lipid nanodiscs as a template for high-resolution cryo-EM structures of peripheral membrane proteins,"10.1016/j.jsb.2023.107989,10.1101/2023.03.07.531120",37364761,EMD-16804,University of North Carolina at Chapel Hill,1024.0,"Aligned\, dose-weighted micrographs of the AP2 clathrin adaptor bound to an MSPE3D1 nanodisc with embedded tyrosine cargo",,micrographs - single frame
EMPIAR-11608,Structure and dynamics of the essential endogenous mycobacterial polyketide synthase Pks13,EMDB,REL,2023-06-29T00:00:00Z,2023-07-25T00:00:00Z,"Kim SK, Dickinson MS, Finer-Moore J, Guan Z, Kaake RM, Echeverria I, Chen J, Pulido EH, Sali A, Krogan NJ, Rosenberg OS, Stroud RM",Structure and dynamics of the essential endogenous mycobacterial polyketide synthase Pks13,10.1038/s41594-022-00918-0,36782050,"EMD-26574,EMD-27003,EMD-27005,EMD-27002,EMD-27004","Department of Biochemistry and Biophysics\, University of California San Francisco",7884.8,"Unaligned multi-frame micrographs of mycobacterial polyketide synthase 13,Aligned dose weighted images",,"micrographs - single frame,micrographs - multiframe"
EMPIAR-11485,Human alpha-catenin monomer,EMDB,REL,2023-02-12T00:00:00Z,2023-07-18T00:00:00Z,"Rangarajan ES, Smith EW, Izard T",Distinct inter-domain interactions of dimeric versus monomeric α-catenin link cell junctions to filaments,10.1038/s42003-023-04610-x,36928388,EMD-27717,"UF Scripps Biomedical Research,UF Biomedical Research",8908.8,"Patch motion corrected micrographs.,Unaligned raw multi frame micrographs",,"micrographs - single frame,micrographs - multiframe"
EMPIAR-11241,Structure of an Escherichia coli 70S ribosome stalled by Tetracenomycin X during translation of an MAAAPQK(C) peptide,EMDB,REL,2022-09-07T00:00:00Z,2023-07-10T00:00:00Z,"Leroy EC, Perry TN, Renault TT, Innis CA",Tetracenomycin X sequesters peptidyl-tRNA during translation of QK motifs,10.1038/s41589-023-01343-0,37322159,EMD-14956,INSERM U1212 CNRS UMR 5320 University of Bordeaux,948.5,"Gain reference,Unaligned multi-frame micrographs of an E. coli 70S-MAAAPQKC-TcmX ribosomal complex",,"micrographs - single frame,micrographs - multiframe"
EMPIAR-11163,E. coli 50S ribosome bound to SLC31,EMDB,REL,2022-08-07T00:00:00Z,2023-06-30T00:00:00Z,"Seiple IB, Pellegrino J, Fraser JS, Lee DJ, Yeon SK",SLC collection of antibiotic analogs,,,EMD-27884,University of California San Francisco,3686.4,"unaligned movies,dose weighted micrographs",,"micrographs - single frame,micrographs - multiframe"
EMPIAR-11162,E. coli 50S ribosome bound to SLC30,EMDB,REL,2022-08-07T00:00:00Z,2023-06-30T00:00:00Z,"Seiple IB, Pellegrino J, Fraser JS, Lee DJ, Yeon SK",SLC collection of antibiotic analogs,,,EMD-27883,University of California San Francisco,2662.4,"unaligned movies,dose weighted micrographs",,"micrographs - single frame,micrographs - multiframe"
EMPIAR-11160,E. coli 50S ribosome bound to SLC21,EMDB,REL,2022-08-07T00:00:00Z,2023-06-30T00:00:00Z,"Seiple IB, Pellegrino J, Fraser JS, Lee DJ, Yeon SK",SLC collection of antibiotic analogs,,,EMD-27881,University of California San Francisco,1638.4,"unaligned movies,dose weighted micrographs",,"micrographs - single frame,micrographs - multiframe"
EMPIAR-11159,E. coli 50S ribosome bound to SLC17,EMDB,REL,2022-08-07T00:00:00Z,2023-06-30T00:00:00Z,"Seiple IB, Pellegrino J, Fraser JS, Lee DJ, Yeon SK",SLC collection of antibiotic analogs,,,EMD-27880,University of California San Francisco,1536.0,"unaligned movies,dose weighted micrographs",,"micrographs - single frame,micrographs - multiframe"
EMPIAR-11158,E. coli 50S ribosome bound to SLC09,EMDB,REL,2022-08-07T00:00:00Z,2023-06-30T00:00:00Z,"Seiple IB, Pellegrino J, Fraser JS, Lee DJ, Yeon SK",SLC collection of antibiotic analogs,,,EMD-27879,University of California San Francisco,1843.2,"unaligned movies,dose weighted micrographs",,"micrographs - single frame,micrographs - multiframe"
EMPIAR-11161,E. coli 50S ribosome bound to SLC26,EMDB,REL,2022-08-07T00:00:00Z,2023-06-30T00:00:00Z,"Seiple IB, Pellegrino J, Fraser JS, Lee DJ, Yeon SK",SLC collection of antibiotic analogs,,,EMD-27882,University of California San Francisco,2355.2,"unaligned movies,dose weighted micrographs",,"micrographs - single frame,micrographs - multiframe"
EMPIAR-11157,E. coli 50S ribosome bound to compound streptogramin A analog 3336,EMDB,REL,2022-08-07T00:00:00Z,2023-06-30T00:00:00Z,"Seiple IB, Pellegrino J, Fraser JS, Lee DJ, Li Q",VatA DMS with streptogramin A analogs,,,EMD-27878,University of California San Francisco,2457.6,"unaligned movies,dose weighted micrographs",,"micrographs - single frame,micrographs - multiframe"
EMPIAR-11569,CryoEM micrographs of the leptin–leptin receptor complex,EMDB,REL,2023-05-02T00:00:00Z,2023-06-30T00:00:00Z,"Saxton RA, Caveney NA, Moya-Garzon MD, Householder KD, Rodriguez GE, Burdsall KA, Long JZ, Garcia KC",Structural insights into the mechanism of leptin receptor activation,10.1038/s41467-023-37169-6,37002197,"EMD-27432,EMD-27434,EMD-27433",Stanford University,11673.6,"Aligned micrographs of leptin receptor complex full ECD,Unaligned micrographs of truncated leptin receptor complex",,"micrographs - single frame,micrographs - multiframe"
EMPIAR-11151,E. coli 50S ribosome bound to streptogramin A analog 3146,EMDB,REL,2022-08-05T00:00:00Z,2023-06-29T00:00:00Z,"Seiple IB, Pellegrino J, Fraser JS, Lee DJ, Li Q",Streptogramin A analogs,,,EMD-27858,University of California San Francisco,2150.4,"unaligned movies,dose weighted micrographs",,"micrographs - single frame,micrographs - multiframe"
EMPIAR-11150,E. coli 50S ribosome bound to streptogramin A analog 3142,EMDB,REL,2022-08-05T00:00:00Z,2023-06-29T00:00:00Z,"Seiple IB, Pellegrino J, Fraser JS, Lee DJ, Li Q",Streptogramin A analogs,,,EMD-27852,University of California San Francisco,5427.2,"unaligned movies,dose weighted micrographs",,"micrographs - single frame,micrographs - multiframe"
EMPIAR-11146,E. coli 50S ribosome bound to compound streptogramin analogs SA1 and SB1,EMDB,REL,2022-05-27T00:00:00Z,2023-06-29T00:00:00Z,"Takahashi Y, Seiple IB, Pellegrino J, Fraser JS, Lee DJ",Potential for clicked streptogramin analogs,,,EMD-27854,University of California San Francisco,1331.2,"unaligned movies of 50S E. coli ribosome bound to clickSA and clickSB,dose weighted micrographs of 50S E. coli ribosome bound to clickSA and clickSB",,"micrographs - single frame,micrographs - multiframe"
EMPIAR-11147,E. coli 50S ribosome bound to compound streptogramin analog SAB001,EMDB,REL,2022-05-25T00:00:00Z,2023-06-29T00:00:00Z,"Takahashi Y, Seiple IB, Pellegrino J, Fraser JS, Lee DJ",Potential for clicked streptogramin analogs,,,EMD-27855,University of California San Francisco,1638.4,"unaligned movies of 50S E. coli ribosome bound to SAB001,dose weighted micrographs of 50S E. coli ribosome bound to SAB001",,"micrographs - single frame,micrographs - multiframe"
EMPIAR-11148,E. coli 50S ribosome bound to compound SAB002,EMDB,REL,2022-04-12T00:00:00Z,2023-06-29T00:00:00Z,"Takahashi Y, Seiple IB, Pellegrino J, Fraser JS, Lee DJ",Potential for clicked streptogramin analogs,,,EMD-27857,University of California San Francisco,2457.6,"unaligned movies of 50S E. coli ribosome bound to SAB002,dose weighted micrographs of 50S E. coli ribosome bound to SAB002",,"micrographs - single frame,micrographs - multiframe"
EMPIAR-11154,E. coli 50S ribosome bound to solithromycin and VM1,EMDB,REL,2022-08-07T00:00:00Z,2023-06-29T00:00:00Z,"Seiple IB, Pellegrino J, Fraser JS, Lee DJ, Boyce JH",Solithromycin siderophore conjugates,,,EMD-27869,University of California San Francisco,3276.8,"unaligned movies,dose weighted micrographs",,"micrographs - single frame,micrographs - multiframe"
EMPIAR-11153,E. coli 50S ribosome bound to L-linker solithromycin conjugate,EMDB,REL,2022-08-07T00:00:00Z,2023-06-29T00:00:00Z,"Seiple IB, Pellegrino J, Fraser JS, Lee DJ, Boyce JH",Solithromycin siderophore conjugates,,,EMD-27868,University of California San Francisco,835.4,"unaligned movies,dose weighted micrographs",,"micrographs - single frame,micrographs - multiframe"
EMPIAR-11167,Unaligned and aligned cryo-EM micrographs of 82-kDa malate synthase G,EMDB,REL,2022-08-18T00:00:00Z,2023-06-23T00:00:00Z,"Ho MR, Wu YM, Lu YC, Ko TP, Wu KP",Cryo-EM reveals the structure and dynamics of a 723-residue malate synthase G,10.1016/j.jsb.2023.107958,36997036,"EMD-34029,EMD-34030","Institute of Biological Chemistry\, Academia Sinica",227.3,"aligned micrographs,unaligned micrographs of MSG",,"micrographs - single frame,micrographs - multiframe"
EMPIAR-11500,Cryo-EPty SPA at CSA of 1.03 mrad,EMDB,REL,2023-04-06T00:00:00Z,2023-06-20T00:00:00Z,"Pei X, Zhou L, Huang C, Boyce M, Kim JS, Liberti E, Hu Y, Sasaki T, Nellist PD, Zhang P, Stuart DI, Kirkland AI, Wang P",Cryogenic electron ptychographic single particle analysis with wide bandwidth information transfer,10.1038/s41467-023-38268-0,37230988,EMD-35828,"the University of Warwick,Nanjing University",0.25585938,cryo-EPty phase images,,micrographs - single frame
EMPIAR-11503,Cryo-EPty SPA at CSA of 3.26 mrad,EMDB,REL,2023-04-09T00:00:00Z,2023-06-20T00:00:00Z,"Pei X, Zhou L, Huang C, Boyce M, Kim JS, Liberti E, Hu Y, Sasaki T, Nellist PD, Zhang P, Stuart DI, Kirkland AI, Wang P",Cryogenic electron ptychographic single particle analysis with wide bandwidth information transfer,10.1038/s41467-023-38268-0,37230988,EMD-35916,"the University of Warwick,Nanjing University",2.1,cryo-EPty phase images,,micrographs - single frame
EMPIAR-11504,Cryo-EPty SPA at CSA of 4.83 mrad,EMDB,REL,2023-04-12T00:00:00Z,2023-06-20T00:00:00Z,"Pei X, Zhou L, Huang C, Boyce M, Kim JS, Liberti E, Hu Y, Sasaki T, Nellist PD, Zhang P, Stuart DI, Kirkland AI, Wang P",Cryogenic electron ptychographic single particle analysis with wide bandwidth information transfer,10.1038/s41467-023-38268-0,37230988,EMD-35917,"the University of Warwick,Nanjing University",3.9,cryo-EPty phase images,,micrographs - single frame
EMPIAR-11553,PIC-Mediator in complex with +1 nucleosome (T40N),EMDB,REL,2023-02-01T00:00:00Z,2023-05-23T00:00:00Z,"Chen X, Wang X, Liu W, Ren Y, Qu X, Li J, Yin X, Xu Y",Structures of +1 nucleosome-bound PIC-Mediator complex,10.1126/science.abn8131,36201575,EMD-34359,Fudan University,1740.8,Aligned and averaged multi-frame micrographs of PIC-Mediator in complex with +1 nucleosome (T40N) in MH-binding state,,micrographs - single frame
EMPIAR-11521,CryoEM of E. coli RNA polymerase Sigma N bound to mismatch DNA fragment dhsU36mm2 (-12A),EMDB,REL,2023-04-05T00:00:00Z,2023-05-16T00:00:00Z,"Mueller AU, Chen J, Wu M, Chiu C, Nixon BT, Campbell EA, Darst SA",A general mechanism for transcription bubble nucleation in bacteria,10.1073/pnas.2220874120,36972428,"EMD-28783,EMD-28785,EMD-28784",The Rockefeller University,8396.8,"Unaligned micrographs (raw movies),Particle images for map 2 (subtracted particles),Motion-corrected micrographs,Particle images for map 1,Non-dose-weighted motion-corrected micrographs",,"micrographs - single frame,picked particles - single frame - processed,micrographs - multiframe"
EMPIAR-11522,CryoEM of E. coli RNA polymerase Sigma N bound to full duplex DNA fragment dhsU36 (-12T),EMDB,REL,2023-04-06T00:00:00Z,2023-05-16T00:00:00Z,"Mueller AU, Chen J, Wu M, Chiu C, Nixon BT, Campbell EA, Darst SA",A general mechanism for transcription bubble nucleation in bacteria,10.1073/pnas.2220874120,36972428,"EMD-28786,EMD-28791,EMD-28790",The Rockefeller University,2457.6,"Motion-corrected micrographs (dose-weighted),Particle images for map 1,Particle images for map 2 (subtracted particles),Unaligned micrographs (raw movies)",,"micrographs - single frame,picked particles - single frame - processed,micrographs - multiframe"
EMPIAR-11523,CryoEM of E. coli RNA polymerase Sigma N bound to mismatch DNA fragment dhsU36mm1 (-12T),EMDB,REL,2023-04-07T00:00:00Z,2023-05-16T00:00:00Z,"Mueller AU, Chen J, Wu M, Chiu C, Nixon BT, Campbell EA, Darst SA",A general mechanism for transcription bubble nucleation in bacteria,10.1073/pnas.2220874120,36972428,"EMD-28792,EMD-28794,EMD-28797",The Rockefeller University,4505.6,"Motion-corrected micrographs (dose-weighted),Particle images for map 1,Particle images for map 2 (subtracted particles),Unaligned micrographs (raw movies)",,"micrographs - single frame,picked particles - single frame - processed,micrographs - multiframe"
EMPIAR-11443,HMP1/alpha-catenin monomer,EMDB,REL,2023-02-12T00:00:00Z,2023-05-11T00:00:00Z,"Rangarajan ES, Smith EW, Izard T","The nematode α-catenin ortholog\, HMP1\, has an extended α-helix when bound to actin filaments",10.1016/j.jbc.2022.102817,36539037,EMD-26748,UF Scripps Biomedical Research,7475.2,"Curated\, patch motion corrected and patch CTF estimated micrographs.,Unaligned multi frame micrographs of FL HMP1-alpha-catenin.",,"micrographs - single frame,micrographs - multiframe"
EMPIAR-11465,Cryo electron tomography dataset of purified human TREX-mRNPs,EMDB,REL,2023-02-21T00:00:00Z,2023-05-11T00:00:00Z,"Pacheco-Fiallos B, Vorländer MK, Riabov-Bassat D, Fin L, O'Reilly FJ, Ayala FI, Schellhaas U, Rappsilber J, Plaschka C",mRNA recognition and packaging by the human transcription-export complex,10.1038/s41586-023-05904-0,37020021,EMD-16753,Forschungsinstitut für Molekulare Pathologie,1126.4,"Unbinned\, unaligned tilt series as output by SerialEM.,Motion corrected tilt exposures,Compressed movies of individual tilt exposures,Extracted subtomograms that were used in the final reconstruction,Reconstructed tomograms\, binned to a pixel size of 10 Å/px,Denoised\, reconstructed tomograms\, binned to a pixel size of 10 Å/px",,"reconstructed volumes,micrographs - multiframe,subtomograms,tilt series,micrographs - single frame"
EMPIAR-11524,ARE-ABCF VmlR2 in complex with the 70S ribosome,EMDB,REL,2022-11-30T00:00:00Z,2023-04-28T00:00:00Z,"Obana N, Takada H, Crowe-McAuliffe C, Iwamoto M, Egorov A, Yu KJY, Chiba S, Murina V, Paternoga H, Tresco BIC, Nomura N, Myers AG, Atkinson GC, Wilson DW, Hauryliuk V","Genome-encoded ABCF factors implicated in intrinsic antibiotic resistance in Gram-positive bacteria: VmlR2\, Ard1 and CplR",10.1093/nar/gkad193,36951104,EMD-16246,"Institute for Biochemistry and Molecular Biology\, University of Hamburg,Institute for Biochemistry and Molecular Biology\,  Universität Hamburg,Department of Experimental Medical Science\, Lund University",338.6,Aligned micrographs of Bacillus subtilis 70S ribosome in complex with VmlR2,,micrographs - single frame
EMPIAR-11362,Sarecycline inhibits protein translation in Cutibacterium acnes 70S ribosome using a two-site mechanism,EMDB,REL,2022-12-06T00:00:00Z,2023-04-11T00:00:00Z,"Lomakin IB, Devarkar SC, Patel S, Grada A, Bunick CG",Sarecycline inhibits protein translation in Cutibacterium acnes 70S ribosome using a two-site mechanism,10.1093/nar/gkad103,36864821,EMD-26959,"Department of Dermatology\, Yale School of Medicine,Department of Dermatalogy\, Yale School of Medicine",6348.8,"Non-Dose-Weighted Motion Corrected Micrographs for Sarecycline bound 70S Ribosome from C. acnes,Extracted particle stack based on Template picking from cryoSPARC,Dose-Weighted Motion Corrected Micrographs for Sarecycline bound 70S Ribosome from C. acnes,Raw multiframe micrographs for Sarecycline bound 70S Ribosome from C. acnes",,"micrographs - single frame,picked particles - single frame - processed,micrographs - multiframe"
EMPIAR-11405,Cryo-EM structure of the ribosome/Sec61 translocon with a macrocyclic inhibitor KZR-8445,EMDB,REL,2023-01-13T00:00:00Z,2023-03-27T00:00:00Z,"Rehan S, Tranter D, Sharp PP, Lowe E, Anderl JL, Muchamuel T, Abrishami V, Kuivanen S, Wenzell N, Jennings A, Kalyanaraman C, Craven GB, Strandin T, Javanainen M, Vapalahti O, Jacobson M, McMinn D, Kirk CJ, Huiskonen JT, Taunton J, Paavilainen VO",Signal peptide mimicry primes Sec61 for client-selective inhibition,10.1101/2022.07.03.498529,,EMD-14776,"Omass Therapeutics,HiLife Institute of Biotechnology\, University of Helsinki",13209.6,"Unaligned micrographs of the ribosome/Sec61/KZR-8445 complex,Motion corrected micrographs of the ribosome/Sec61/KZR-8445 complex",,"micrographs - single frame,micrographs - multiframe"
EMPIAR-11440,HMP1/alpha-catenin binding with actin filaments,EMDB,REL,2023-01-31T00:00:00Z,2023-03-16T00:00:00Z,"Rangarajan ES, Smith EW, Izard T","The nematode α-catenin ortholog\, HMP1\, has an extended α-helix when bound to actin filaments",10.1016/j.jbc.2022.102817,36539037,EMD-26805,UF Scripps Biomedical Research,17305.6,"Patch motion corrected and patch ctf estimated micrographs.,Unaligned multi frame micrographs of F-actin bound HMP-1/alpha-catenin.",,"micrographs - single frame,micrographs - multiframe"
EMPIAR-11042,Cryo-iDPC-STEM structure of TMV - convergence semi-angle 4.0 mrad,EMDB,REL,2022-04-29T00:00:00Z,2023-03-03T00:00:00Z,"Lazić I, Wirix M, Leidl ML, de Haas F, Mann D, Beckers M, Pechnikova EV, Müller-Caspary K, Egoavil R, Bosch EGT, Sachse C",Single-particle cryo-EM structures from iDPC-STEM at near-atomic resolution,"10.1101/2021.10.12.464113,10.1038/s41592-022-01586-0",36064775,EMD-13781,"Materials and Structural Analysis Division\, Thermo Fisher Scientific,Structural Biology\, Ernst Ruska-Centre for Microscopy and Spectroscopy with Electrons\, Forschungszentrum Jülich GmbH",1.2,"Unfiltered iDPC-STEM micrographs,Gaussian high-pass filtered iDPC-STEM micrographs",,micrographs - single frame
EMPIAR-11039,CryoEM structure of Go-coupled 5-HT5AR in complex with Methylergometrine,EMDB,REL,2022-04-28T00:00:00Z,2023-03-01T00:00:00Z,"Zhang S, Chen H, Zhang C, Yang Y, Popov P, Liu J, Krumm BE, Cao C, Kim K, Xiong Y, Katritch V, Shoichet BK, Jin J, Fay JF, Roth BL",Inactive and active state structures template selective tools for the human 5-HT<sub>5A</sub> receptor,10.1038/s41594-022-00796-6,35835867,EMD-26599,"UNC Department of Pharmacology,UNC at Chapel Hill",924.6,Aligned multi-frame micrographs,,micrographs - single frame
EMPIAR-11397,CryoEM micrographs of mouse apoferritin in a range of ice thicknesses on different microscope setups,EMDB,REL,2022-11-30T00:00:00Z,2023-02-27T00:00:00Z,"Neselu K, Wang B, Rice WJ, Potter CS, Carragher B, Chua EYD",Measuring the effects of ice thickness on resolution in single particle cryo-EM,10.1016/j.yjsbx.2023.100085,36742017,"EMD-29593,EMD-29555,EMD-29559,EMD-29594,EMD-29566,EMD-29574,EMD-29573,EMD-29567,EMD-29535,EMD-29558,EMD-29557,EMD-29577,EMD-29568,EMD-29556,EMD-29592,EMD-29554,EMD-29589,EMD-29591,EMD-29576,EMD-29536,EMD-29513,EMD-29570,EMD-29569,EMD-29393,EMD-29575",New York Structural Biology Center,5836.8,"Aligned and dose weighted micrographs of mouse apoferritin collected on a 200 kV Arctica microscope with a K3 detector sorted by counting or super resolution mode and ice thickness,Aligned and dose weighted micrographs of mouse apoferritin sorted by ice thickness collected on a 200 kV Glacios microscope with a Falcon3 detector in integrating mode,Raw movie frames of mouse apoferritin collected on a 200 kV Arctica microscope with a K3 detector in super resolution mode,Raw movie frames of mouse apoferritin collected on a 200 kV Arctica microscope with a K3 detector in counting mode,Aligned and dose weighted micrographs of mouse apoferritin sorted by energy filtered state and ice thickness collected on a 300 kV Krios microscope with a K3 detector in counting mode",,"micrographs - single frame,micrographs - multiframe"
EMPIAR-11156,Cryo-EM data of alpha-synuclein A53T fibril induced by CaCl2,EMDB,REL,2022-08-16T00:00:00Z,2023-02-22T00:00:00Z,"Wu KP, Huang JYC",Cryo-EM data of alpha-synuclein A53T fibril induced by CaCl2,,,EMD-32637,"Institute of Biological Chemistry\, Academia Sinica",158.0,Motion corrected alpha-synuclein A53T fibrils induced by CaCl2,,micrographs - single frame
EMPIAR-11082,Nudaurelia capensis omega virus maturation intermediate captured at pH6.25 (insect cell expressed VLPs),EMDB,REL,2022-06-17T00:00:00Z,2023-02-14T00:00:00Z,"Castells-Graells R, Hesketh EL, Johnson JE, Ranson NA, Lawson DM, Lomonossoff GP",Decoding virus maturation with cryo-EM structures of intermediates,,,EMD-15209,John Innes Centre,13824.0,"aligned and dose-weighted micrographs,unaligned movies",,"micrographs - single frame,micrographs - multiframe"
EMPIAR-11065,Nudaurelia capensis omega virus procapsid at pH7.6 (insect cell expressed VLPs),EMDB,REL,2022-06-13T00:00:00Z,2023-02-14T00:00:00Z,"Castells-Graells R, Hesketh EL, Johnson JE, Ranson NA, Lawson DM, Lomonossoff GP",Decoding virus maturation with cryo-EM structures of intermediates,,,EMD-15134,John Innes Centre,13414.4,"aligned and dose-weighted micrographs,unaligned movies",,"micrographs - single frame,micrographs - multiframe"
EMPIAR-11060,Nudaurelia capensis omega virus maturation intermediate captured at pH5.9 (insect cell expressed VLPs),EMDB,REL,2022-06-08T00:00:00Z,2023-02-13T00:00:00Z,"Castells-Graells R, Hesketh EL, Johnson JE, Ranson NA, Lawson DM, Lomonossoff GP",Decoding virus maturation with cryo-EM structures of intermediates,,,EMD-15112,John Innes Centre,13107.2,"aligned and dose-weighted micrographs,unaligned movies",,"micrographs - single frame,micrographs - multiframe"
EMPIAR-11083,Nudaurelia capensis omega virus maturation intermediates captured at pH5.6 (insect cell expressed VLPs),EMDB,REL,2022-06-27T00:00:00Z,2023-02-13T00:00:00Z,"Castells-Graells R, Hesketh EL, Johnson JE, Ranson NA, Lawson DM, Lomonossoff GP",Decoding virus maturation with cryo-EM structures of intermediates,,,EMD-15209,John Innes Centre,21708.8,"aligned and dose-weighted micrographs,unaligned movies",,"micrographs - single frame,micrographs - multiframe"
EMPIAR-11155,Cryo-EM data of alpha-synuclein A53T fibril,EMDB,REL,2022-08-16T00:00:00Z,2023-02-01T00:00:00Z,"Wu KP, Huang JYC",Cryo-EM studies of alpha-synuclein A53T amyloid fibril,,,EMD-32636,"Institute of Biological Chemistry\, Academia Sinica",233.8,motion corrected micrographs,,micrographs - single frame
EMPIAR-11354,Single particle cryo-EM dataset for E. coli MlaFEDB bound to MlaC,EMDB,REL,2022-11-03T00:00:00Z,2023-01-30T00:00:00Z,"MacRae MR, Puvanendran D, Haase MAB, Coudray N, Kolich L, Lam C, Baek M, Bhabha G, Ekiert DC",Protein-protein interactions in the Mla lipid transport system probed by computational structure prediction and deep mutational scanning,"10.1016/j.jbc.2023.104744,10.1101/2022.12.09.519820",37100290,EMD-40162,NYU,5120.0,"Aligned frames of MlaFEDB & MlaC complex (untilted dataset),Aligned frames of MlaFEDB & MlaC complex (tilted dataset),Unaligned frames of MlaFEDB & MlaC complex (untilted dataset),unaligned frames of MlaFEDB & MlaC complex (tilted dataset)",,"micrographs - single frame,micrographs - multiframe"
EMPIAR-11113,Integration of an event-driven Timepix3 hydrid pixel detector into a cryo-EM workflow,EMDB,REL,2022-06-09T00:00:00Z,2023-01-30T00:00:00Z,"van Schayck JP, Zhang Y, Knoops K, Peters PJ, Ravelli RBG",Integration of an event-driven Timepix3 hydrid pixel detector into a cryo-EM workflow,,,EMD-15389,"Division of Nanoscopy\, Maastricht MultiModal Molecular Imaging Institute (M4I)\, FHML\, Maastricht University",2764.8,"Processed but unaligned Timepix3 data. Processed with CNN-ToT event localisation\, chip edge correction\, deterministic blur (sigma=0.5) and stored at two times super resolution and gain corrected.,Raw\, unprocessed Timepix3 data.",,"micrographs - single frame,micrographs - multiframe"
EMPIAR-11277,Cryo Electron Microscopy of CHMP1B/IST1 Membrane-Bound Filaments with Brominated Lipid Probes,EMDB,REL,2022-05-25T00:00:00Z,2023-01-19T00:00:00Z,"Moss FR, Lincoff J, Tucker M, Mohammed A, Grabe M, Frost A",Brominated lipid probes expose structural asymmetries in constricted membranes,10.1038/s41594-022-00898-1,36624348,"EMD-28713,EMD-28704,EMD-28719,EMD-28710,EMD-28705,EMD-28716,EMD-28715,EMD-28707,EMD-28696,EMD-28698,EMD-28706,EMD-28695,EMD-28702,EMD-28718,EMD-28709,EMD-28697,EMD-28701,EMD-28708,EMD-28722,EMD-28699,EMD-28712,EMD-28711,EMD-28700,EMD-28714,EMD-28717,EMD-28703,EMD-27991,EMD-28694","University of California\, San Francisco",3788.8,"Motion-corrected\, dose-weighted micrographs of membrane-bound CHMP1B/IST1 copolymer with 10% cholesterol,Motion-corrected\, dose-weighted micrographs of membrane-bound CHMP1B/IST1 copolymer with brominated PIP2,Motion-corrected\, dose-weighted micrographs of membrane-bound CHMP1B/IST1 copolymer with 25% brominated SDPC,Motion-corrected\, dose-weighted micrographs of membrane-bound CHMP1B/IST1 copolymer with iodinated cholesterol,Motion-corrected\, dose-weighted micrographs of membrane-bound CHMP1B/IST1 copolymer with 0% cholesterol,Motion-corrected\, dose-weighted micrographs of membrane-bound CHMP1B/IST1 copolymer with lipid mixture containing POPC instead of SDPC,Motion-corrected\, dose-weighted micrographs of membrane-bound CHMP1B(F9L/F13L)/IST1 copolymer with brominated SDPC,Motion-corrected\, dose-weighted micrographs of membrane-bound CHMP1B/IST1 copolymer with brominated cholesterol,Motion-corrected\, dose-weighted micrographs of membrane-bound CHMP1B/IST1 copolymer with 20% cholesterol,Motion-corrected\, dose-weighted micrographs of membrane-bound CHMP1B/IST1 copolymer with brominated POPS,Motion-corrected\, dose-weighted micrographs of membrane-bound CHMP1B/IST1 copolymer with brominated SDPC,Motion-corrected\, dose-weighted micrographs of membrane-bound CHMP1B(F9E/F13E)/IST1 copolymer with brominated SDPC,Motion-corrected\, dose-weighted micrographs of membrane-bound CHMP1B/IST1 copolymer without any brominated lipids,Motion-corrected\, dose-weighted micrographs of membrane-bound CHMP1B/IST1 copolymer with 50% brominated SDPC,Motion-corrected\, dose-weighted micrographs of membrane-bound CHMP1B/IST1 copolymer with 30% cholesterol,Motion-corrected\, dose-weighted micrographs of membrane-bound CHMP1B/IST1 copolymer with 40% cholesterol,Motion-corrected\, dose-weighted micrographs of membrane-bound CHMP1B(F9A/F13A)/IST1 copolymer with brominated SDPC",,micrographs - single frame
EMPIAR-11374,Human heparan sulfate polymerase complex EXT1-EXT2,EMDB,REL,2022-12-14T00:00:00Z,2023-01-19T00:00:00Z,"Leisico F, Omeiri J, Le Narvor C, Beaudouin J, Hons M, Fenel D, Schoehn G, Couté Y, Bonnaffé D, Sadir R, Lortat-Jacob H, Wild R",Structure of the human heparan sulfate polymerase complex EXT1-EXT2,10.1038/s41467-022-34882-6,36402845,EMD-14582,Institut de Biologie Structurale,618.7,Dose weighed motion corrected micrographs,,micrographs - single frame
EMPIAR-11034,Cryo iDPC-STEM single particle analysis of keyhole limpet hemocyanin,EMDB,REL,2022-04-28T00:00:00Z,2023-01-18T00:00:00Z,"Lazić I, Wirix M, Leidl ML, de Haas F, Mann D, Beckers M, Pechnikova EV, Müller-Caspary K, Egoavil R, Bosch EGT, Sachse C",Single-particle cryo-EM structures from iDPC-STEM at near-atomic resolution,"10.1101/2021.10.12.464113,10.1038/s41592-022-01586-0",36064775,EMD-14407,"Ernst Ruska Centre 3\, Forschungszentrum Jülich\, Germany",42.9,"Gaussian high-pass filtered TIFF images,Unfiltered raw TIFF files",,micrographs - single frame
EMPIAR-11064,Cryo-EM structure of hnRNPDL amyloid fibrils,EMDB,REL,2022-04-08T00:00:00Z,2023-01-03T00:00:00Z,"Chaves-Sanjuan A, Garcia-Pardo J, Bartolome-Nafria A, Gil-Garcia M, Visentin C, Bolognesi M, Ricagno S, Ventura S",Cryo-EM structure of hnRNPDL amyloid fibrils,,,EMD-14738,"Istitut di Biotecnologia i Biomedicina,Department of Biosciences\, University of Milan",880.1,"Unaligned multi-frame movies of hnRNPDL amyloid fibrils,Mototion corrected and dose weighted single frame micrographs of hnRNPDL amyloid fibrils",,"micrographs - single frame,micrographs - multiframe"
EMPIAR-11184,CryoEM structure of hM4Di-miniGo in complex with DCZ,EMDB,REL,2022-08-29T00:00:00Z,2022-12-09T00:00:00Z,"Zhang S, Gumpper RH, Huang XP, Liu Y, Krumm BE, Cao C, Fay JF, Roth BL",Molecular basis for selective activation of DREADD-based chemogenetics,10.1038/s41586-022-05489-0,36450989,EMD-27967,"UNC Department of Pharmacology,University of Maryland\, Baltimore",261.8,Aligned multi-frame micrographs,,micrographs - single frame
EMPIAR-11185,CryoEM structure of hM3Dq-miniGq in complex with DCZ,EMDB,REL,2022-08-24T00:00:00Z,2022-12-09T00:00:00Z,"Zhang S, Gumpper RH, Huang XP, Liu Y, Krumm BE, Cao C, Fay JF, Roth BL",Molecular basis for selective activation of DREADD-based chemogenetics,10.1038/s41586-022-05489-0,36450989,EMD-27966,"UNC Department of Pharmacology,University of Maryland\, Baltimore",284.0,Aligned multi-frame micrographs,,micrographs - single frame
EMPIAR-11194,CryoEM structure of hM3R-miniGq in complex with Iperoxo,EMDB,REL,2022-08-31T00:00:00Z,2022-12-09T00:00:00Z,"Zhang S, Gumpper RH, Huang XP, Liu Y, Krumm BE, Cao C, Fay JF, Roth BL",Molecular basis for selective activation of DREADD-based chemogenetics,10.1038/s41586-022-05489-0,36450989,EMD-27970,"UNC Department of Pharmacology,University of Maryland\, Baltimore",250.9,Aligned multi-frame micrographs,,micrographs - single frame
EMPIAR-11193,CryoEM structure of hM3Dq-miniGq in complex with CNO,EMDB,REL,2022-08-31T00:00:00Z,2022-12-09T00:00:00Z,"Zhang S, Gumpper RH, Huang XP, Liu Y, Krumm BE, Cao C, Fay JF, Roth BL",Molecular basis for selective activation of DREADD-based chemogenetics,10.1038/s41586-022-05489-0,36450989,EMD-27968,"UNC Department of Pharmacology,University of Maryland\, Baltimore",314.1,Aligned multi-frame micrographs,,micrographs - single frame
EMPIAR-11001,Micrographs of ex vivo AA amyloid from renal tissue of a short hair cat deceased in a shelter,EMDB,REL,2022-03-23T00:00:00Z,2022-12-06T00:00:00Z,"Schulte T, Chaves-Sanjuan A, Mazzini G, Speranzini V, Lavatelli F, Ferri F, Palizzotto C, Mazza M, Milani P, Nuvolone M, Vogt AC, Vogel M, Palladini G, Merlini G, Bolognesi M, Ferro S, Zini E, Ricagno S",Cryo-EM structure of ex vivo fibrils associated with extreme AA amyloidosis prevalence in a cat shelter,10.1038/s41467-022-34743-2,36396658,EMD-14726,"Department of Biosciences\, University of Milan",2048.0,"Unaligned multi-frame movies of  ex vivo AA amyloid fibrils,Motion corrected micrographs of ex vivo AA amyloid fibrils",,"micrographs - single frame,micrographs - multiframe"
EMPIAR-11268,Cryogenic electron microscopy SPA of CRISPR Craspase complex Cas7-11,EMDB,REL,2022-10-19T00:00:00Z,2022-12-02T00:00:00Z,"Ekundayo B, Ni DC, Stahlberg H",Structural insights into the regulation of Cas7-11 by TPR-CHAT,,,"EMD-14848,EMD-14847","epfl,EPFL SB IPHYS LBEM",1228.8,aligned micrographs of cas7-11 trpchat complex,,micrographs - single frame
EMPIAR-11116,Cryo-EM dataset of P.berghei kinesin-8B motor domain in AMPPNP state bound to tubulin dimer,EMDB,REL,2022-05-31T00:00:00Z,2022-11-25T00:00:00Z,"Liu T, Shilliday F, Cook AD, Moores CA",Mechanochemical tuning of a kinesin motor essential for malaria parasite transmission,,,EMD-14460,Birkbeck College,54.4,Cryo-EM dataset of P.berghei kinesin-8B motor domains in AMPPNP state bound to MT,,micrographs - single frame
EMPIAR-11278,Amyloid fibril from the antimicrobial peptide uperin 3.5,EMDB,REL,2022-09-20T00:00:00Z,2022-11-15T00:00:00Z,"Bücker R, Seuring C, Cazey C, Veith K, García-Alai M, Grünewald K, Landau M",The Cryo-EM structures of two amphibian antimicrobial cross-β amyloid fibrils,10.1038/s41467-022-32039-z,35896552,EMD-14167,"Technion Israel Institute of Technology,Centre for Structural Systems Biology\, University of Hamburg\, Hamburg\, Germany,Centre for Structural Systems Biology",7577.6,"Unaligned movie frames of uperin 3.5 filaments,Picked particles (helical segments) used for final reconstruction of uperin 3.5 filament,Motion-corrected micrographs of uperin 3.5 filaments",,"micrographs - single frame,picked particles - single frame - unprocessed,micrographs - multiframe"
EMPIAR-11204,The structure of PldA-PA3488 complex,EMDB,REL,2022-09-05T00:00:00Z,2022-11-14T00:00:00Z,"Yang X, Li Z, Zhao L, She Z, Gao Z, Sui SF, Dong Y, Li Y",Structural insights into PA3488-mediated inactivation of Pseudomonas aeruginosa PldA,10.1038/s41467-022-33690-2,36216841,EMD-32438,Tsinghua University,327.7,Dose weighted micrographs of the structure of PldA-PA3488 complex,,micrographs - single frame
EMPIAR-11077,Cryo-EM structure of full-length human immunoglobulin M,EMDB,REL,2022-05-19T00:00:00Z,2022-11-11T00:00:00Z,"Chen Q, Menon R, Calder LJ, Tolar P, Rosenthal PB",Cryomicroscopy reveals the structural basis for a flexible hinge motion in the immunoglobulin M pentamer,10.1038/s41467-022-34090-2,36274064,EMD-13921,The Francis Crick Institute,2662.4,aligned and dose-weighted single-frame micrographs of full-length IgM,,micrographs - single frame
EMPIAR-11267,Topological Crossing in the Misfolded Tetrahymena Ribozyme Resolved by Cryo-EM,EMDB,REL,2022-08-23T00:00:00Z,2022-11-07T00:00:00Z,"Li S, Palo M, Pintilie GD, Zhang X, Su Z, Kappel K, Chiu W, Zhang K, Das R",Topological crossing in the misfolded <i>Tetrahymena</i> ribozyme resolved by cryo-EM,10.1073/pnas.2209146119,36067294,"EMD-33428,EMD-33425,EMD-33427,EMD-33426",University of Science and Technology of China,3686.4,Misfolded Tetrahymena ribozyme,,micrographs - single frame
EMPIAR-11183,cryoEM structure of Gq-coupled MRGPRX1 with peptide agonist BAM8-22,EMDB,REL,2022-08-29T00:00:00Z,2022-10-31T00:00:00Z,"Liu Y, Cao C, Huang XP, Gumpper RH, Rachman MM, Shih SL, Krumm BE, Zhang S, Shoichet BK, Fay JF, Roth BL",Ligand recognition and allosteric modulation of the human MRGPRX1 receptor,10.1038/s41589-022-01173-6,36302898,EMD-27752,"UNC Department of Pharmacology,UNC at Chapel Hill",333.7,Aligned multi-frame micrographs,,micrographs - single frame
EMPIAR-11188,cryoEM structure of Gq-coupled MRGPRX1 with peptide agonist BAM8-22 & ML382,EMDB,REL,2022-08-30T00:00:00Z,2022-10-31T00:00:00Z,"Liu Y, Cao C, Huang XP, Gumpper RH, Rachman MM, Shih SL, Krumm BE, Zhang S, Shoichet BK, Fay JF, Roth BL",Ligand recognition and allosteric modulation of the human MRGPRX1 receptor,10.1038/s41589-022-01173-6,36302898,"EMD-27753,EMD-27752,EMD-27754","UNC Department of Pharmacology,UNC at Chapel Hill",219.1,Aligned multi-frame micrographs,,micrographs - single frame
EMPIAR-11191,cryoEM structure of Gq-coupled MRGPRX1 with Compound-16,EMDB,REL,2022-08-30T00:00:00Z,2022-10-31T00:00:00Z,"Liu Y, Cao C, Huang XP, Gumpper RH, Rachman MM, Shih SL, Krumm BE, Zhang S, Shoichet BK, Fay JF, Roth BL",Ligand recognition and allosteric modulation of the human MRGPRX1 receptor,10.1038/s41589-022-01173-6,36302898,"EMD-27753,EMD-27752,EMD-27754","UNC Department of Pharmacology,UNC at Chapel Hill",288.1,Aligned multi-frame micrographs,,micrographs - single frame
EMPIAR-11086,Cryo-EM reconstruction of P.falciparum kinesin-8B motor domain in no nucleotide state bound to tubulin dimer,EMDB,REL,2022-06-13T00:00:00Z,2022-10-31T00:00:00Z,"Liu T, Shilliday F, Cook AD, Tewari R, Sutherland CJ, Roberts AJ, Moores CA",Mechanochemical tuning of a kinesin motor essential for malaria parasite transmission,10.1101/2022.02.11.480087,,"EMD-14461,EMD-14459,EMD-14460","Institute of Structural and Molecular Biology\,Birkbeck College\,London",216.2,Cryo-EM dataset of P.falciparum kinesin-8B motor domains in no nucleotide state bound to MT,,micrographs - single frame
EMPIAR-11115,Cryo-EM dataset of P.berghei kinesin-8B motor domains in no nucleotide state bound to tubulin dimer,EMDB,REL,2022-05-16T00:00:00Z,2022-10-31T00:00:00Z,"Liu T, Shilliday F, Cook AD, Tewari R, Sutherland CJ, Roberts AJ, Moores CA",Mechanochemical tuning of a kinesin motor essential for malaria parasite transmission,10.1101/2022.02.11.480087,,EMD-14459,"Institute of Structural and Molecular Biology\,Birkbeck College\,London,Institute of Structural and Molecular Biology\, Birkbeck College",890.0,"Motion corrected micrographs of P.berghei kinesin-8B motor domain in no nucleotide state bound to tubulin dimer,Unaligned multi-frame micrographs of P.berghei kinesin-8B motor domain in no nucleotide state bound to tubulin dimer.",,"micrographs - single frame,micrographs - multiframe"
EMPIAR-10947,SARS-CoV-2 S Omicron Spike B.1.1.529,EMDB,REL,2021-12-31T00:00:00Z,2022-10-07T00:00:00Z,"Ni D, Lau K, Turelli P, Beckert B, Nazarov S, Pojer F, Myasnikov A, Stahlberg H, Trono D",Structural analysis of the Spike of the Omicron SARS-COV-2 variant by Cryo-EM and implications for immune evasion,,,EMD-14086,"DCI,EPFL",8396.8,"Omicron B.1.1.529 Spike raw micrographs,Omicron B.1.1.529 Spike doseweighted micrographs",,"micrographs - single frame,micrographs - multiframe"
EMPIAR-11149,"Cryo-EM dataset of Candida albicans CIII, inhibitor free",EMDB,REL,2022-08-16T00:00:00Z,2022-09-20T00:00:00Z,"Di Trani J, Zhongle L, Whitesell L, Brzezinski P, Cowen L, Rubinstein JL",Rieske head domain dynamics and indazole-derivative inhibition of Candida albicans complex III,10.1016/j.str.2021.08.006,34525326,EMD-24482,SickKids Research Institute,227.1,"Aligned\, dose weighted movies of Candida albicans Mitochondrial Complex III",,micrographs - single frame
EMPIAR-11133,Structures of the Cyanobacterial Phycobilisome in the Light-harvesting and Photoprotected States,EMDB,REL,2022-06-30T00:00:00Z,2022-09-12T00:00:00Z,"Domínguez-Martín MA, Sauer PV, Kirst H, Sutter M, Bína D, Greber BJ, Nogales E, Polívka T, Kerfeld CA",Structures of a phycobilisome in light-harvesting and photoprotected states,10.1038/s41586-022-05156-4,36045294,"EMD-25031,EMD-25032,EMD-25068,EMD-25028,EMD-25071,EMD-25069,EMD-25033,EMD-25029,EMD-25070,EMD-25030","MSU-DOE Plant Research Laboratory\, Michigan State University\, East Lansing\, MI 48824\, USA,QB3 Institute\, University of California\, Berkeley\, CA\, USA",17100.8,"Dataset 3: PBS-OCP raw movies unaligned and unsubtracted,Dataset 2: PBS-apo raw movies unaligned and unsubtracted,Dataset 2: PBS-apo micrographs motion corrected and streptavidin subtracted,Dataset 3: PBS-OCP micrographs motion corrected and streptavidin subtracted,Dataset 1: PBS-apo micrographs motion corrected and streptavidin subtracted",,"micrographs - single frame,micrographs - multiframe"
EMPIAR-10920,Cryo-EM dataset of mutant p97R155H-p47 in presence of ATPγS collected using Thermo Fisher/FEI Titan Krios TEM Gatan K2 Summit DED camera,EMDB,REL,2022-01-10T00:00:00Z,2022-09-06T00:00:00Z,"Nandi PN, Li S, Columbres RCA, Wang F, Williams DR, Poh YP, Chou TF, Chiu PL",Structural and Functional Analysis of Disease-Linked p97 ATPase Mutant Complexes,10.3390/ijms22158079,34360842,EMD-24302,"Biodesign Center for Applied Structural Discovery\, School of Molecular Sciences\, Arizona State University\, Tempe\, AZ 85287\, USA,Arizona State University",280.3,Motion corrected dose-weighted micrographs for the cryo-EM dataset of disease mutant p97R155H-p47 in presence of ADP.,,micrographs - single frame
EMPIAR-10874,Single-Particle CryoEM of mammalian V-ATPase with the TLDc domain protein mEAK7 bound (Various Datasets),EMDB,REL,2021-11-08T00:00:00Z,2022-09-05T00:00:00Z,"Tan YZ, Abbas YM, Wu JZ, Wu D, Keon KA, Hesketh GG, Bueler SA, Gingras AC, Robinson CV, Grinstein S, Rubinstein JL",CryoEM of endogenous mammalian V-ATPase interacting with the TLDc protein mEAK-7,"10.26508/lsa.202201527,10.1101/2021.11.03.466369",35794005,"EMD-26387,EMD-26385,EMD-26386,EMD-26388","The Hospital for Sick Children Research Institute,The Hospital for Sick Children Research Institute/University of Toronto",13004.8,"Unaligned multiframe movies of Pig Kidney V-ATPase bound to mEAK-7deltaCterm collected using Titan Krios and Falcon4,Polished particles of Pig Kidney V-ATPase bound to mEAK-7 with EDTA/EGTA collected using Titan Krios and Falcon4,Aligned and dose-weighted micrographs of Pig Kidney V-ATPase bound to mEAK-7 with Calcium collected using Glacios with Selectris X and Falcon 4,Polished particles of Pig Kidney V-ATPase bound to mEAK-7 with ATP collected using Titan Krios and Falcon4,Aligned and dose-weighted micrographs of Pig Kidney V-ATPase bound to mEAK-7 collected using Tundra,Unaligned multiframe movies of Pig Kidney V-ATPase bound to mEAK-7 with Calcium collected using Glacios with Selectris X and Falcon 4,Aligned and dose-weighted micrographs of Pig Kidney V-ATPase bound to mEAK-7deltaCterm collected using Titan Krios and Falcon4,Aligned and dose-weighted micrographs of Pig Kidney V-ATPase bound to mEAK-7 with ATP collected using Titan Krios and Falcon4,Polished particles of Pig Kidney V-ATPase bound to mEAK-7 with Calcium collected using Glacios with Selectris X and Falcon 4,Unaligned multiframe movies of Pig Kidney V-ATPase bound to mEAK-7 collected using Titan Krios and Falcon4,Polished particles of Pig Kidney V-ATPase bound to mEAK-7 collected using Tundra,Polished particles of Pig Kidney V-ATPase bound to mEAK-7 collected using Titan Krios and Falcon4,Unaligned multiframe movies of Pig Kidney V-ATPase bound to mEAK-7 with EDTA/EGTA collected using Titan Krios and Falcon4,Aligned and dose-weighted micrographs of Pig Kidney V-ATPase bound to mEAK-7 with EDTA/EGTA collected using Titan Krios and Falcon4,Polished particles of Pig Kidney V-ATPase bound to mEAK-7deltaCterm collected using Titan Krios and Falcon4,Aligned and dose-weighted micrographs of Pig Kidney V-ATPase bound to mEAK-7 collected using Titan Krios and Falcon4,Unaligned multiframe movies of Pig Kidney V-ATPase bound to mEAK-7 with ATP collected using Titan Krios and Falcon4,Unaligned multiframe movies of Pig Kidney V-ATPase bound to mEAK-7 collected using Tundra",,"micrographs - single frame,picked particles - single frame - processed,picked particles - multiframe - processed,micrographs - multiframe"
EMPIAR-11130,Single particle cryo-EM of the human CST•Polα/Primase (POLA1 FL) complex in a recruitment state,EMDB,REL,2022-03-04T00:00:00Z,2022-08-19T00:00:00Z,"Cai SW, Zinder JC, Svetlov V, Bush MW, Nudler E, Walz T, de Lange T",Cryo-EM structure of the human CST-Polα/primase complex in a recruitment state,10.1038/s41594-022-00766-y,35578024,EMD-26347,"Laboratory of Molecular Electron Microscopy\, The Rockefeller University,Laboratory for Cell Biology and Genetics\, The Rockefeller University",317.1,"Motion corrected micrographs collected on Titan Krios of CST-Pola/Primase FL complex in recruitment state,Motion corrected micrographs collected on Talos Arctica of CST-Pola/Primase FL complex in recruitment state",,micrographs - single frame
EMPIAR-11131,Single particle cryo-EM of the human CST•Polα/Primase (POLA1ΔN) complex in a recruitment state,EMDB,REL,2022-03-04T00:00:00Z,2022-08-19T00:00:00Z,"Cai SW, Zinder JC, Svetlov V, Bush MW, Nudler E, Walz T, de Lange T",Cryo-EM structure of the human CST-Polα/primase complex in a recruitment state,10.1038/s41594-022-00766-y,35578024,EMD-26346,"Laboratory of Molecular Electron Microscopy\, The Rockefeller University,Laboratory for Cell Biology and Genetics\, The Rockefeller University",869.0,Motion corrected micrographs of CST-Pola/Primase deltaN complex in recruitment state,,micrographs - single frame
EMPIAR-11139,Cryo-EM structure of the human GS-GN complex in the inhibited state,EMDB,REL,2022-03-23T00:00:00Z,2022-08-16T00:00:00Z,"Marr L, Biswas D, Daly LA, Browning C, Vial SCM, Maskell DP, Hudson C, Bertrand JA, Pollard J, Ranson NA, Khatter H, Eyers CE, Sakamoto K, Zeqiraj E",Mechanism of glycogen synthase inactivation and interaction with glycogenin,10.1038/s41467-022-31109-6,35690592,EMD-14587,"Astbury Centre for Structural Molecular Biology\, School of Molecular and Cellular Biology\, Faculty of Biological Sciences\, University of Leeds",9420.8,"Unaligned multiframe movies in the EER format of the human glycogen synthase-glycogenin complex,Aligned micrographs of the human glycogen synthase-glycogenin complex",,"micrographs - single frame,micrographs - multiframe"
EMPIAR-11043,Architecture of the human erythrocyte ankyrin-1 complex,EMDB,REL,2022-02-08T00:00:00Z,2022-08-08T00:00:00Z,"Vallese F, Kim K, Yen LY, Johnston JD, Noble AJ, Calì T, Clarke OB",Architecture of the human erythrocyte ankyrin-1 complex,10.1038/s41594-022-00792-w,35835865,EMD-26943,"Department of Anesthesiology\, Columbia University",5324.8,"Consensus particle stack for the ankyrin-1 complex,Aligned micrographs of ankyrin-1 complex,Unaligned multi-frame movies of ankyrin-1 complex",,"micrographs - single frame,picked particles - single frame - unprocessed,micrographs - multiframe"
EMPIAR-11093,Micrographs of IAPP (amylin) amyloid fibrils,EMDB,REL,2020-09-11T00:00:00Z,2022-07-27T00:00:00Z,"Röder C, Kupreichyk T, Gremer L, Schäfer LU, Pothula KR, Ravelli RBG, Willbold D, Hoyer W, Schröder GF",Cryo-EM structure of islet amyloid polypeptide fibrils reveals similarities with amyloid-β fibrils,10.1038/s41594-020-0442-4,32541895,"EMD-10670,EMD-10671,EMD-10669",Forschungszentrum Jülich,83.1,MotionCor2-aligned single frame of islet amyloid polypeptide fibrils,,micrographs - single frame
EMPIAR-11095,"PMCA-amplified α-synuclein fibrils, Multiple System Atrophy patient-derived seeds",EMDB,REL,2021-06-29T00:00:00Z,2022-07-27T00:00:00Z,"Frieg B, Geraets JA, Strohäker T, Dienemann C, Mavroeidi P, Jung BC, Kim WS, Lee SJ, Xilouri M, Zweckstetter M, Schröder GF",Quaternary structure of patient-homogenate amplified α-synuclein fibrils modulates seeding of endogenous α-synuclein,,,EMD-13124,Forschungszentrum Jülich,392.8,"Aligned averages of PMCA-amplified α-synuclein fibrils\, Multiple System Atrophy patient-derived seeds",,micrographs - single frame
EMPIAR-11094,"PMCA-amplified α-synuclein fibrils, Parkinson's Disease patient-derived seeds",EMDB,REL,2021-06-29T00:00:00Z,2022-07-27T00:00:00Z,"Frieg B, Geraets JA, Strohäker T, Dienemann C, Mavroeidi P, Jung BC, Kim WS, Lee SJ, Xilouri M, Zweckstetter M, Schröder GF",Quaternary structure of patient-homogenate amplified α-synuclein fibrils modulates seeding of endogenous α-synuclein,,,EMD-13123,Forschungszentrum Jülich,595.3,"Aligned averages of PMCA-amplified α-synuclein fibrils\, Parkinson's Disease patient-derived seeds",,micrographs - single frame
EMPIAR-10992,Infectious mouse-adapted RML scrapie prion fibrils purified from terminally-infected mouse brains,EMDB,REL,2022-03-30T00:00:00Z,2022-07-27T00:00:00Z,"Manka SW, Zhang W, Wenborn A, Betts J, Joiner S, Saibil HR, Collinge J, Wadsworth JDF",2.7 Å cryo-EM structure of ex vivo RML prion fibrils,"10.1038/s41467-022-30457-7,10.1101/2021.12.13.472424",35831275,EMD-13989,"Institute of Prion Diseases\, MRC Prion Unit at UCL",1024.0,Aligned multi-frame micrographs of RML prion fibrils,,micrographs - single frame
EMPIAR-11036,CryoEM structure of Go-coupled 5-HT5AR in complex with Lisuride,EMDB,REL,2022-04-27T00:00:00Z,2022-07-27T00:00:00Z,"Zhang S, Chen H, Zhang C, Yang Y, Popov P, Liu J, Krumm BE, Cao C, Kim K, Xiong Y, Katritch V, Shoichet BK, Jin J, Fay JF, Roth BL",Inactive and active state structures template selective tools for the human 5-HT<sub>5A</sub> receptor,10.1038/s41594-022-00796-6,35835867,EMD-26598,"UNC Department of Pharmacology,UNC at Chapel Hill",406.8,Aligned multi-frame micrographs,,micrographs - single frame
EMPIAR-11033,cryoEM structure of Go-coupled 5-HT5A with agonist 5-CT,EMDB,REL,2022-04-27T00:00:00Z,2022-07-27T00:00:00Z,"Zhang S, Chen H, Zhang C, Yang Y, Popov P, Liu J, Krumm BE, Cao C, Kim K, Xiong Y, Katritch V, Shoichet BK, Jin J, Fay JF, Roth BL",Inactive and active state structures template selective tools for the human 5-HT<sub>5A</sub> receptor,10.1038/s41594-022-00796-6,35835867,EMD-26597,"UNC Department of Pharmacology,UNC at Chapel Hill",351.8,Aligned multi-frame micrographs,,micrographs - single frame
EMPIAR-11092,Micrographs of PI3-kinase SH3 amyloid fibrils,EMDB,REL,2020-03-20T00:00:00Z,2022-07-26T00:00:00Z,"Röder C, Vettore N, Mangels LN, Gremer L, Ravelli RBG, Willbold D, Hoyer W, Buell AK, Schröder GF",Atomic structure of PI3-kinase SH3 amyloid fibrils by cryo-electron microscopy,10.1038/s41467-019-11320-8,31434882,EMD-4727,"Forschungszentrum Jülich,Department of Biotechnology and Biomedicine\, Technical University of Denmark",32.0,"PI3-kinase SH3 amyloid fibrils\, MotionCor2-aligned dose-weighted averages,PI3-kinase SH3 amyloid fibrils\, MotionCor2-aligned non-dose-weighted averages",,micrographs - single frame
EMPIAR-10882,Cryo electron micrographs of Tetrahymena thermophila solubilized mitochondrial membrane complexes - Glacios data,EMDB,REL,2021-11-22T00:00:00Z,2022-06-17T00:00:00Z,"Zhou L, Maldonado M, Padavannil A, Guo F, Letts JA",Structures of <i>Tetrahymena</i>'s respiratory chain reveal the diversity of eukaryotic core metabolism,10.1126/science.abn7747,35357889,EMD-32325,"Department of Cellular and Molecular Biology\, University of California\, Davis,UC Davis\, MCB",10137.6,"Aligned motion corrected micrographs of Tetrahymena respiratory chain complexes,Unaligned multiframe micrographs of Tetrahymena respiratory chain complexes",,"micrographs - single frame,micrographs - multiframe"
EMPIAR-10919,Single particle cryogenic electron micrographs of tetrahymena mitochondrial electron transport chain complexes,EMDB,REL,2022-01-07T00:00:00Z,2022-06-17T00:00:00Z,"Zhou L, Maldonado M, Padavannil A, Guo F, Letts JA",Structures of <i>Tetrahymena</i>'s respiratory chain reveal the diversity of eukaryotic core metabolism,10.1126/science.abn7747,35357889,EMD-25882,"Department of Molecular and Cellular Biology\, University of California\, Davis",7987.2,"Unaligned multiframe micrographs of Tetrahymena respiratory chain complexes - Krios data,Dose-weighted motion corrected micrographs of Tetrahymena respiratory chain complexes - Krios data,Non-dose weighted motion corrected micrographs of Tetrahymena respiratory chain complexes - Krios data",,"micrographs - single frame,micrographs - multiframe"
EMPIAR-11024,E. coli 50S ribosome bound to compounds VM2 and VS1,EMDB,REL,2022-04-07T00:00:00Z,2022-06-17T00:00:00Z,Pellegrino J,,,,EMD-26657,University of California San Francisco,1331.2,"Aligned\, motioncorrected micrographs of 50S ribosome bound to VM2 and VS1,Unaligned movies of 50S ribosome bound to VM2 and VS1",,"micrographs - single frame,micrographs - multiframe"
EMPIAR-10891,SARS-CoV-2 spike protein S:D614G + S:A222V variant,EMDB,REL,2021-12-21T00:00:00Z,2022-05-25T00:00:00Z,"Ginex T, Marco-Marín C, Wieczór M, Mata CP, Krieger J, Ruiz-Rodriguez P, López-Redondo ML, Francés-Gómez C, Melero R, Sánchez-Sorzano CÓ, Martínez M, Gougeard N, Forcada-Nadal A, Zamora-Caballero S, Gozalbo-Rovira R, Sanz-Frasquet C, Arranz R, Bravo J, Rubio V, Marina A, Geller R, Comas I, Gil C, Coscolla M, Orozco M, Llácer JL, Carazo JM",The structural role of SARS-CoV-2 genetic background in the emergence and success of spike mutations: The case of the spike A222V mutation,10.1371/journal.ppat.1010631,35816514,EMD-13916,"National Centre for Biotechnology\, CSIC",303.8,2.outputMicrographs,,micrographs - single frame
EMPIAR-11005,Conformational rearrangements upon start codon recognition in human 48S translation initiation complex,EMDB,REL,2022-04-07T00:00:00Z,2022-05-17T00:00:00Z,"Yi SH, Petrychenko V, Schliep JE, Goyal A, Linden A, Chari A, Urlaub H, Stark H, Rodnina MV, Adio S, Fischer N",Conformational rearrangements upon start codon recognition in human 48S translation initiation complex.,10.1093/nar/gkac283,35489072,"EMD-14113,EMD-14114",Max-Planck-Institute for Multidisciplinary Sciences,1126.4,"Particles of human 48S IC in open state (""open""),Particles of human 48S IC in closed state (""closed""),Motion-corrected\, dose-weighted micrographs",,"micrographs - single frame,picked particles - single frame - processed"
EMPIAR-11028,"Cryo-EM Structures of Glucocorticoid Receptor-Hsp90-p23 [the GR Maturation Complex], Hsp90-p23, and MBP-Hsp90-p23",EMDB,REL,2020-09-25T00:00:00Z,2022-05-03T00:00:00Z,"Noddings CM, Wang RY, Johnson JL, Agard DA",Structure of Hsp90-p23-GR reveals the Hsp90 client-remodelling mechanism,10.1038/s41586-021-04236-1,34937936,"EMD-23006,EMD-23004,EMD-23005","University of California\, San Francisco",494.1,"Processed subsets,MotionCor2 aligned frames of GR-Hsp90-p23 collected on Gatan K3",,"micrographs - single frame,picked particles - single frame - processed"
EMPIAR-11015,"Raw data for ""Structure of polymerized type V pilin reveals assembly mechanism involving protease-mediated strand exchange""",EMDB,REL,2022-04-14T00:00:00Z,2022-04-29T00:00:00Z,"Shibata S, Shoji M, Okada K, Matsunami H, Matthews MM, Imada K, Nakayama K, Wolf M",Structure of polymerized type V pilin reveals assembly mechanism involving protease-mediated strand exchange,10.1038/s41564-020-0705-1,32284566,EMD-0724,"Okinawa Institute of Science and Technology Graduate University,Okinawa Institute of Science and Technology Graduate Univers",72.1,FimA motion-corrected dose-weighted frame sums,,micrographs - single frame
EMPIAR-11027,Cryo electron microscopy of in vitro recombinant SAA1.1 amyloid fibrils,EMDB,REL,2021-06-22T00:00:00Z,2022-04-25T00:00:00Z,"Bansal A, Schmidt M, Rennegarbe M, Haupt C, Liberta F, Stecher S, Puscalau-Girtu I, Biedermann A, Fändrich M",AA amyloid fibrils from diseased tissue are structurally different from in vitro formed SAA fibrils,10.1038/s41467-021-21129-z,33579941,"EMD-11163,EMD-11162","Institute of Protein Biochemistry\, Ulm University",525.4,"Unaligned multiframe micrographs of ex-vivo murine SAA1,Thumbnails for micrographs of ex-vivo murine SAA1",,"micrographs - single frame,micrographs - multiframe"
EMPIAR-10993,Cryo-EM micrographs of BMV TLS RNA,EMDB,REL,2022-03-28T00:00:00Z,2022-04-19T00:00:00Z,"Bonilla SL, Sherlock ME, MacFadden A, Kieft JS",A viral RNA hijacks host machinery using dynamic conformational changes of a tRNA-like structure,10.1126/science.abe8526,34793227,EMD-24952,University of Colorado Anschutz Medical Campus,6860.8,"Aligned micrographs (with and without dose-weighting)\, dataset 1,Aligned micrographs (with and without dose-weighting)\, dataset 2",,micrographs - single frame
EMPIAR-10876,2.3 A structure of the ATP-dependent chromatin remodeler Chd1 bound to the nucleosome in a nucleotide-free state,EMDB,REL,2021-04-02T00:00:00Z,2022-04-01T00:00:00Z,"Nodelman IM, Das S, Faustino AM, Fried SD, Bowman GD, Armache JP",Nucleosome recognition and DNA distortion by the Chd1 remodeler in a nucleotide-free state,10.1038/s41594-021-00719-x,35173352,"EMD-25479,EMD-25481,EMD-25483,EMD-25480","Pennsylvania State University,Johns Hopkins University",4812.8,"Processed subsets,MotionCor2-aligned frames of Chd1-bound nucleosomes collected on Gatan K3,Unaligned frames of Chd1-bound nucleosomes collected on Gatan K3 in Super Resolution",,"micrographs - single frame,picked particles - single frame - processed,micrographs - multiframe"
EMPIAR-10937,CryoEM of PreP prepared via Chameleon,EMDB,REL,2022-01-19T00:00:00Z,2022-03-21T00:00:00Z,"Liang WG, Wijaya J, Wei H, Noble AJ, Mancl JM, Mo S, Lee D, Lin King JV, Pan M, Liu C, Koehler CM, Zhao M, Potter CS, Carragher B, Li S, Tang WJ",Structural basis for the mechanisms of human presequence protease conformational switch and substrate recognition,"10.1038/s41467-022-29322-4,10.21203/rs.3.rs-63850/v1",35383169,"EMD-22279,EMD-22280,EMD-22281,EMD-22278,EMD-22282","Ben May Department for Cancer Research\, Biological Sciences Division\, University of Chicago",2252.8,"Apo-PreP micrographs,PreP half particles,Citrate synthase presequence bound PreP,Amyloid beta bound PreP",,"micrographs - single frame,micrographs - multiframe"
EMPIAR-10740,Cryo-EM of Mechanosensitive Ion Channel Flycatcher1 in GDN,EMDB,REL,2021-06-07T00:00:00Z,2022-02-25T00:00:00Z,"Jojoa-Cruz S, Saotome K, Tsui CCA, Lee WH, Sansom MSP, Murthy SE, Patapoutian A, Ward AB",Structural insights into the Venus flytrap mechanosensitive ion channel Flycatcher1,10.1038/s41467-022-28511-5,35165281,"EMD-24186,EMD-24188,EMD-24187,EMD-24189",The Scripps Research Institute,5836.8,"Unaligned multi-frame micrographs of FLYC1 in GDN\, dataset 1,Unaligned multi-frame micrographs of FLYC1 in GDN\, dataset 2,Gain references for dataset 1 and dataset 2",,"micrographs - single frame,micrographs - multiframe"
EMPIAR-10760,Structure of N-terminal deleted human pannexin-1 in nanodisc,EMDB,REL,2021-07-16T00:00:00Z,2022-02-15T00:00:00Z,"Kuzuya M, Hirano H, Hayashida K, Watanabe M, Kobayashi K, Terada T, Mahmood MI, Tama F, Tani K, Fujiyoshi Y, Oshima A",Structures of human pannexin-1 in nanodiscs reveal gating mediated by dynamic movement of the N terminus and phospholipids,10.1126/scisignal.abg6941,35133866,EMD-32768,"Cellular and Structural Physiology Institute\, Nagoya University",203.7,N-terminal deletion mutant of human PANX1 in nanodisc,,micrographs - single frame
EMPIAR-10560,Nudaurelia capensis omega virus capsid: virus-like particles expressed in Nicotiana benthamiana,EMDB,REL,2020-11-17T00:00:00Z,2022-02-04T00:00:00Z,"Castells-Graells R, Ribeiro JRS, Domitrovic T, Hesketh EL, Scarff CA, Johnson JE, Ranson NA, Lawson DM, Lomonossoff GP",Plant-expressed virus-like particles reveal the intricate maturation process of a eukaryotic virus,10.1038/s42003-021-02134-w,34031522,EMD-11830,John Innes Centre,5427.2,"aligned and dose-weighted micrographs,unaligned movies",,"micrographs - single frame,micrographs - multiframe"
EMPIAR-10555,Nudaurelia capensis omega virus procapsid: virus-like particles expressed in Nicotiana benthamiana,EMDB,REL,2020-11-12T00:00:00Z,2022-02-01T00:00:00Z,"Castells-Graells R, Ribeiro JRS, Domitrovic T, Hesketh EL, Scarff CA, Johnson JE, Ranson NA, Lawson DM, Lomonossoff GP",Plant-expressed virus-like particles reveal the intricate maturation process of a eukaryotic virus,10.1038/s42003-021-02134-w,34031522,EMD-11911,John Innes Centre,1024.0,"aligned and dose-weighted micrographs,aligned and non-dose-weighted micrographs",,micrographs - single frame
EMPIAR-10163,Asymmetric structures of the uncleaved full-length HIV-1 envelope glycoprotein trimer,EMDB,REL,2017-09-09T00:00:00Z,2022-01-31T00:00:00Z,"Zhang S, Wang K, Wang WL, Nguyen HT, Chen S, Lu M, Go EP, Ding H, Steinbock RT, Desaire H, Kappes JC, Sodroski J, Mao Y",Asymmetric structures and conformational plasticity of the uncleaved full-length human immunodeficiency virus (HIV-1) envelope glycoprotein trimer,"10.1128/jvi.00529-21,10.1101/2021.03.28.437443",34549974,"EMD-23861,EMD-23860",Dana-Farber Cancer Institute,4096.0,"Drift-corrected micrographs of the uncleaved full-length HIV-1 envelope glycoprotein trimer (200 kV),Drift-corrected micrographs of the uncleaved full-length HIV-1 envelope glycoprotein trimer (300 kV),The classified particle stacks of the full-length HIV-1 envelope precursor in the P2 class",,"micrographs - single frame,picked particles - single frame - processed"
EMPIAR-10930,Anaplastic lymphoma kinase (ALK) extracellular fragment of ligand binding region 648-1025 in complex with AUG-alpha,EMDB,REL,2022-01-05T00:00:00Z,2022-01-28T00:00:00Z,"Reshetnyak AV, Rossi P, Myasnikov AG, Sowaileh M, Mohanty J, Nourse A, Miller DJ, Lax I, Schlessinger J, Kalodimos CG",Mechanism for the activation of the anaplastic lymphoma kinase receptor,10.1038/s41586-021-04140-8,34819673,EMD-24095,"Department of Structural Biology\, St. Jude Children's Research Hospital",10444.8,"Unaligned multi-frame micrographs of 2:2 ALK:AugAlpha complex,Aligned single-frame micrographs of 2:2 ALK:AugAlpha complex",,"micrographs - single frame,micrographs - multiframe"
EMPIAR-10790,High-resolution mapping of metal ions reveals principles of surface layer assembly in Caulobacter crescentus cells,EMDB,REL,2021-08-11T00:00:00Z,2022-01-18T00:00:00Z,"Herdman M, von Kügelgen A, Kureisaite-Ciziene D, Duman R, El Omari K, Garman EF, Kjaer A, Kolokouris D, Löwe J, Wagner A, Stansfeld PJ, Bharat TAM",High-resolution mapping of metal ions reveals principles of surface layer assembly in Caulobacter crescentus cells,10.1016/j.str.2021.10.012,34800371,EMD-13355,"Sir William Dunn School of Pathology\, University of Oxford",304.4,"Unaligned multiframe micrographs of RsaA_NTD spiral soaked with 5 mM HoCl3 for 2 hours with a 30 degree stage tilt (converted from .mrc into .tif with relion_convert_to_tiff),Unaligned multiframe micrographs of RsaA_NTD spiral soaked with 5 mM HoCl3 for 2 hours (converted from .mrc into .tif with relion_convert_to_tiff),Aligned and dose-weighted micrographs of RsaA_NTD spiral soaked with 5 mM HoCl3 for 2 hours with a 30 degree stage tilt,Aligned and dose-weighted micrographs of RsaA_NTD spiral soaked with 5 mM HoCl3 for 2 hours,Gain reference image of the non-tilted and tilted dataset in MRC format",,"micrographs - single frame,micrographs - multiframe"
EMPIAR-10425,Cryo-EM structure of the A.baumannii MlaBDEF complex bound to AppNHp,EMDB,REL,2020-05-27T00:00:00Z,2022-01-18T00:00:00Z,"Mann D, Fan J, Somboon K, Farrell DP, Muenks A, Tzokov SB, DiMaio F, Khalid S, Miller SI, Bergeron JRC",Structure and lipid dynamics in the maintenance of lipid asymmetry inner membrane complex of A. baumannii,10.1038/s42003-021-02318-4,34188171,EMD-11082,"Randall Division of Cell and Molecular Biophysics\, King's College London,Ernst Ruska Centre 3\, Forschungszentrum Jülich",135.6,MotionCor2 aligned micrographs,,micrographs - single frame
EMPIAR-10888,Motion corrected micrographs - purified SINV/EEEV particles and recombinant anti-EEEV Fab (EEEV-143),EMDB,REL,2021-11-21T00:00:00Z,2022-01-14T00:00:00Z,"Williamson LE, Gilliland T, Yadav PK, Binshtein E, Bombardi R, Kose N, Nargi RS, Sutton RE, Durie CL, Armstrong E, Carnahan RH, Walker LM, Kim AS, Fox JM, Diamond MS, Ohi MD, Klimstra WB, Crowe JE",Human Antibodies Protect against Aerosolized Eastern Equine Encephalitis Virus Infection,10.1016/j.cell.2020.11.011,33301709,EMD-22188,"Department of Pathology\, Microbiology and Immunology\, Vanderbilt University,University of Michigan\, Life Sciences Institute",187.5,Motion corrected micrographs Chimeric Eastern Equine Encephalitis Virus with Fab of EEEV-143 Antibody,,micrographs - single frame
EMPIAR-10893,Motion corrected micrographs - purified Dot/Icm T4SS particles,EMDB,REL,2021-12-22T00:00:00Z,2022-01-12T00:00:00Z,"Durie CL, Sheedlo MJ, Chung JM, Byrne BG, Su M, Knight T, Swanson M, Lacy DB, Ohi MD",Structural analysis of the Legionella pneumophila Dot/Icm type IV secretion system core complex,10.7554/elife.59530,32876045,EMD-22070,"University of Michigan\, Life Sciences Institute",190.4,Motion corrected micrographs Legionella pneumophila Dot/Icm T4SS,,micrographs - single frame
EMPIAR-10890,Motion corrected micrographs - purified SINV/EEEV particles and recombinant anti-EEEV Fab (EEEV-33),EMDB,REL,2021-12-22T00:00:00Z,2022-01-12T00:00:00Z,"Williamson LE, Gilliland T, Yadav PK, Binshtein E, Bombardi R, Kose N, Nargi RS, Sutton RE, Durie CL, Armstrong E, Carnahan RH, Walker LM, Kim AS, Fox JM, Diamond MS, Ohi MD, Klimstra WB, Crowe JE",Human Antibodies Protect against Aerosolized Eastern Equine Encephalitis Virus Infection,10.1016/j.cell.2020.11.011,33301709,EMD-22223,"Department of Pathology\, Microbiology and Immunology\, Vanderbilt University,University of Michigan\, Life Sciences Institute",111.8,Motion corrected micrographs Chimeric Eastern Equine Encephalitis Virus with Fab of EEEV-33 Antibody,,micrographs - single frame
EMPIAR-10800,E. coli MsbA in DDM in complex with G247,EMDB,REL,2021-09-13T00:00:00Z,2021-11-30T00:00:00Z,"Thélot FA, Zhang W, Song K, Xu C, Huang J, Liao M",Distinct allosteric mechanisms of first-generation MsbA inhibitors,"10.1126/science.abi9009,10.1101/2021.05.25.445681",34554829,EMD-24446,"Department of Cell Biology\, Harvard Medical School",307.0,E. coli MsbA in DDM in complex with G247,,micrographs - single frame
EMPIAR-10669,Cryo-EM dataset of the substrate-engaged human 26S proteasome,EMDB,REL,2020-12-23T00:00:00Z,2021-11-30T00:00:00Z,"Dong Y, Zhang S, Wu Z, Li X, Wang WL, Zhu Y, Stoilova-McPhie S, Lu Y, Finley D, Mao Y",Cryo-EM structures and dynamics of substrate-engaged human 26S proteasome,10.1038/s41586-018-0736-4,30479383,"EMD-9222,EMD-9217,EMD-23645,EMD-23649,EMD-9218,EMD-9224,EMD-9216,EMD-9223,EMD-23648,EMD-9220,EMD-9226,EMD-9215,EMD-9228,EMD-23650,EMD-9227,EMD-9219,EMD-23644,EMD-23647,EMD-23643,EMD-23642,EMD-23646,EMD-9229,EMD-9225,EMD-9221,EMD-23651",Dana-Farber Cancer Institute,14233.6,Drift-corrected frame-averaged super-counting mode micrographs and extracted particles of substrate-engaged human 26S proteasome,,micrographs - single frame
EMPIAR-10731,Locating Macromolecular Assemblies in Cells by 2D Template Matching with cisTEM,EMDB,REL,2021-06-12T00:00:00Z,2021-11-15T00:00:00Z,"Lucas BA, Himes BA, Xue L, Grant T, Mahamid J, Grigorieff N",Locating macromolecular assemblies in cells by 2D template matching with cisTEM,10.7554/elife.68946,34114559,EMD-11999,University of Massachusetts Medical School,67.8,"Single-exposure micrographs of untilted Mycoplasma pneumoniae cells,Tomographic reconstructions of Mycoplasma pneumoniae cells,Tomographic tilt series of Mycoplasma pneumoniae cells,50S templates of Mycoplasma pneumoniae used for 2D and 3D template matching",,"micrographs - single frame,reconstructed volumes,tilt series"
EMPIAR-10792,Structural mechanism of GTPase-powered ribosome-tRNA movement,EMDB,REL,2021-08-23T00:00:00Z,2021-11-10T00:00:00Z,"Petrychenko V, Peng BZ, de A P Schwarzer AC, Peske F, Rodnina MV, Fischer N",Structural mechanism of GTPase-powered ribosome-tRNA movement,10.1038/s41467-021-26133-x,34635670,"EMD-13458,EMD-13464,EMD-13461,EMD-13465,EMD-13462,EMD-13460,EMD-13463,EMD-13459","Department of Physical Biochemistry\, Max Planck Institute for Biophysical Chemistry,Department of Structural Dynamics\, Max Planck Institute for Biophysical Chemistry",987.5,"Shiny particles of non-rotated ribosome particles (C state)\, obtained by Bayesian polishing in Relion 3.1,Shiny particles of rotated ribosome particles\, obtained by Bayesian polishing in Relion 3.1,Motion-corrected\, dose-weighted micrographs",,"micrographs - single frame,picked particles - single frame - processed"
EMPIAR-10467,transcription-translation coupling complex (TEC27_NusA_NusG_CHAPSO),EMDB,REL,2020-07-08T00:00:00Z,2021-11-01T00:00:00Z,"Wang C, Molodtsov V, Firlar E, Kaelber JT, Blaha G, Su M, Ebright RH",Structural basis of transcription-translation coupling,10.1126/science.abb5317,32820061,EMD-22082,"Waksman Institute and Department of Chemistry and Chemical Biology\, Rutgers University\, Piscataway NJ 08854\, USA",69.5,transcription-translation coupling complex (TEC24_NusA_NusG_CHAPSO),,micrographs - single frame
EMPIAR-10799,E. coli MsbA in nanodiscs in complex with G247,EMDB,REL,2021-09-13T00:00:00Z,2021-10-18T00:00:00Z,"Thélot FA, Zhang W, Song K, Xu C, Huang J, Liao M",Distinct allosteric mechanisms of first-generation MsbA inhibitors,"10.1126/science.abi9009,10.1101/2021.05.25.445681",34554829,EMD-23805,"Department of Cell Biology\, Harvard Medical School",442.5,"Motion-corrected micrographs of E. coli MsbA in nanodiscs complex with G247 - Polara Data,Motion-corrected micrographs of E. coli MsbA in nanodiscs complex with G247 - Krios Data",,micrographs - single frame
EMPIAR-10801,Drug-free A. baumannii MsbA,EMDB,REL,2021-09-14T00:00:00Z,2021-10-18T00:00:00Z,"Thélot FA, Zhang W, Song K, Xu C, Huang J, Liao M",Distinct allosteric mechanisms of first-generation MsbA inhibitors,"10.1126/science.abi9009,10.1101/2021.05.25.445681",34554829,EMD-23804,"Department of Cell Biology\, Harvard Medical School",268.4,motion-corrected micrographs for drug-free A. baumannii MsbA,,micrographs - single frame
EMPIAR-10781,Nucleolar maturation of the human small subunit processome,EMDB,REL,2021-07-02T00:00:00Z,2021-10-11T00:00:00Z,"Singh S, Vanden Broeck A, Miller L, Chaker-Margot M, Klinge S",Nucleolar maturation of the human small subunit processome,10.1126/science.abj5338,34516797,"EMD-24156,EMD-23936,EMD-24158,EMD-24153,EMD-23938,EMD-24175,EMD-24150,EMD-24166,EMD-24162,EMD-24161,EMD-24165,EMD-24167,EMD-24160,EMD-24169,EMD-24168,EMD-24176,EMD-24152,EMD-23940,EMD-24163,EMD-24154,EMD-24170,EMD-24164,EMD-24171,EMD-24174,EMD-24172,EMD-23939,EMD-24151,EMD-24149,EMD-24155,EMD-24173,EMD-24157,EMD-24159","Klinge lab\, Rockefeller University",76390.4,"Aligned and averaged micrographs of human SSU processomes - Dataset 3,Aligned and averaged micrographs of human SSU processomes - Dataset 5,Unaligned multi-frame micrograph movies of human SSU processomes - Dataset 1,Aligned and averaged micrographs of human SSU processomes - Dataset 6,Unaligned multi-frame micrograph movies of human SSU processomes - Dataset 2,Unaligned multi-frame micrograph movies of human SSU processomes - Dataset 5,Aligned and averaged micrographs of human SSU processomes - Dataset 1,Aligned and averaged micrographs of human SSU processomes - Dataset 4,Unaligned multi-frame micrograph movies of human SSU processomes - Dataset 3,Unaligned multi-frame micrograph movies of human SSU processomes - Dataset 6,Aligned and averaged micrographs of human SSU processomes - Dataset 2,Unaligned multi-frame micrograph movies of human SSU processomes - Dataset 4",,"micrographs - single frame,micrographs - multiframe"
EMPIAR-10752,Single particle cryo EM Data of a human Akirin2 proteasome complex,EMDB,REL,2021-07-04T00:00:00Z,2021-10-01T00:00:00Z,"de Almeida M, Hinterndorfer M, Brunner H, Grishkovskaya I, Singh K, Schleiffer A, Jude J, Deswal S, Kalis R, Vunjak M, Lendl T, Imre R, Roitinger E, Neumann T, Kandolf S, Schutzbier M, Mechtler K, Versteeg GA, Haselbach D, Zuber J",AKIRIN2 controls the nuclear import of proteasomes in vertebrates,10.1038/s41586-021-04035-8,34711951,EMD-12341,IMP - Research Institute of Molecular Pathology,2048.0,"Motion corrected files dose weighted and summed as well as without dose weigthening,Extracted particles of an Akirin2 bound proteasome,Unaligned Multiframe micrographs of Akirin2 bound to the human proteasome",,"micrographs - single frame,picked particles - single frame - processed,micrographs - multiframe"
EMPIAR-10778,A. baumannii MsbA in complex with TBT1,EMDB,REL,2021-07-20T00:00:00Z,2021-09-28T00:00:00Z,"Thélot FA, Zhang W, Song K, Xu C, Huang J, Liao M",Distinct allosteric mechanisms of first-generation MsbA inhibitors,10.1101/2021.05.25.445681,,EMD-23803,"Department of Cell Biology\, Harvard Medical School",267.1,motion-corrected micrographs of A. baumannii MsbA in complex with TBT1 stimulator,,micrographs - single frame
EMPIAR-10796,A microtubule RELION-based pipeline for cryo-EM image processing,EMDB,REL,2019-07-24T00:00:00Z,2021-09-24T00:00:00Z,"Cook AD, Manka SW, Wang S, Moores CA, Atherton J",A microtubule RELION-based pipeline for cryo-EM image processing,10.1016/j.jsb.2019.10.004,31610239,EMD-10131,"Institute of Structural and Molecular Biology\, Birkbeck College\, University of London",256.7,"Single-frames of microtubules decorated with MKLP2 motor domain (ADPAlFx bound),Movies of microtubules decorated with MKLP2 motor domain (ADPAlFx bound)",,micrographs - single frame
EMPIAR-10794,Cryo-EM structure of SARS-CoV-2 NSP15 NendoU at pH 6.0,EMDB,REL,2021-09-03T00:00:00Z,2021-09-17T00:00:00Z,Godoy AS,Cryo-EM structure of SARS-CoV-2 NSP15 NendoU at pH 6.0,,,EMD-23786,University of Sao Paulo,359.3,Aligned micrographs of SARS-CoV-2 NSP15 NendoU at pH 6.0,,micrographs - single frame
EMPIAR-10735,Cryo-EM structures of engineered active bc1-cbb3 type CIII2CIV super-complexes and electronic communication between the complexes,EMDB,REL,2021-01-19T00:00:00Z,2021-08-06T00:00:00Z,"Steimle S, VanEeuwen T, Ozturk Y, Kim HJ, Braitbard M, Selamoglu N, Garcia BA, Schneidman-Duhovny D, Murakami K, Daldal F",Cryo-EM structures of engineered active bc1-cbb3 type CIII2CIV super-complexes and electronic communication between the complexes,10.1038/s41467-021-21051-4,33568648,"EMD-22226,EMD-22224,EMD-22230,EMD-22225,EMD-22227,EMD-22228,EMD-22189","Department of Biology\, University of Pennsylvania,Department of Biochemistry and Biophysics\, Perelman School of Medicine\, University of Pennsylvania",36659.2,"bipartite SC - dataset 1,tripartite SC - dataset 4,bipartite SC - dataset 3,bipartite SC - dataset 2,tripartite SC - dataset 2,tripartite SC - dataset 1,tripartite SC - dataset 6,tripartite SC - dataset 3,tripartite SC - dataset 7,tripartite SC - dataset 5",,"micrographs - single frame,micrographs - multiframe"
EMPIAR-10675,The Myosin II Coiled Coil Domain Atomic Structure in its Native Environment,EMDB,REL,2019-11-04T00:00:00Z,2021-07-29T00:00:00Z,"Rahmani H, Ma W, Hu Z, Daneshparvar N, Taylor DW, McCammon JA, Irving TC, Edwards RJ, Taylor KA",The myosin II coiled-coil domain atomic structure in its native environment,10.1073/pnas.2024151118,33782130,EMD-22975,Florida State University,19251.2,"Frame Stacks 3/3,Particle Stack,Micrographs: frame-aligned and dose-weighted,Frame Stacks 2/3,Frame Stacks 1/3,Micrographs before frames alignment",,"micrographs - single frame,picked particles - single frame - unprocessed,micrographs - multiframe"
EMPIAR-10727,Locating Macromolecular Assemblies in Cells by 2D Template Matching with cisTEM,EMDB,REL,2021-04-04T00:00:00Z,2021-07-07T00:00:00Z,"Lucas BA, Himes BA, Xue L, Grant T, Mahamid J, Grigorieff N",Locating macromolecular assemblies in cells by 2D template matching with cisTEM,10.7554/elife.68946,34114559,"EMD-23772,EMD-23771",University of Massachusetts Medical School,11.0,"Particle stack and cisTEM star file for 50S ribosomal subunits identified in the associated 220 images using the M. pneumoniae 50S template,Particle stack and cisTEM star file for 50S ribosomal subunits identified in the associated 220 images using the B. subtilis 50S template,Exposure-weighted micrographs of M. pneumoniae",,"micrographs - single frame,picked particles - single frame - unprocessed,picked particles - single frame - processed"
EMPIAR-10718,The structure of human CST reveals a decameric assembly bound to telomeric DNA,EMDB,REL,2021-05-17T00:00:00Z,2021-06-25T00:00:00Z,"Lim C, Barbour AT, Zaug AJ, Goodrich KJ, McKay AE, Wuttke DS, Cech TR",The structure of human CST reveals a decameric assembly bound to telomeric DNA,10.1126/science.aaz9649,32499435,EMD-21567,"CU Boulder,UW-Madison",14643.2,"Gain reference for both datasets - gainref_20190729.mrc,Unaligned movies of CST with 3xTEL DNA oligomer at 30 degrees stage tilt,Unaligned movies of CST with 3xTEL DNA oligomer at 0 degrees stage tilt",,"micrographs - single frame,micrographs - multiframe"
EMPIAR-10707,Bacteriophage PhiKZ non-virion RNA Polymerase,EMDB,REL,2021-05-05T00:00:00Z,2021-06-04T00:00:00Z,"de Martin Garrido N, Orekhova M, Lai Wan Loong YTE, Litvinova A, Ramlaul K, Artamonova T, Melnikov AS, Serdobintsev P, Aylett CHS, Yakunina M",Structure of the bacteriophage PhiKZ non-virion RNA polymerase,10.1093/nar/gkab539,34181731,EMD-12885,"Section for Structural and Synthetic Biology\, Department of Infectious Disease\, Imperial College London",769.6,PhiKZ non-virion RNA polymerase particles,,micrographs - single frame
EMPIAR-10421,Single-Particle CryoEM of Human Apoferritin Light Chain Vitrified Using Back-it-up,EMDB,REL,2020-05-13T00:00:00Z,2021-05-17T00:00:00Z,"Tan YZ, Rubinstein JL",Through-grid wicking enables high-speed cryoEM specimen preparation,"10.1107/s2059798320012474,10.1101/2020.05.03.075366",33135680,EMD-21951,The Hospital for Sick Children,2150.4,"Aligned Dose-Weighted Micrographs,Final Particle Stack with Final Euler Angles and Shifts,Unaligned Falcon IV movie frames",,"micrographs - single frame,picked particles - multiframe - processed,micrographs - multiframe"
EMPIAR-10706,Mixed capsids of MS2 virions,EMDB,REL,2021-05-05T00:00:00Z,2021-05-14T00:00:00Z,"de Martín Garrido N, Crone MA, Ramlaul K, Simpson PA, Freemont PS, Aylett CHS",Bacteriophage MS2 displays unreported capsid variability assembling T = 4 and mixed capsids,10.1111/mmi.14406,31618483,EMD-4989,"Section for Structural and Synthetic Biology\, Department of Infectious Disease\, Imperial College London",113.1,MS2 virion-like particles,,micrographs - single frame
EMPIAR-10704,TSC complex particles,EMDB,REL,2021-05-05T00:00:00Z,2021-05-14T00:00:00Z,"Ramlaul K, Fu W, Li H, de Martin Garrido N, He L, Trivedi M, Cui W, Aylett CHS, Wu G",Architecture of the Tuberous Sclerosis Protein Complex,10.1016/j.jmb.2020.166743,33307091,EMD-11819,"Section for Structural and Synthetic Biology\, Department of Infectious Disease\, Imperial College London",93.7,Dose weighted micrographs,,micrographs - single frame
EMPIAR-10687,"Yeast C, Ci, C*, and P complex spliceosomes",EMDB,REL,2021-02-21T00:00:00Z,2021-05-10T00:00:00Z,"Wilkinson ME, Fica SM, Galej WP, Nagai K",Structural basis for conformational equilibrium of the catalytic spliceosome,10.1016/j.molcel.2021.02.021,33705709,"EMD-12107,EMD-12106,EMD-3541,EMD-12116,EMD-3542,EMD-12114,EMD-4057,EMD-4058,EMD-4055,EMD-4059,EMD-4056,EMD-12115,EMD-12108,EMD-12110,EMD-12118,EMD-12117,EMD-12109,EMD-12112,EMD-3539,EMD-12111,EMD-12113",MRC Laboratory of Molecular Biology,9113.6,"Unaligned movies of C-complex spliceosome with 3' splice site AG to AC mutation (Dataset 1),Unaligned movies of C-complex spliceosomes with cold-sensitive prp16-302 mutation\, purified with Cwc25 and incubated with ATP and Mg (Dataset 5),Unaligned movies of C\, C*\, and P-complex spliceosomes with dominant-negative Prp22 mutation K512A\, purified with Slu7 (Dataset 6),Aligned movies of C-complex spliceosomes with cold-sensitive prp16-302 mutation\, purified with Cwc25 (Dataset 4),Unaligned movies of C and C*-complex spliceosomes with 3' splice site AG to AdG mutation (Dataset 3),Unaligned movies of C and C*-complex spliceosomes with 3' splice site AG to AdG mutation (Dataset 2),Selected C-complex particles after polishing,Selected P-complex particles after polishing,Various signal subtractions for C- and P-complex spliceosomes,Unaligned movies of P-complex spliceosomes with dominant-negative Prp22 mutation K512A\, treated with anti-3'exon RNaseH oligo\, purified in presence of Mg (Dataset 9)",,"micrographs - single frame,picked particles - single frame - processed,micrographs - multiframe"
EMPIAR-10652,Identification of a conserved virion-stabilizing network inside the interprotomer pocket of enteroviruses,EMDB,REL,2021-01-22T00:00:00Z,2021-04-14T00:00:00Z,"Flatt JW, Domanska A, Seppälä AL, Butcher SJ",Identification of a conserved virion-stabilizing network inside the interprotomer pocket of enteroviruses,10.1038/s42003-021-01779-x,33637854,"EMD-11300,EMD-11165","Faculty of Biological and Environmental Sciences\, Molecular and Integrative Bioscience Research Programme\, University of Helsinki\, Helsinki\, Finland",7475.2,"Aligned non dose weighted micrographs,Un-aligned multiframe micrographs of CVB4 control,Aligned multi-frame micrographs dose weighted,Unaligned multiframe micrographs of CVB4 in complex with CP48",,"micrographs - single frame,micrographs - multiframe"
EMPIAR-10211,mouse MDA5-dsRNA filamemts in complex of 2mM ADP-AlF4,EMDB,REL,2018-09-24T00:00:00Z,2021-04-14T00:00:00Z,"Yu Q, Qu K, Modis Y.E",Cryo-EM Structures of MDA5-dsRNA Filaments at Different Stages of ATP Hydrolysis,10.1016/j.molcel.2018.10.012,30449722,EMD-0023,"Department of Medicine\, MRC-LMB\, University of Cambridge",195.3,"mouse MDA5-dsRNA filaments in complex with 2mM ADP-AlF4_data1,mouse MDA5-dsRNA filaments in complex with 2mM ADP-AlF4_data2,mouse MDA5-dsRNA filaments in complex with 2mM ADP-AlF4_data2_rescaled",,micrographs - single frame
EMPIAR-10667,Human 46QHuntingtin-HAP40 complex structure,EMDB,REL,2021-03-15T00:00:00Z,2021-04-06T00:00:00Z,GUO Q,,,,EMD-30911,"Institute of Neuropathology\, University Medical Center Göttingen,Peking-Tsinghua Joint Center for Life Sciences\, School of Life Sciences\, Peking University",59.2,Aligned micrographs of Human 46QHuntingtin-HAP40 sample,,micrographs - single frame
EMPIAR-10341,Multiple Genomic RNA-Coat Protein Contacts Play Vital Roles in the Assembly of Infectious Enterovirus-E,EMDB,REL,2019-11-20T00:00:00Z,2021-03-29T00:00:00Z,"Chandler-Bostock R, Mata CP, Bingham RJ, Dykeman EC, Meng B, Tuthill TJ, Rowlands DJ, Ranson NA, Twarock R, Stockley PG","Assembly of infectious enteroviruses depends on multiple\, conserved genomic RNA-coat protein contacts",10.1371/journal.ppat.1009146,33370422,EMD-10504,"Astbury Centre for Structural Molecular Biology\, School of Molecular and Cellular Biology\, Faculty of Biological Sciences,Departments of Mathematics and Biology and York Centre for Complex Systems Analysis\, University of York,Astbury Centre for Structural Molecular Biology\, School of Molecular and Cellular Biology\, Faculty of Biological Sciences\, University of Leeds",635.4,"Motion corrected micrographs of BEV1,Polished particles of BEV1",,"micrographs - single frame,picked particles - single frame - processed"
EMPIAR-10668,CryoEM structure of the apo-CGRP receptor in a detergent micelle,EMDB,REL,2021-03-18T00:00:00Z,2021-03-24T00:00:00Z,"Josephs TM, Belousoff MJ, Liang YL, Piper SJ, Cao J, Garama DJ, Leach K, Gregory KJ, Christopoulos A, Hay DL, Danev R, Wootten D, Sexton PM",Structure and dynamics of the CGRP receptor in apo and peptide-bound forms,10.1126/science.abf7258,33602864,EMD-22962,"Drug Discovery Biology Theme\, Monash Institute of Pharmaceutical Sciences\, Monash University,The University of Tokyo",1740.8,Non-gain-normalized LZW-TIFF compressed movies of CGRPR in a detergent micelle,,micrographs - single frame
EMPIAR-10056,Structure of the human U4/U6.U5 tri-snRNP,EMDB,REL,2016-02-12T00:00:00Z,2021-03-05T00:00:00Z,"Agafonov DE, Kastner B, Dybkov O, Hofele RV, Liu WT, Urlaub H, Lührmann R, Stark H",Molecular architecture of the human U4/U6.U5 tri-snRNP,10.1126/science.aad2085,26912367,EMD-6581,"Department of Structural Dynamics\, MPI for biophysical chemistry",300.9,TBD,,micrographs - single frame
EMPIAR-10537,Negative-stained transmission electron microscopy of the nucleosome remodelling and deacetylase complex purified from murine erythroleukemia cells.,EMDB,REL,2020-10-26T00:00:00Z,2021-02-19T00:00:00Z,"Low JKK, Silva APG, Sharifi Tabar M, Torrado M, Webb SR, Parker BL, Sana M, Smits C, Schmidberger JW, Brillault L, Jackman MJ, Williams DC, Blobel GA, Hake SB, Shepherd NE, Landsberg MJ, Mackay JP","The Nucleosome Remodeling and Deacetylase Complex Has an Asymmetric\, Dynamic\, and Modular Architecture",10.1016/j.celrep.2020.108450,33264611,EMD-22895,"School of Chemistry and Microbiology\, The University of Queensland,School of Life and Environmental Sciences\, Protein structure\, function and engineering lab\, Faculty of Science\, The University of Sydney",82.7,raw single-frame micrographs of the nucleosome remodelling and deacetylase complex (crosslinked).,,micrographs - single frame
EMPIAR-10283,Cryo-EM structure of the mammalian ATP synthase tetramer bound to inhibitory protein IF1 (Part1),EMDB,REL,2019-05-23T00:00:00Z,2021-02-19T00:00:00Z,"Gu J, Zhang L, Zong S, Guo R, Liu T, Yi J, Wang P, Zhuo W, Yang M",Cryo-EM structure of the mammalian ATP synthase tetramer bound with inhibitory protein IF1,10.1126/science.aaw4852,31197009,"EMD-0667,EMD-0677,EMD-0670,EMD-0668,EMD-0669",Tsinghua University,141.3,Averaged micrographs of mammalian ATP synthase tetramer,,micrographs - single frame
EMPIAR-10411,Single Particle Cryo-EM Reconstructions of NCP-CHD4 complexes,EMDB,REL,2020-05-05T00:00:00Z,2021-02-19T00:00:00Z,"Farnung L, Ochmann M, Cramer P",Nucleosome-CHD4 chromatin remodeler structure maps human disease mutations,10.7554/elife.56178,32543371,"EMD-10058,EMD-10059","Department of Molecular Biology\, Max Planck Institute for Biophysical Chemistry",721.2,"Unaligned multi-frame micrographs of NCP-CHD4 Dataset 1,Averaged and aligned micrographs NCP-CHD4  Dataset 2,Unaligned multi-frame micrographs of NCP-CHD4 Dataset 3,Averaged and aligned micrographs Dataset 1,Unaligned multi-frame micrographs of NCP-CHD4 Dataset 2,Averaged and aligned micrographs Dataset 3",,"micrographs - single frame,micrographs - multiframe"
EMPIAR-10538,Negative-stained transmission electron microscopy of the nucleosome and deacetylase complex purified from murine erythroleukemia cells.,EMDB,REL,2020-10-27T00:00:00Z,2021-02-12T00:00:00Z,"Low JKK, Silva APG, Sharifi Tabar M, Torrado M, Webb SR, Parker BL, Sana M, Smits C, Schmidberger JW, Brillault L, Jackman MJ, Williams DC, Blobel GA, Hake SB, Shepherd NE, Landsberg MJ, Mackay JP","The Nucleosome Remodeling and Deacetylase Complex Has an Asymmetric\, Dynamic\, and Modular Architecture",10.1016/j.celrep.2020.108450,33264611,EMD-22895,"School of Chemistry and Microbiology\, The University of Queensland,School of Life and Environmental Sciences\, Protein structure\, function and engineering lab\, Faculty of Science\, The University of Sydney",25.0,raw single-frame micrographs of the nucleosome deacetylase complex (crosslinked).,,micrographs - single frame
EMPIAR-10539,Negative-stained transmission electron microscopy of the MTA-HDAC-MBD core complex purified from EXPI cells,EMDB,REL,2020-10-28T00:00:00Z,2021-02-12T00:00:00Z,"Low JKK, Silva APG, Sharifi Tabar M, Torrado M, Webb SR, Parker BL, Sana M, Smits C, Schmidberger JW, Brillault L, Jackman MJ, Williams DC, Blobel GA, Hake SB, Shepherd NE, Landsberg MJ, Mackay JP","The Nucleosome Remodeling and Deacetylase Complex Has an Asymmetric\, Dynamic\, and Modular Architecture",10.1016/j.celrep.2020.108450,33264611,EMD-21382,"School of Chemistry and Microbiology\, The University of Queensland,School of Life and Environmental Sciences\, Protein structure\, function and engineering lab\, Faculty of Science\, The University of Sydney",20.3,micrograph of the MTA-HDAC-MBDcc core compelx of NuRD,,micrographs - single frame
EMPIAR-10616,Cryo-EM dataset of human pre-Bact spliceosome,EMDB,REL,2020-09-07T00:00:00Z,2021-01-29T00:00:00Z,"Townsend C, Leelaram MN, Agafonov DE, Dybkov O, Will CL, Bertram K, Urlaub H, Kastner B, Stark H, Lührmann R",Mechanism of protein-guided folding of the active site U2/U6 RNA during spliceosome activation,10.1126/science.abc3753,33243851,"EMD-11697,EMD-11693,EMD-11696,EMD-11694,EMD-11695",Max Planck Institute for Biophysical Chemistry,584.5,"Motion-corrected micrographs (with dose-weighting) of human pre-Bact spliceosome,Motion-corrected micrographs (without dose-weighting) of human pre-Bact spliceosome",,micrographs - single frame
EMPIAR-10468,Transcription-translation coupling complex (TEC27_NusG_CHAPSO),EMDB,REL,2020-07-08T00:00:00Z,2021-01-15T00:00:00Z,"Wang C, Molodtsov V, Firlar E, Kaelber JT, Blaha G, Su M, Ebright RH",Structural basis of transcription-translation coupling,10.1126/science.abb5317,32820061,EMD-22142,"Waksman Institute and Department of Chemistry and Chemical Biology\, Rutgers University",201.5,transcription-translation coupling complex (TEC27_NusG_CHAPSO),,micrographs - single frame
EMPIAR-10590,Single-particle Cryo-EM of the endogenous human BAF complex alone,EMDB,REL,2020-10-15T00:00:00Z,2020-12-22T00:00:00Z,"Mashtalir N, Suzuki H, Farrell DP, Sankar A, Luo J, Filipovski M, D'Avino AR, St Pierre R, Valencia AM, Onikubo T, Roeder RG, Han Y, He Y, Ranish JA, DiMaio F, Walz T, Kadoch C",A Structural Model of the Endogenous Human BAF Complex Informs Disease Mechanisms,10.1016/j.cell.2020.09.051,33053319,EMD-22476,"Laboratory of Molecular Electron Microscopy\, The Rockefeller University,Department of Pediatric Oncology\, Dana-Faber Cancer Institute",258.1,Motion-corrected micrographs of the endogenous human BAF complex on thin-layer carbon grids,,micrographs - single frame
EMPIAR-10451,Cryo electron tomography after FIB-milling of Planctomycetes species Tuwongella immobilis (33k magnification),EMDB,REL,2020-06-23T00:00:00Z,2020-12-11T00:00:00Z,"Mahajan M, Seeger C, Yee B, Andersson SGE",Evolutionary Remodeling of the Cell Envelope in Bacteria of the Planctomycetes Phylum,10.1093/gbe/evaa159,32761170,EMD-11124,"Department of Cell and Molecular Biology,Department of Cell and Molecular Biology\, Molecular Evolution\, Uppsala University",15.5,"Single micrographs from cryo-ET tilt series (motion-corrected) of Tuwongella immobilis after FIB-milling (33k magnification),Image stack (motion-corrected) from cryo-ET tilt series of Tuwongella immobilis after FIB-milling (33k magnification),Single micrographs from cryo-ET tilt series (uncorrected) of Tuwongella immobilis after FIB-milling (33k magnification)",,"micrographs - single frame,tilt series"
EMPIAR-10403,SA-like and SD-like states of human 26S Proteasome with non-cleavable M1-linked hexaubiquitin (dataset 1),EMDB,REL,2020-04-30T00:00:00Z,2020-12-09T00:00:00Z,"Chen X, Dorris Z, Shi D, Huang RK, Khant H, Fox T, de Val N, Williams D, Zhang P, Walters KJ",Cryo-EM Reveals Unanchored M1-Ubiquitin Chain Binding at hRpn11 of the 26S Proteasome,10.1016/j.str.2020.07.011,32783951,"EMD-21700,EMD-21699","Structural Biophysics Laboratory\, Center for Cancer Research\, National Cancer Institute",87.3,Motion-corrected single frame micrographs of human 26S Proteasome with non-cleavable M1-linked hexaubiquitin (dataset 1),,micrographs - single frame
EMPIAR-10402,SA-like and SD-like states of human 26S Proteasome with non-cleavable M1-linked hexaubiquitin (dataset 2),EMDB,REL,2020-04-30T00:00:00Z,2020-12-09T00:00:00Z,"Chen X, Dorris Z, Shi D, Huang RK, Khant H, Fox T, de Val N, Williams D, Zhang P, Walters KJ",Cryo-EM Reveals Unanchored M1-Ubiquitin Chain Binding at hRpn11 of the 26S Proteasome,10.1016/j.str.2020.07.011,32783951,"EMD-21698,EMD-21697","Structural Biophysics Laboratory\, Center for Cancer Research\, National Cancer Institute",330.2,Motion-corrected single frame micrographs of human 26S Proteasome with non-cleavable M1-linked hexaubiquitin (dataset 2),,micrographs - single frame
EMPIAR-10401,SA-like and SD-like states of human 26S Proteasome with non-cleavable M1-linked hexaubiquitin and E3 ubiquitin ligase E6AP/UBE3A,EMDB,REL,2020-04-29T00:00:00Z,2020-12-09T00:00:00Z,"Chen X, Dorris Z, Shi D, Huang RK, Khant H, Fox T, de Val N, Williams D, Zhang P, Walters KJ",Cryo-EM Reveals Unanchored M1-Ubiquitin Chain Binding at hRpn11 of the 26S Proteasome,10.1016/j.str.2020.07.011,32783951,"EMD-21691,EMD-21704,EMD-21696","Structural Biophysics Laboratory\, Center for Cancer Research\, National Cancer Institute",330.3,Motion-corrected single frame micrographs of human 26S Proteasome with non-cleavable M1-linked hexaubiquitin and E3 ubiquitin ligase E6AP/UBE3A,,micrographs - single frame
EMPIAR-10379,Cryo-EM motion corrected micrographs of rabbit muscle aldolase,EMDB,REL,2020-02-28T00:00:00Z,2020-12-04T00:00:00Z,"Li Y, Cash JN, Tesmer JJ, Cianfrocco MA",High-throughput cryo-EM enabled by user-free preprocessing routines,10.1101/2019.12.20.885541,,EMD-21492,University of Michigan,59.3,Motion corrected micrographs of rabbit muscle aldolase,,micrographs - single frame
EMPIAR-10473,Micrograph frames from 110 internal SEMC/NYSBC test datasets used for Topaz-Denoise model generation & analysis,EMDB,REL,2019-06-18T00:00:00Z,2020-11-27T00:00:00Z,"Bepler T, Kelley K, Noble AJ, Berger B",Topaz-Denoise: general deep denoising models for cryoEM and cryoET,10.1038/s41467-020-18952-1,33060581,"EMD-22059,EMD-22056,EMD-22060,EMD-22058,EMD-22053,EMD-22052,EMD-22057","Massachusetts Institute of Technology,New York Structural Biology Center",34713.6,Unaligned micrograph frames from 110 internal SEMC/NYSBC test datasets,,micrographs - single frame
EMPIAR-10407,Motion-corrected micrographs and extracted particle images of the 70S ribosome from the human pathogen Acinetobacter baumannii in complex with tigecycline,EMDB,REL,2020-05-07T00:00:00Z,2020-11-24T00:00:00Z,"Nicholson D, Edwards TA, O'Neill AJ, Ranson NA",Structure of the 70S Ribosome from the Human Pathogen Acinetobacter baumannii in Complex with Clinically Relevant Antibiotics,10.1016/j.str.2020.08.004,32857965,"EMD-10915,EMD-10914,EMD-10898","Astbury Centre for Structural Molecular Biology\, School of Molecular and Cellular Biology\, Faculty of Biological Sciences\, University of Leeds",538.5,"Extracted particle images of the 70S ribosome from the human pathogen Acinetobacter baumannii in complex with tigecycline,Motion-corrected micrographs of the 70S ribosome from the human pathogen Acinetobacter baumannii in complex with tigecycline",,"micrographs - single frame,picked particles - multiframe - processed"
EMPIAR-10406,Motion-corrected micrographs and extracted particle images of the 70S ribosome from the human pathogen Acinetobacter baumannii in complex with amikacin,EMDB,REL,2020-05-05T00:00:00Z,2020-11-24T00:00:00Z,"Nicholson D, Edwards TA, O'Neill AJ, Ranson NA",Structure of the 70S Ribosome from the Human Pathogen Acinetobacter baumannii in Complex with Clinically Relevant Antibiotics,10.1016/j.str.2020.08.004,32857965,"EMD-10809,EMD-10892,EMD-10869","Astbury Centre for Structural Molecular Biology\, School of Molecular and Cellular Biology\, Faculty of Biological Sciences\, University of Leeds",177.7,"Motion-corrected micrographs of the 70S ribosome from the human pathogen Acinetobacter baumannii in complex with amikacin,Extracted particle images of the 70S ribosome from the human pathogen Acinetobacter baumannii in complex with amikacin",,"micrographs - single frame,picked particles - multiframe - processed"
EMPIAR-10495,Structure and assembly of ESCRT-III helical Vps24 filaments,EMDB,REL,2020-07-27T00:00:00Z,2020-11-18T00:00:00Z,"Huber ST, Mostafavi S, Mortensen SA, Sachse C",Structure and assembly of ESCRT-III helical Vps24 filaments,10.1126/sciadv.aba4897,,EMD-11212,"Forschungszentrum Jülich GmbH,Department of Bionanoscience / TU Delft",70.0,Aligned micrographs of Vps24 helical filaments,,micrographs - single frame
EMPIAR-10358,CryoEM dataset of sarkosyl-insoluble fractions from the putamen of multiple system atrophy brain of case 2,EMDB,REL,2020-02-07T00:00:00Z,2020-11-18T00:00:00Z,"Schweighauser M, Shi Y, Tarutani A, Kametani F, Murzin AG, Ghetti B, Matsubara T, Tomita T, Ando T, Hasegawa K, Murayama S, Yoshida M, Hasegawa M, Scheres SHW, Goedert M",Structures of α-synuclein filaments from multiple system atrophy,10.1038/s41586-020-2317-6,32461689,"EMD-10652,EMD-10651",MRC-LMB,1126.4,"Polished particle stacks,Unaligned multi-frame movies,Dose-weighted aligned micrographs",,"micrographs - single frame,picked particles - single frame - processed,micrographs - multiframe"
EMPIAR-10532,Single-Particle CryoEM of Influenza Hemagglutinin (HA) Trimer Vitrified Using Back-it-up,EMDB,REL,2020-05-14T00:00:00Z,2020-11-11T00:00:00Z,"Tan YZ, Rubinstein JL",Through-grid wicking enables high-speed cryoEM specimen preparation,10.1107/s2059798320012474,33135680,EMD-21954,The Hospital for Sick Children,1228.8,"Aligned micrographs,Final Refined Particles with Euler Angles and Shifts,Unaligned Falcon IV movies",,"micrographs - single frame,picked particles - single frame - processed,micrographs - multiframe"
EMPIAR-10368,"Human delta protocadherin 1 full ectodomains on membranes, tomogram 2",EMDB,REL,2020-01-08T00:00:00Z,2020-10-09T00:00:00Z,"Harrison OJ, Brasch J, Katsamba PS, Ahlsen G, Noble AJ, Dan H, Sampogna R, Potter CS, Carragher B, Honig B, Shapiro L",Family-wide Structural and Biophysical Analysis of Binding Interactions among Non-clustered δ-Protocadherins,10.1016/j.celrep.2020.02.003,32101743,EMD-21189,"Zuckerman Mind\, Brain and Behavior Institute\, Columbia University",230.3,"K2 tilt-series frames,Whole-frame aligned tilt images,Appion-Protomo tilt-series alignments",,"micrographs - single frame,tilt series,micrographs - multiframe"
EMPIAR-10519,"Single particle cryo electron microscopy of aldolase (rabbit, muscle) using beam-tilt on Talos Arctica",EMDB,REL,2020-09-28T00:00:00Z,2020-10-09T00:00:00Z,"Cash JN, Kearns S, Li Y, Cianfrocco MA",High-resolution cryo-EM using beam-image shift at 200 keV,10.1107/s2052252520013482,33209328,"EMD-22757,EMD-22756,EMD-22755,EMD-22758,EMD-22754","Department of Biological Chemistry,University of Michigan\, Ann Arbor",87.6,Unaligned micrographs of aldolase collected with beam-tilt at 200 kV,,micrographs - single frame
EMPIAR-10489,Native Pyruvate Dehydrogenase Complex from Neurospora crassa,EMDB,REL,2020-07-04T00:00:00Z,2020-09-02T00:00:00Z,"Forsberg BO, Aibara S, Howard RJ, Mortezaei N, Lindahl E",Arrangement and symmetry of the fungal E3BP-containing core of the pyruvate dehydrogenase complex,10.1038/s41467-020-18401-z,32938938,"EMD-11268,EMD-11267,EMD-11266","Stockholm University\, Science for Life Laboratory",305.5,Aligned and dose-weighted micrographs of native N. crassa Pyruvate dehydrogenase,,micrographs - single frame
EMPIAR-10475,Structural basis of redox modulation on chloroplast ATP synthase (reduced form),EMDB,REL,2020-06-28T00:00:00Z,2020-09-02T00:00:00Z,"Yang JH, Williams D, Kandiah E, Fromme P, Chiu PL",Structural basis of redox modulation on chloroplast ATP synthase,10.1038/s42003-020-01221-8,32879423,"EMD-21269,EMD-21268,EMD-21266,EMD-21271,EMD-21270,EMD-21267","Biodesign Center for Applied Structural Discovery,School of Molecular Sciences\, Arizona State University",109.9,Reduced state of the chloroplast ATP synthase,,micrographs - single frame
EMPIAR-10347,FAK structure from single particle analysis of 2D crystals,EMDB,REL,2020-01-16T00:00:00Z,2020-08-25T00:00:00Z,"Acebrón I, Righetto RD, Schoenherr C, de Buhr S, Redondo P, Culley J, Rodríguez CF, Daday C, Biyani N, Llorca O, Byron A, Chami M, Gräter F, Boskovic J, Frame MC, Stahlberg H, Lietha D",Structural basis of Focal Adhesion Kinase activation on lipid membranes,10.15252/embj.2020104743,32779739,"EMD-10616,EMD-10615","Structural and Chemical Biology\, Biological Research Center (CIB-CSIC),Center for Cellular Imaging and NanoAnalytics\, Biozentrum\, University of Basel",1843.2,"Unaligned movies of the FAK AMP-PNP dataset,Dose-weighted aligned movie averages of the FAK AMP-PNP dataset,Stack of particles extracted from the FAK AMP-PNP dataset,Stack of particles extracted from the FAK APO Titan and Polara datasets,Unaligned movies of the FAK APO Titan dataset,Dose-weighted aligned movie averages of the FAK APO Titan dataset,Dose-weighted aligned movie averages of the FAK APO Polara dataset",,"micrographs - single frame,picked particles - single frame - unprocessed,micrographs - multiframe"
EMPIAR-10443,Mechanism of Ribosome Rescue by Alternative Release Factor B,EMDB,REL,2020-06-11T00:00:00Z,2020-08-18T00:00:00Z,"Chan K-H, Petrychenko V, Mueller C, Maracci C, Holtkamp W, Wilson DN, Fischer N, Rodnina MV",Mechanism of Ribosome Rescue by Alternative Release Factor B,10.1038/s41467-020-17853-7,27906160,"EMD-10906,EMD-10908,EMD-10905,EMD-10907","Max-Planck-Institute for Biophysical Chemistry,University of Hamburg",788.2,"Motion-corrected\, dose-weighted micrographs & polished particles of P+9 E. coli ribosome-ArfB complex,Motion-corrected\, dose-weighted micrographs & extracted particles of P+0 E. coli ribosome-ArfB complex",,micrographs - single frame
EMPIAR-10357,CryoEM dataset of sarkosyl-insoluble fractions from the putamen of multiple system atrophy brain of case 1,EMDB,REL,2020-02-03T00:00:00Z,2020-08-17T00:00:00Z,"Schweighauser M, Shi Y, Tarutani A, Kametani F, Murzin AG, Ghetti B, Matsubara T, Tomita T, Ando T, Hasegawa K, Murayama S, Yoshida M, Hasegawa M, Scheres SHW, Goedert M",Structures of α-synuclein filaments from multiple system atrophy,10.1038/s41586-020-2317-6,32461689,EMD-10650,MRC-LMB,3276.8,"Polished particle stacks,Unaligned multi-frame movies,Dose-weighted aligned micrographs",,"micrographs - single frame,picked particles - single frame - processed,micrographs - multiframe"
EMPIAR-10420,"Single-Particle Cryo-EM of Arabinosyltransferase EmbB from Mycobacterium smegmatis, Collected using both Falcon III and K2 Detectors",EMDB,REL,2020-05-14T00:00:00Z,2020-07-30T00:00:00Z,"Tan YZ, Rodrigues J, Keener JE, Zheng RB, Brunton R, Kloss B, Giacometti SI, Rosário AL, Zhang L, Niederweis M, Clarke OB, Lowary TL, Marty MT, Archer M, Potter CS, Carragher B, Mancia F, Tan YZ, Rodrigues J, Keener JE, Zheng RB, Brunton R, Kloss B, Giacometti SI, Rosário AL, Zhang L, Niederweis M, Clarke OB, Lowary TL, Marty MT, Archer M, Potter CS, Carragher B, Mancia F",Cryo-EM structure of arabinosyltransferase EmbB from Mycobacterium smegmatis,10.1038/s41467-020-17202-8,32636380,EMD-21983,"New York Structural Biology Center/Columbia University,Department of Physiology and Cellular Biophysics\, Columbia University",4608.0,"Unaligned and compressed multiframe movies from K2 Summit Detector,Aligned and dose-weighted micrographs from K2 Summit Detector,Aligned and dose-weighted micrographs from Falcon III Detector,Final Particle Stack with Refined Euler Angles and Shifts,Unaligned and compressed multiframe movies from Falcon III Detector",,"micrographs - single frame,picked particles - single frame - processed,micrographs - multiframe"
EMPIAR-10370,"Human delta protocadherin 10 full ectodomains on membranes, tomogram 1",EMDB,REL,2020-01-09T00:00:00Z,2020-07-28T00:00:00Z,"Harrison OJ, Brasch J, Katsamba PS, Ahlsen G, Noble AJ, Dan H, Sampogna R, Potter CS, Carragher B, Honig B, Shapiro L",Family-wide Structural and Biophysical Analysis of Binding Interactions among Non-clustered δ-Protocadherins,10.1016/j.celrep.2020.02.003,32101743,EMD-21191,"Zuckerman Mind\, Brain and Behavior Institute\, Columbia University",599.5,"K2 tilt-series frames,Whole-frame aligned tilt images,Appion-Protomo tilt-series alignments",,"micrographs - single frame,tilt series,micrographs - multiframe"
EMPIAR-10470,Saccharomyces cerevisiae fatty acid synthase complex,EMDB,REL,2020-06-30T00:00:00Z,2020-07-27T00:00:00Z,"Singh K, Graf B, Linden A, Sautner V, Urlaub H, Tittmann K, Stark H, Chari A",Discovery of a Regulatory Subunit of the Yeast Fatty Acid Synthase,10.1016/j.cell.2020.02.034,32160528,EMD-4578,Max Planck Institute for Biophysical Chemistry,391.7,"final_particle_stack,Aligned and doseweighted micrographs of yeast fatty acid synthase",,"micrographs - single frame,picked particles - single frame - unprocessed"
EMPIAR-10454,Saccharomyces cerevisiae fatty acid synthase complex with bound gamma subunit,EMDB,REL,2020-05-22T00:00:00Z,2020-07-27T00:00:00Z,"Singh K, Graf B, Linden A, Sautner V, Urlaub H, Tittmann K, Stark H, Chari A",Discovery of a Regulatory Subunit of the Yeast Fatty Acid Synthase,10.1016/j.cell.2020.02.034,32160528,EMD-4577,Max Planck Institute for Biophysical Chemistry,329.3,"Aligned and doseweighted  micrographs of yeast fatty acid synthase with bound gamma subunit,Stack of Polished particles (in relion) used for final reconstruction",,"micrographs - single frame,picked particles - single frame - processed"
EMPIAR-10367,"Human delta protocadherin 1 full ectodomains on membranes, tomogram 1",EMDB,REL,2020-01-08T00:00:00Z,2020-07-24T00:00:00Z,"Harrison OJ, Brasch J, Katsamba PS, Ahlsen G, Noble AJ, Dan H, Sampogna R, Potter CS, Carragher B, Honig B, Shapiro L",Family-wide Structural and Biophysical Analysis of Binding Interactions among Non-clustered δ-Protocadherins,10.1016/j.celrep.2020.02.003,32101743,EMD-21188,"Zuckerman Mind\, Brain and Behavior Institute\, Columbia University",247.7,"Appion-Protomo tilt-series alignments,Summed\, non-frame aligned tilt images",,"micrographs - single frame,tilt series"
EMPIAR-10429,3 Å resolution single particle reconstruction of glucosyltransferase ALG6 in nanodisc,EMDB,REL,2020-02-28T00:00:00Z,2020-07-14T00:00:00Z,"Bloch JS, Pesciullesi G, Boilevin J, Nosol K, Irobalieva RN, Darbre T, Aebi M, Kossiakoff AA, Reymond JL, Locher KP, Bloch JS, Pesciullesi G, Boilevin J, Nosol K, Irobalieva RN, Darbre T, Aebi M, Kossiakoff AA, Reymond JL, Locher KP",Structure and mechanism of the ER-based glucosyltransferase ALG6,10.1038/s41586-020-2044-z,32103179,EMD-10258,ETH Zurich,2867.2,"Unaligned multi-frame micrographs of the Alg6-Fab complex,Motion corrected micrographs of the Alg6-Fab complex",,"micrographs - single frame,micrographs - multiframe"
EMPIAR-10268,Separating distinct macromolecular assemblies from cryo-EM images,EMDB,REL,2019-04-16T00:00:00Z,2020-07-14T00:00:00Z,"Verbeke EJ, Zhou Y, Horton AP, Mallam AL, Taylor DW, Marcotte EM",Separating distinct structures of multiple macromolecular assemblies from cryo-EM projections,10.1016/j.jsb.2019.107416,31726096,"EMD-20109,EMD-20111,EMD-20112,EMD-20110","Department of Molecular Biosciences\, University of Texas at Austin",128.5,"Drift-corrected and dose-weighted average micographs of a mixture containing 40S\, 60S\, 80S and apoferritin",,micrographs - single frame
EMPIAR-10380,Single particle cryo electron microscopy of the human serotonin transporter bound with paroxetine and in complex with 8B6 Fab,EMDB,REL,2020-02-10T00:00:00Z,2020-07-01T00:00:00Z,"Coleman JA, Navratna V, Antermite D, Yang D, Bull JA, Gouaux E",Chemical and structural investigation of the paroxetine-human serotonin transporter complex,10.7554/elife.56427,32618269,EMD-21368,"Vollum Institute\, Oregon Health & Science University",2764.8,"Dataset 2 unaligned multi-frame micrographs of SERT-8B6 Fab complex bound to paroxetine,Aligned micrographs of the SERT-8B6 paroxetine Fab complex bound to paroxetine,Dataset 1 unaligned multi-frame micrographs of SERT-8B6 Fab complex bound to paroxetine,Particle stack of the SERT-8B6 paroxetine Fab complex bound to paroxetine",,"micrographs - single frame,picked particles - multiframe - unprocessed,micrographs - multiframe"
EMPIAR-10387,Structural basis for strand-transfer inhibitor binding to HIV intasomes,EMDB,REL,2020-03-26T00:00:00Z,2020-06-30T00:00:00Z,"Passos DO, Li M, Jóźwik IK, Zhao XZ, Santos-Martins D, Yang R, Smith SJ, Jeon Y, Forli S, Hughes SH, Burke TR, Craigie R, Lyumkis D",Structural basis for strand-transfer inhibitor binding to HIV intasomes,10.1126/science.aay8015,32001521,EMD-20484,Salk Institute,4505.6,"Aligned\, summed and exposure weighted micrographs of HIV-1 intasome bound to compound 4d.,Unaligned raw movies of HIV-1 intasome bound to compound 4d",,"micrographs - single frame,micrographs - multiframe"
EMPIAR-10433,"Characterization of the SARS-CoV-2 S Protein: Biophysical, Biochemical, Structural, and Antigenic Analysis",EMDB,REL,2020-05-29T00:00:00Z,2020-06-16T00:00:00Z,"Herrera NG, Morano NC, Celikgil A, Georgiev GI, Malonis R, Lee JH, Tong K, Vergnolle O, Massimi A, Yen LY, Noble AJ, Kopylov M, Bonanno JB, Garrett-Thomson SC, Hayes DB, Bortz R, Wirchnianski A, Florez C, Laudermilch E, Haslwanter D, Fels J, Dieterle M, Jangra R, Barnhill J, Mengotto A, Kimmel D, Daily J, Pirofski L, Chandran K, Brenowitz M, Garforth S, Eng E, Lai JR, Almo SC","Characterization of the SARS-CoV-2 S Protein: Biophysical\, Biochemical\, Structural\, and Antigenic Analysis",10.1021/acsomega.0c03512,,EMD-22078,"Anbert Einstein College of Medicine,Albert Einstein College of Medicine,New York Structural Biology Center",484.3,"Unaligned multi frame micrographs of SARS CoV-2 SPIKE protein produced in CHO cells,Processed data - aligned frame sum with dose-weighting",,"micrographs - single frame,micrographs - multiframe"
EMPIAR-10389,High resolution cryo-EM structure of urease from the pathogen Yersinia enterocolitica,EMDB,REL,2020-01-30T00:00:00Z,2020-06-12T00:00:00Z,"Righetto RD, Anton L, Adaixo R, Jakob RP, Zivanov J, Mahi MA, Ringler P, Schwede T, Maier T, Stahlberg H",High-resolution cryo-EM structure of urease from the pathogen Yersinia enterocolitica,10.1038/s41467-020-18870-2,33037208,EMD-10835,"Biozentrum\, University of Basel,Center for Cellular Imaging and NanoAnalytics\, Biozentrum\, University of Basel",839.9,"Raw multi-frame micrographs of Y. enterocolitica urease,Aligned averages of Y. enterocolitica urease",,"micrographs - single frame,micrographs - multiframe"
EMPIAR-10391,"Single-Particle Cryo-EM of Arabinofuranosyltransferase AftD from Mycobacteria, Mutant R1389S",EMDB,REL,2020-04-12T00:00:00Z,2020-05-29T00:00:00Z,"Tan YZ, Zhang L, Rodrigues J, Zheng RB, Giacometti SI, Rosário AL, Kloss B, Dandey VP, Wei H, Brunton R, Raczkowski AM, Athayde D, Catalão MJ, Pimentel M, Clarke OB, Lowary TL, Archer M, Niederweis M, Potter CS, Carragher B, Mancia F",Cryo-EM Structures and Regulation of Arabinofuranosyltransferase AftD from Mycobacteria,10.1016/j.molcel.2020.04.014,32386575,"EMD-21601,EMD-21600","New York Structural Biology Center/Columbia University,Department of Physiology and Cellular Biophysics\, Columbia University",2355.2,"Unaligned and compressed multi-frame movies,Aligned and dose-weighted micrographs,Final Particle Stacks with Refined Euler Angles and Shifts (Overall and Focused Refined on CBM3)",,"micrographs - single frame,picked particles - single frame - processed,micrographs - multiframe"
EMPIAR-10350,Single particle cryo-EM dataset for LetB from E.coli,EMDB,REL,2020-01-29T00:00:00Z,2020-05-29T00:00:00Z,"Isom GL, Coudray N, MacRae MR, McManus CT, Ekiert DC, Bhabha G",LetB Structure Reveals a Tunnel for Lipid Transport across the Bacterial Envelope,10.1016/j.cell.2020.03.030,32359438,"EMD-20993,EMD-20999,EMD-20995,EMD-21000,EMD-20998,EMD-20994,EMD-20997,EMD-20996",NYU,928.6,"Particle stacks for Model 5 (EMD-20997),Particle stacks for Model 6 (EMD-20998),Particle stacks for Model 8 (EMD-21000),Aligned\, dose-weighted and non-dose-weighted micrographs,Particle stacks for Model 3 (EMD-20995),Particle stacks for Model 2 (EMD-20994),Particle stacks for Model 1 (EMD-20993),Particle stacks for Model 4 (EMD-20996),Particle stacks for Model 7 (EMD-20999)",,"micrographs - single frame,picked particles - single frame - processed"
EMPIAR-10399,"Single-Particle Cryo-EM of Arabinofuranosyltransferase AftD from Mycobacteria, Wild-type",EMDB,REL,2020-03-27T00:00:00Z,2020-05-26T00:00:00Z,"Tan YZ, Zhang L, Rodrigues J, Zheng RB, Giacometti SI, Rosário AL, Kloss B, Dandey VP, Wei H, Brunton R, Raczkowski AM, Athayde D, Catalão MJ, Pimentel M, Clarke OB, Lowary TL, Archer M, Niederweis M, Potter CS, Carragher B, Mancia F",Cryo-EM Structures and Regulation of Arabinofuranosyltransferase AftD from Mycobacteria,10.1016/j.molcel.2020.04.014,32386575,EMD-21580,"New York Structural Biology Center/Columbia University,Department of Physiology and Cellular Biophysics\, Columbia University",2764.8,"Unaligned and compressed multi-frame movies,Aligned and dose-weighted micrographs,Final Particle Stacks with Refined Euler Angles and Shifts (Overall and Focused Refined on CBM3)",,"micrographs - single frame,picked particles - single frame - processed,micrographs - multiframe"
EMPIAR-10267,Cryo-EM reconstruction of CFA/I pili,EMDB,REL,2019-04-11T00:00:00Z,2020-04-21T00:00:00Z,"Zheng W, Andersson M, Mortezaei N, Bullitt E, Egelman E",Cryo-EM structure of the CFA/I pilus rod,10.1107/S2052252519007966,31576215,EMD-0497,University of Virginia,183.2,motion-corrected micrographs of CFA/I pili,,micrographs - single frame
EMPIAR-10373,BurrH bound to DNA Origami Goniometer,EMDB,REL,2020-02-23T00:00:00Z,2020-04-03T00:00:00Z,"Aksel T, Yu Z, Cheng Y, Douglas SM",Molecular goniometers for single-particle cryo-EM of DNA-binding proteins,10.1101/2020.02.27.968883,,EMD-21443,"Department of Cellular and Molecular Pharmacology\, University of California\, San Francisco",1331.2,"DNA Origami Goniometers in complex with BurrH DNA binding protein,BurrH particle set used for the final refinement",,"micrographs - single frame,picked particles - multiframe - processed"
EMPIAR-10323,Two new polymorphic structures of human full-length alpha-synuclein fibrils solved by cryo-electron microscopy,EMDB,REL,2019-09-23T00:00:00Z,2020-03-04T00:00:00Z,"Guerrero-Ferreira R, Taylor NM, Arteni AA, Kumari P, Mona D, Ringler P, Britschgi M, Lauer ME, Makky A, Verasdonck J, Riek R, Melki R, Meier BH, Böckmann A, Bousset L, Stahlberg H",Two new polymorphic structures of human full-length alpha-synuclein fibrils solved by cryo-electron microscopy,10.7554/eLife.48907,31815671,"EMD-10307,EMD-10305","Institut Fancois Jacob (MIRCen)\, CEA and Laboratory of Neurodegenerative Diseases\, CNRS,Center for Cellular Imaging and NanoAnalytics (C-CINA)\, Biozentrum\, University of Basel,Molecular Microbiology and Structural Biochemistry\, Labex Ecofect\, UMR 5086 CNRS\, Université de Lyon",90.9,Aligned micrographs of alpha-synuclein fibrils,,micrographs - single frame
EMPIAR-10291,Structure of an undocked hemichannel of the N-terminal-deleted INX-6 in a nanodisc,EMDB,REL,2019-07-09T00:00:00Z,2020-02-18T00:00:00Z,"Burendei B, Shinozaki R, Watanabe M, Terada T, Tani K, Fujiyoshi Y, Oshima A",Cryo-EM structures of undocked innexin-6 hemichannels in phospholipids,10.1126/sciadv.aax3157,,EMD-9973,Nagoya University,15.9,Structure of the N-terminal-deleted INX-6 in a nanodisc,,micrographs - single frame
EMPIAR-10289,Cryo-EM structure of an undocked innexin-6 hemichannel in phospholipids,EMDB,REL,2019-07-07T00:00:00Z,2020-02-18T00:00:00Z,"Burendei B, Shinozaki R, Watanabe M, Terada T, Tani K, Fujiyoshi Y, Oshima A",Cryo-EM structures of undocked innexin-6 hemichannels in phospholipids,10.1126/sciadv.aax3157,,EMD-9971,Nagoya University,49.5,C. elegans T INX-6 undocked hemichannels in nanodiscs,,micrographs - single frame
EMPIAR-10290,Cryo-EM structure of an undocked innexin-6 hemichannel in detergent,EMDB,REL,2019-07-09T00:00:00Z,2020-02-18T00:00:00Z,"Burendei B, Shinozaki R, Watanabe M, Terada T, Tani K, Fujiyoshi Y, Oshima A",Cryo-EM structures of undocked innexin-6 hemichannels in phospholipids,10.1126/sciadv.aax3157,,EMD-9972,Nagoya University,26.4,C. elegans INX-6 undocked hemichannels in detergent,,micrographs - single frame
EMPIAR-10313,Cryo-EM reconstructions of tau filaments in chronic traumatic encephalopathy,EMDB,REL,2019-08-20T00:00:00Z,2020-02-07T00:00:00Z,"Falcon B, Zivanov J, Zhang W, Murzin AG, Garringer HJ, Vidal R, Crowther RA, Newell KL, Ghetti B, Goedert M, Scheres SHW",Novel tau filament fold in chronic traumatic encephalopathy encloses hydrophobic molecules,10.1038/s41586-019-1026-5,30894745,"EMD-0528,EMD-0527",MRC Laboratory of Molecular Biology,9932.8,"Aligned Micrographs,Raw Movies",,"micrographs - single frame,micrographs - multiframe"
EMPIAR-10344,CryoEM dataset containing multiple conformations of the asymmetric αVβ8 integrin bound to latent TGF-β on a graphene oxide grid (preferred orientations),EMDB,REL,2019-10-03T00:00:00Z,2020-01-31T00:00:00Z,"Campbell MG, Cormier A, Ito S, Seed RI, Bondesson AJ, Lou J, Marks JD, Baron J, Cheng Y, Nishimura SL",Cryo-EM Reveals Integrin-Mediated TGF-β Activation without Release from Latent TGF-β,10.1016/j.cell.2019.12.030,31955848,"EMD-20802,EMD-20798,EMD-20801,EMD-20800,EMD-21125,EMD-20797,EMD-20794,EMD-20799","UCSF,Department of Biochemistry and Biophysics\, University of California\, San Francisco",2252.8,"Dose-weighted aligned particle stacks of αVβ8 integrin bound to latent TGF-β on a graphene oxide grid,Dose-weighted aligned micrographs of αVβ8 integrin bound to latent TGF-β on a graphene oxide grid,Unaligned 80-frame movies of αVβ8 integrin bound to latent TGF-β on a graphene oxide grid",,"micrographs - single frame,picked particles - single frame - processed,micrographs - multiframe"
EMPIAR-10343,CryoEM dataset containing multiple conformations of the asymmetric αVβ8 integrin bound to latent TGF-β on a holey carbon grid (strongly preferred orientations),EMDB,REL,2019-10-23T00:00:00Z,2020-01-31T00:00:00Z,"Campbell MG, Cormier A, Ito S, Seed RI, Bondesson AJ, Lou J, Marks JD, Baron J, Cheng Y, Nishimura SL",Cryo-EM Reveals Integrin-Mediated TGF-β Activation without Release from Latent TGF-β,10.1016/j.cell.2019.12.030,31955848,"EMD-20802,EMD-20798,EMD-20801,EMD-20800,EMD-21125,EMD-20797,EMD-20794,EMD-20799","UCSF,Department of Biochemistry and Biophysics\, University of California\, San Francisco",1228.8,"Unaligned 80-frame movies of αVβ8 integrin bound to latent TGF-β on a holey carbon grid,Dose-weighted aligned micrographs of αVβ8 integrin bound to latent TGF-β on a holey carbon grid,Dose-weighted aligned particle stacks of αVβ8 integrin bound to latent TGF-β on a holey carbon grid",,"micrographs - single frame,picked particles - single frame - processed,micrographs - multiframe"
EMPIAR-10345,CryoEM dataset containing multiple conformations of the asymmetric αVβ8 integrin bound to two Fabs on a holey carbon grid (minimal preferred orientations),EMDB,REL,2019-12-13T00:00:00Z,2020-01-31T00:00:00Z,"Campbell MG, Cormier A, Ito S, Seed RI, Bondesson AJ, Lou J, Marks JD, Baron J, Cheng Y, Nishimura SL",Cryo-EM Reveals Integrin-Mediated TGF-β Activation without Release from Latent TGF-β,10.1016/j.cell.2019.12.030,31955848,EMD-20795,"UCSF,Department of Biochemistry and Biophysics\, University of California\, San Francisco",882.1,"Dose-weighted aligned particle stacks of αVβ8 integrin bound to a Fab (C6D4) on a holey carbon grid,Dose-weighted aligned micrographs of αVβ8 integrin bound to a Fab (C6D4) on a holey carbon grid,Unaligned 60-frame movies of αVβ8 integrin bound to a Fab (C6D4) on a holey carbon grid",,"micrographs - single frame,picked particles - single frame - processed,micrographs - multiframe"
EMPIAR-10333,Single Particle Cryo-EM Reconstructions of Human FACT in Complex with Partially Assembled Sub-nucleosomes,EMDB,REL,2019-10-21T00:00:00Z,2019-12-20T00:00:00Z,"Liu YL, Zhou KZ, Zhang NZ, Wei HW, Tan YZT, Zhang ZZ, Carragher BC, Potter CSP, D'Arcy SD, Luger KL",FACT caught in the act of manipulating the nucleosome,10.1038/s41586-019-1820-0,31775157,"EMD-20841,EMD-20840","Department of Biochemistry\, University of Colorado at Boulder,New York Structural Biology Center/Columbia University",2252.8,"Final Particle Stacks for Class 1 and 2 with Euler Angles and Shifts,Aligned and dose-weighted micrographs,Unaligned multi-frame micrographs",,"micrographs - single frame,picked particles - single frame - processed,micrographs - multiframe"
EMPIAR-10330,3.2 Å Single-Particle Cryo-EM Reconstruction of 49 kDa Membrane-Bound PfCRT Complexed with Fab,EMDB,REL,2019-10-06T00:00:00Z,2019-12-19T00:00:00Z,"Kim JK, Tan YZT, Wicht KJW, Erramilli SKE, Dhingra SKD, Okombo JO, Vendome JV, Hagenah LMH, Giacometti SIG, Warren ALW, Nosol KN, Roepe PDR, Potter CSP, Carragher BC, Kossiakoff AAK, Quick MQ, Fidock DAF, Mancia FM",Structure and drug resistance of the Plasmodium falciparum transporter PfCRT,10.1038/s41586-019-1795-x,31776516,EMD-20806,"Department of Physiology and Cellular Biophysics\, Columbia University Irving Medical Center,Division of Infectious Diseases\, Department of Medicine\, Columbia University Irving Medical Center,New York Structural Biology Center/Columbia University,Department of Psychiatry\, Center for Molecular Recognition\, Columbia University Irving Medical Center",830.4,"Aligned and magnification anisotropy corrected micrographs,Final Particle Stack with Refined Euler Angles and Shifts,Unaligned and compressed multi-frame micrographs",,"micrographs - single frame,picked particles - single frame - processed,micrographs - multiframe"
EMPIAR-10285,Cryo-electron microscopy structure of the P-Rex1–G-beta-gamma signaling scaffold,EMDB,REL,2019-06-18T00:00:00Z,2019-11-19T00:00:00Z,"Cash JN, Urata S, Li S, Ravala SK, Avramova LV, Shost MD, Gutkind JS, Tesmer JJG, Cianfrocco MA",Cryo-electron microscopy structure and analysis of the P-Rex1-Gβγ signaling scaffold,10.1126/sciadv.aax8855,31663027,EMD-20308,"Department of Biological Chemistry\, Life Sciences Institute\, University of Michigan",3072.0,"Extracted particles from Warp for P-Rex1-Gbg,Micrograph files (.mrc) & CTF log files for P-Rex1-Gbg,Movie files (.tif) for P-Rex1-Gbg",,"micrographs - single frame,picked particles - single frame - processed,micrographs - multiframe"
EMPIAR-10271,Cryo electron microscopy of TssA protein from T6SS of Vibrio cholerae.,EMDB,REL,2019-04-25T00:00:00Z,2019-10-17T00:00:00Z,"Schneider JP, Nazarov S, Adaixo R, Liuzzo M, Ringel PD, Stahlberg H, Basler M",Diverse roles of TssA-like proteins in the assembly of bacterial type VI secretion systems,10.15252/embj.2018100825,31403721,EMD-4898,"Biozentrum\, University of Basel,EPFL",1331.2,"Frame-averaged micrographs of TssA protein from T6SS of Vibrio cholerae,Aligned multi-frame micrographs of TssA protein from T6SS of Vibrio cholerae",,"micrographs - single frame,micrographs - multiframe"
EMPIAR-10307,Human pre-B spliceosome and U4/U6.U5 tri-snRNP,EMDB,REL,2019-04-12T00:00:00Z,2019-09-30T00:00:00Z,"Charenton C, Wilkinson ME, Nagai K",Mechanism of 5' splice site transfer for human spliceosome activation,10.1126/science.aax3289,30975767,"EMD-4658,EMD-4673,EMD-4686,EMD-4665,EMD-4676,EMD-4689,EMD-4672,EMD-4674,EMD-4687,EMD-4688,EMD-4675,EMD-4690","MRC Laboratory of Molecular Biology,MRC Laboratory of Molecular Biology; University of Cambridge",2355.2,"Dataset 4 of human pre-B spliceosome; motion-corrected micrographs,Crude shifted preB particles,Dataset 1 of human pre-B spliceosome; motion-corrected micrographs,Selected U4/U6.U5 tri-snRNP particles after Bayesian polishing,Dataset 2 of human pre-B spliceosome; motion-corrected micrographs,Dataset 3 of human pre-B spliceosome; motion-corrected micrographs,Dataset 5 of human pre-B spliceosome; motion-corrected micrographs",,"micrographs - single frame,picked particles - single frame - unprocessed,picked particles - single frame - processed"
EMPIAR-10199,Identification of a druggable VP1-VP3 interprotomer pocket in the capsid of enteroviruses,EMDB,REL,2018-07-12T00:00:00Z,2019-08-07T00:00:00Z,"Abdelnabi R, Geraets JA, Ma Y, Mirabelli C, Flatt JW, Domanska A, Delang L, Jochmans D, Kumar TA, Jayaprakash V, Sinha BN, Leyssen P, Butcher SJ, Neyts J",A novel druggable interprotomer pocket in the capsid of rhino- and enteroviruses,10.1371/journal.pbio.3000281,31185007,EMD-0103,"Faculty of Biological and Environmental Sciences and Institute of Biotechnology\, University of Helsinki,Institute of Biotechnology\, University of Helsinki",2252.8,Unaligned multi-frame micrographs of CVB3 in complex with a small molecular inhibitor,,micrographs - single frame
EMPIAR-10245,AL amyloid fibril from a lambda 1 light chain,EMDB,REL,2019-01-23T00:00:00Z,2019-06-07T00:00:00Z,"Radamaker L, Lin Y, Annamalai K, Huhn S, Hegenbart U, Schönland SO, Fritz G, Schmidt M, Fändrich M",Cryo-EM structure of a light chain-derived amyloid fibril from a patient with systemic AL amyloidosis,10.1038/s41467-019-09032-0,30894526,EMD-4452,"Institute for Protein Biochemistry\, Ulm University",44.7,"Aligned\, motion-corrected micrographs of AL fibrils extracted from human heart tissue",,micrographs - single frame
EMPIAR-10162,Integrative structure and functional anatomy of a nuclear pore complex,EMDB,REL,2018-02-28T00:00:00Z,2019-05-08T00:00:00Z,"Kim SJ, Fernandez-Martinez J, Nudelman I, Shi Y, Zhang W, Raveh B, Herricks T, Slaughter BD, Hogan JA, Upla P, Chemmama IE, Pellarin R, Echeverria I, Shivaraju M, Chaudhury AS, Wang J, Williams R, Unruh JR, Greenberg CH, Jacobs EY, Yu Z, de la Cruz MJ, Mironska R, Stokes DL, Aitchison JD, Jarrold MF, Gerton JL, Ludtke SJ, Akey CW, Chait BT, Sali A, Rout MP",Integrative structure and functional anatomy of a nuclear pore complex,10.1038/nature26003,29539637,EMD-7321,"University of California San Francisco,Laboratory of Cellular and Structural Biology\, Rockefeller University,Department of Physiology and Biophysics\, Boston University School of Medicine,National Center for Macromolecular Imaging\, Verna and Marrs McLean Department of Biochemistry and Molecular Biology\, Baylor College of Medicine,Laboratory of Mass Spectrometry and Gaseous Ion Chemistry\, Rockefeller University",11.8,"Sc Nic96 complex class averages,Raw micrographs of Nic96 complex",,"micrographs - single frame,class averages"
EMPIAR-10233,Retrieving High-Resolution Information from Disordered 2D Crystals by Single Particle Cryo-EM,EMDB,REL,2018-12-11T00:00:00Z,2019-05-01T00:00:00Z,"Righetto R, Biyani N, Kowal J, Chami M, Stahlberg H",Retrieving high-resolution information from disordered 2D crystals by single-particle cryo-EM,10.1038/s41467-019-09661-5,30979902,EMD-4432,"C-CINA\, Biozentrum\, University of Basel",103.0,"Aligned averages of MloK1 2D crystals in the presence of cAMP,Particle stack from MloK1 2D crystals in the presence of cAMP",,"micrographs - single frame,picked particles - single frame - unprocessed"
EMPIAR-10228,Cryo-EM structure of phosphodiesterase 6 reveals insights into the allosteric regulation of type I phosphodiesterases,EMDB,REL,2018-11-05T00:00:00Z,2019-05-01T00:00:00Z,"Gulati S, Palczewski K, Engel A, Stahlberg H, Kovacik L",Cryo-EM structure of phosphodiesterase 6 reveals insights into the allosteric regulation of type I phosphodiesterases,10.1126/sciadv.aav4322,30820458,EMD-9297,"Gavin Herbert Eye Institute and the Department of Ophthalmology\, University of California\, Irvine,Center for Cellular Imaging and NanoAnalytics\, Biozentrum\, University of Basel",166.3,Aligned micrographs of Phosphodiesterase 6,,micrographs - single frame
EMPIAR-10235,Single particle cryo electron tomography of mouse protocadherin gamma B6,EMDB,REL,2018-10-04T00:00:00Z,2019-04-18T00:00:00Z,"Brasch J, Goodman KM, Noble AJ, Mannepalli S, Bahna F, Rapp M, Dandey VP, Bepler T, Berger B, Maniatis T, Potter CS, Carragher B, Honig B, Shapiro L",Visualization of clustered protocadherin neuronal self-recognition complexes,10.1038/s41586-019-1089-3,30971825,EMD-9197,"Zuckerman Mind\, Brain and Behavior Institute\, Columbia University",384.1,"K2 tilt-series frames,Appion-Protomo tilt-series alignments,Whole-frame aligned tilt images along with all other magnification images from the collection",,"micrographs - single frame,tilt series,micrographs - multiframe"
EMPIAR-10237,CryoET of mouse protocadherin gamma B6 on membranes (without energy filter),EMDB,REL,2018-10-04T00:00:00Z,2019-04-18T00:00:00Z,"Brasch J, Goodman KM, Noble AJ, Rapp M, Mannepalli S, Bahna F, Dandey VP, Bepler T, Berger B, Maniatis T, Potter CS, Carragher B, Shapiro L",Visualization of clustered protocadherin neuronal self-recognition complexes,10.1038/s41586-019-1089-3,30971825,EMD-9198,"Zuckerman Mind\, Brain and Behavior Institute\, Columbia University",363.4,"K2 tilt-series frames,Appion-Protomo tilt-series alignments,Whole-frame aligned tilt images along with all other magnification images from the collection",,"micrographs - single frame,tilt series,micrographs - multiframe"
EMPIAR-10236,CryoET of cis-mutated mouse protocadherin gamma B6 on membranes,EMDB,REL,2018-10-04T00:00:00Z,2019-04-18T00:00:00Z,"Brasch J, Goodman KM, Noble AJ, Mannepalli S, Bahna F, Rapp M, Dandey VP, Bepler T, Berger B, Maniatis T, Potter CS, Carragher B, Honig B, Shapiro L",Visualization of clustered protocadherin neuronal self-recognition complexes,10.1038/s41586-019-1089-3,30971825,EMD-9200,"Zuckerman Mind\, Brain and Behavior Institute\, Columbia University",379.7,"K2 tilt-series frames,Appion-Protomo tilt-series alignments,Whole-frame aligned tilt images along with all other magnification images from the collection",,"micrographs - single frame,tilt series,micrographs - multiframe"
EMPIAR-10238,CryoET of mouse protocadherin gamma B6 on membranes (with energy filter),EMDB,REL,2018-10-03T00:00:00Z,2019-04-18T00:00:00Z,"Brasch J, Goodman KM, Noble AJ, Rapp M, Mannepalli S, Bahna F, Dandey VP, Bepler T, Berger B, Maniatis T, Potter CS, Carragher B, Honig B, Shapiro L",Visualization of clustered protocadherin neuronal self-recognition complexes,10.1038/s41586-019-1089-3,30971825,EMD-9199,"Zuckerman Mind\, Brain and Behavior Institute\, Columbia University",411.3,"K2 tilt-series frames,Appion-Protomo tilt-series alignments,Whole-frame aligned tilt images along with all other magnification images from the collection",,"micrographs - single frame,tilt series,micrographs - multiframe"
EMPIAR-10234,Single particle cryoEM of mouse protocadherin gamma B6,EMDB,REL,2018-10-04T00:00:00Z,2019-04-18T00:00:00Z,"Brasch J, Goodman KM, Potter CS, Carragher B, Honig B, Shapiro L, Noble AJ, Mannepalli S, Bahna F, Rapp M, Dandey VP, Bepler T, Berger B, Maniatis T",Visualization of clustered protocadherin neuronal self-recognition complexes,10.1038/s41586-019-1089-3,30971825,"EMD-9197,EMD-9199,EMD-9198,EMD-9200","Zuckerman Mind\, Brain and Behavior Institute\, Columbia University",438.8,"Micrographs along with all other magnification images from the collection,Micrograph frames",,"micrographs - single frame,micrographs - multiframe"
EMPIAR-10242,Cryo-EM reconstruction of heparin-induced 2N3R tau filaments,EMDB,REL,2019-01-23T00:00:00Z,2019-04-12T00:00:00Z,"Zhang W., Falcon B., Murzin A.G., Fan J., Crowther R.A., Goedert M., Scheres S.H.W.",Heparin-induced tau filaments are polymorphic and differ from those in Alzheimer's and Pick's diseases,10.7554/eLife.43584,30720432,EMD-4566,MRC laboratory of molecular biology,4915.2,"Aligned micrographs,Raw movies",,"micrographs - single frame,micrographs - multiframe"
EMPIAR-10215,Rabbit muscle aldolase single particle cryoEM,EMDB,REL,2018-10-03T00:00:00Z,2019-04-05T00:00:00Z,"Bepler T, Morin A, Rapp M, Brasch J, Shapiro L, Noble AJ, Berger B",Positive-unlabeled convolutional neural networks for particle picking in cryo-electron micrographs,10.1038/s41592-019-0575-8,31591578,"EMD-20532,EMD-20529,EMD-20531","Computational and Systems Biology\, Massachusetts Institute of Technology,New York Structural Biology Center",1433.6,"Micrograph frames,Micrographs along with all other magnification images from the collection,CryoEM structures in the paper",,"micrographs - single frame,picked particles - single frame - unprocessed,micrographs - multiframe"
EMPIAR-10208,mouse MDA5-dsRNA 10mM ATP Filamemt,EMDB,REL,2018-09-26T00:00:00Z,2019-04-05T00:00:00Z,"YU Q, Qu K, Modis Y.E",Cryo-EM Structures of MDA5-dsRNA Filaments at Different Stages of ATP Hydrolysis,10.1016/j.molcel.2018.10.012,30449722,EMD-0024,"Department of Medicine\, MRC-LMB\, University of Cambridge",138.9,mouse MDA5-dsRNA filaments in complex with 10mM ATP,,micrographs - single frame
EMPIAR-10243,Cryo-EM reconstruction of heparin-induced 2N4R tau filaments,EMDB,REL,2019-01-23T00:00:00Z,2019-03-22T00:00:00Z,"Zhang W., Falcon B., Murzin A.G., Fan J, Crowther R.A., Goedert M., Scheres S.H.W.",Heparin-induced tau filaments are polymorphic and differ from those in Alzheimer's and Pick's diseases,10.7554/eLife.43584,30720432,"EMD-4563,EMD-4565,EMD-4564",MRC laboratory of molecular biology,446.3,"Aligned micrographs,Raw movies",,"micrographs - single frame,micrographs - multiframe"
EMPIAR-10230,Cryo electron microscopy of tau filaments from sporadic Alzheimer's disease brain,EMDB,REL,2018-10-17T00:00:00Z,2019-02-20T00:00:00Z,"Falcon B, Zhang W, Schweighauser M, Murzin AG, Vidal R, Garringer HJ, Ghetti B, Scheres SHW, Goedert M",Tau filaments from multiple cases of sporadic and inherited Alzheimer's disease adopt a common fold,10.1007/s00401-018-1914-z,30276465,EMD-0259,MRC Laboratory of Molecular Biology,27.0,Dose-weighted micrographs of tau filaments from sporadic Alzheimer's disease brain (case 2),,micrographs - single frame
EMPIAR-10241,afTMEM16/nanodisc complex in the absence of Ca2+,EMDB,REL,2019-01-16T00:00:00Z,2019-01-30T00:00:00Z,"Falzone ME, Rheinberger J, Lee BC, Peyear T, Sasset L, Raczkowski AM, Eng ET, Di Lorenzo A, Andersen OS, Nimigean CM, Accardi A",Structural basis of Ca2+-dependent activation and lipid transport by a TMEM16 scramblase,10.7554/eLife.43229,30648972,EMD-9831,Weill Cornell Medicine,162.0,motion corrected 2D micrographs from 45 frames of afTMEM16/nanodisc complex in the absence of Ca2+,,micrographs - single frame
EMPIAR-10240,afTMEM16/nanodisc complex in the presence of Ca2+ and 5mol% Ceramide 24:0,EMDB,REL,2019-01-18T00:00:00Z,2019-01-29T00:00:00Z,"Falzone M. E., Accardi A",Structural basis of Ca2+-dependent activation and lipid transport by a TMEM16 scramblase,10.7554/eLife.43229,,EMD-8959,Weill Cornell Medicine,113.8,motion corrected 2D micrographs from 45 frames of afTMEM16/nanodisc complex in the presence of Ca2+ and 5 mol% ceramide 24:0,,micrographs - single frame
EMPIAR-10239,afTMEM16/nanodisc complex in the presence of Ca2+,EMDB,REL,2019-01-16T00:00:00Z,2019-01-29T00:00:00Z,"Falzone M. E., Accardi A",Structural basis of Ca2+-dependent activation and lipid transport by a TMEM16 scramblase,10.7554/eLife.43229,,EMD-8948,Weill Cornell Medicine,150.5,motion corrected 2D micrographs from 50 frames of afTMEM16/nanodisc complex in the presdence of Ca2+,,micrographs - single frame
EMPIAR-10193,Calicivirus VP2 forms a portal to mediate endosome escape,EMDB,REL,2018-06-12T00:00:00Z,2019-01-18T00:00:00Z,"Conley MJ, McElwee M, Azmi LB, Gabrielsen M, Byron O, Goodfellow IG, Bhella D",Calicivirus VP2 forms a portal-like assembly following receptor engagement,10.1038/s41586-018-0852-1,30626974,EMD-0056,MRC-University of Glasgow Centre for Virus Research,867.0,Motion corrected micrographs of feline calicivirus strain F9 decorated with feline junctional adhesion molecule A,,micrographs - single frame
EMPIAR-10192,Calicivirus VP2 forms a portal to mediate endosome escape,EMDB,REL,2018-06-12T00:00:00Z,2019-01-18T00:00:00Z,"Conley MJ, McElwee M, Azmi LB, Gabrielsen M, Byron O, Goodfellow IG, Bhella D",Calicivirus VP2 forms a portal-like assembly following receptor engagement,10.1038/s41586-018-0852-1,30626974,EMD-0054,MRC-University of Glasgow Centre for Virus Research,324.9,Motion corrected micrographs of feline calicivirus strain F9,,micrographs - single frame
EMPIAR-10207,Beta-2-microglobulin fibrils with multiple polymorphs formed at pH 2,EMDB,REL,2018-09-07T00:00:00Z,2018-12-13T00:00:00Z,"Iadanza MG, Silvers R, Boardman J, Smith HI, Karamanos TK, Debelouchina GT, Su Y, Griffin RG, Ranson NA, Radford SE",The structure of a β2-microglobulin fibril suggests a molecular basis for its amyloid polymorphism,10.1038/s41467-018-06761-6,30375379,EMD-0014,University of Leeds,294.3,"Aligned\, dose-weighted micrographs",,micrographs - single frame
EMPIAR-10214,CryoET of bacterial RNA polymerase with several detergents,EMDB,REL,2018-10-05T00:00:00Z,2018-10-25T00:00:00Z,"Chen J, Noble AJ, Kang JY, Darst SA",Eliminating effects of particle adsorption to the air/water interface in single-particle cryo-electron microscopy: Bacterial RNA polymerase and CHAPSO,10.1016/j.yjsbx.2019.100005,,,The Rockefeller University,207.5,"Dynamo manual particle picks of tomograms,K2 tilt-series frames,Appion-Protomo tilt-series alignments,Whole-frame aligned tilt images along with all other magnification images from the collection",,"micrographs - single frame,picked particles - multiframe - unprocessed,tilt series,micrographs - multiframe"
EMPIAR-10203,Structure of the Macrobrachium rosenbergii Nodavirus: A new genus within the Nodaviridae?,EMDB,REL,2018-08-02T00:00:00Z,2018-10-25T00:00:00Z,"Ho KL, Gabrielsen M, Beh PL, Kueh CL, Thong QX, Streetley J, Tan WS, Bhella D",Structure of the Macrobrachium rosenbergii nodavirus: A new genus within the Nodaviridae?,10.1371/journal.pbio.3000038,30346944,EMD-0129,MRC - University of Glasgow Centre for Virus Research,130.4,Motion corrected micrographs of Macrobrachium rosenbergii nodavirus virus-like particles,,micrographs - single frame
EMPIAR-10217,bovine liver glutamate dehydrogenase,EMDB,REL,2018-10-13T00:00:00Z,2018-10-23T00:00:00Z,"Eng ET, Kopylov M, Negro CJ, Dallaykan S, Rice WJ, Jordan KJ, Kelley K, Carragher BO, Potter CS",bovine liver glutamate dehydrogenase (18apr21a),,,EMD-9203,New York Structural Biology Center,264.5,aligned micrographs of bovine liver glutamate dehydrogenase (18apr21a),,micrographs - single frame
EMPIAR-10198,Paired C2S2M PSII-LHCII supercomplexes from thylakoid membranes of Pisum sativum,EMDB,REL,2018-06-25T00:00:00Z,2018-10-05T00:00:00Z,"Albanese P, Melero R, Engel BD, Grinzato A, Berto P, Manfredi M, Chiodoni A, Vargas J, Sorzano COS, Marengo E, Saracco G, Zanotti G, Carazo JM, Pagliano C",Pea PSII-LHCII supercomplexes form pairs by making connections across the stromal gap,10.1038/s41598-017-10700-8,28855679,EMD-3825,"Applied Science and Technology Department-BioSolar Lab\, Politecnico di Torino,Biocomputing unit\, Centro Nacional Biotecnología\, CSIC",433.1,2.outputMicrographs,,micrographs - single frame
EMPIAR-10202,Sub-2 Å Single-Particle Cryo-EM Reconstruction of AAV2-L336C,EMDB,REL,2018-07-28T00:00:00Z,2018-08-08T00:00:00Z,"Tan YZ, Aiyer S, Mietzsch M, Hull JA, McKenna R, Grieger J, Samulski RJ, Baker TS, Agbandje-McKenna M, Lyumkis D",Sub-2 Å Ewald curvature corrected structure of an AAV2 capsid variant,10.1038/s41467-018-06076-6,30194371,EMD-9012,"Department of Biochemistry and Molecular Biology\, Center for Structural Biology\, The McKnight Brain Institute\, College of Medicine\, University of Florida,Laboratory of Genetics and Helmsley Center for Genomic Medicine\, The Salk Institute for Biological Studies,New York Structural Biology Center/Columbia University",5836.8,"Final particle stack of AAV2-L336C grouped into frames 5-9\, 10-14 and 15-19\, after rotational alignment,MotionCor2 aligned\, gain corrected\, magnification anisotropy corrected\, Fourier bin by 2 movie frames of AAV2-L336C,MotionCor2 aligned\, gain corrected\, magnification anisotropy corrected\, Fourier bin by 2\, not dose weighted\, summed micrographs of AAV2-L336C,MotionCor2 aligned\, gain corrected\, magnification anisotropy corrected\, Fourier bin by 2\, not dose weighted\, frames 5 to 19 summed micrographs of AAV2-L336C,MotionCor2 aligned\, gain corrected\, magnification anisotropy corrected\, Fourier bin by 2\, dose weighted\, summed micrographs of AAV2-L336C,Final particle stack of AAV2-L336C using frames 5 to 19,Unaligned\, compressed\, raw movie frames of AAV2-L336C",,"micrographs - single frame,micrographs - multiframe"
EMPIAR-10090,Nucleotide-Driven Triple-State Remodeling of the AAA-ATPase Channel in the Activated Human 26S Proteasome,EMDB,REL,2017-04-09T00:00:00Z,2018-07-18T00:00:00Z,"Zhu Y, Wang WL, Yu D, Ouyang Q, Lu Y, Mao Y",Structural mechanism for nucleotide-driven remodeling of the AAA-ATPase unfoldase in the activated human 26S proteasome,10.1038/s41467-018-03785-w,29636472,"EMD-8663,EMD-8665,EMD-8668,EMD-8667,EMD-8662,EMD-8664,EMD-8666",Dana-Farber Cancer Institute,2867.2,"Single-particle stacks of classified conformations,Motion-corrected single frame micrographs of ATP-gS-bound human proteasome",,"micrographs - single frame,picked particles - multiframe - processed"
EMPIAR-10197,Single particle cryoEM of hemagglutinin with spot-to-plunge time of 500ms,EMDB,REL,2018-06-22T00:00:00Z,2018-07-06T00:00:00Z,"Noble AJ, Wei H, Dandey VP, Zhang Z, Tan YZ, Potter CS, Carragher B",Reducing effects of particle adsorption to the air-water interface in cryo-EM,10.1038/s41592-018-0139-3,30250056,,New York Structural Biology Center,51.1,"Full Leginon data collection\, including all magnification images and aligned micrographs with and without dose weighting,Raw K2 counting frames",,"micrographs - single frame,micrographs - multiframe"
EMPIAR-10189,Structure of the herpes-simplex virus portal-vertex,EMDB,REL,2018-05-23T00:00:00Z,2018-07-06T00:00:00Z,"McElwee M, Vijayakrishnan S, Rixon FJ, Bhella D",Structure of the herpes simplex virus portal-vertex,10.1371/journal.pbio.2006191,29924793,EMD-4347,MRC-University of Glasgow Centre for Virus Research,238.6,Motion corrected micrographs of herpes simplex virus type 1 virions,,micrographs - single frame
EMPIAR-10168,RNA Polymerase III pre-initiation complex,EMDB,REL,2018-03-23T00:00:00Z,2018-06-18T00:00:00Z,"Vorländer MK, Khatter H, Wetzel R, Hagen WJH, Müller CW",Molecular mechanism of promoter opening by RNA polymerase III,10.1038/nature25440,29345638,"EMD-4182,EMD-4180,EMD-4184,EMD-4183",European Molecular Biology Laboratory,4096.0,"Doseweighted aligned sums of the movie frames,Aligned sums of the movie frames without doseweighting,Movie frames",,"micrographs - single frame,micrographs - multiframe"
EMPIAR-10190,RNA Polymerase III initially transcribing complex,EMDB,REL,2018-05-27T00:00:00Z,2018-06-11T00:00:00Z,"Vorländer MK, Khatter H, Wetzel R, Hagen WJH, Müller CW",Molecular mechanism of promoter opening by RNA polymerase III,10.1038/nature25440,29345638,EMD-4181,European Molecular Biology Laboratory,1638.4,"Doseweighted aligned sums of the movie frames,Aligned sums of the movie frames without doseweighting,Movie frames",,"micrographs - single frame,micrographs - multiframe"
EMPIAR-10187,Rabbit muscle aldolase single particle,EMDB,REL,2018-05-10T00:00:00Z,2018-05-14T00:00:00Z,"Noble AJ, Dandey VP, Wei H, Brasch J, Chase J, Acharya P, Tan YZ, Zhang Z, Kim LY, Scapin G, Rapp M, Eng ET, Rice WJ, Cheng A, Negro CJ, Shapiro L, Kwong PD, Jeruzalmi D, des Georges A, Potter CS, Carragher B",Routine single particle CryoEM sample and grid characterization by tomography,10.7554/elife.34257,29809143,EMD-7139,New York Structural Biology Center,124.5,"Unaligned\, frame aligned\, and frame aligned+dose weighted micrographs",,micrographs - single frame
EMPIAR-10188,T20S proteasome single particle,EMDB,REL,2018-05-10T00:00:00Z,2018-05-14T00:00:00Z,"Noble AJ, Dandey VP, Wei H, Brasch J, Chase J, Acharya P, Tan YZ, Zhang Z, Kim LY, Scapin G, Rapp M, Eng ET, Rice WJ, Cheng A, Negro CJ, Shapiro L, Kwong PD, Jeruzalmi D, des Georges A, Potter CS, Carragher B",Routine single particle CryoEM sample and grid characterization by tomography,10.7554/elife.34257,29809143,EMD-7153,New York Structural Biology Center,116.1,"Unaligned\, frame aligned\, and frame aligned+dose weighted micrographs",,micrographs - single frame
EMPIAR-10175,Single particle cryoEM of hemagglutinin with spot-to-plunge time of 100ms,EMDB,REL,2018-04-18T00:00:00Z,2018-04-23T00:00:00Z,"Noble AJ, Wei H, Dandey VP, Zhang Z, Potter CS, Carragher B",Reducing effects of particle adsorption to the air-water interface in cryoEM,10.1101/288340,,EMD-7792,New York Structural Biology Center,288.3,"Full Leginon data collection\, including all magnification images and aligned micrographs with and without dose weighting",,micrographs - single frame
EMPIAR-10169,CryoET of apoferritin single particle with spot-to-plunge time of 100ms,EMDB,REL,2018-03-23T00:00:00Z,2018-04-05T00:00:00Z,"Noble AJ, Wei H, Dandey VP, Zhang Z, Potter CS, Carragher B",Reducing effects of particle adsorption to the air-water interface in cryoEM,10.1101/288340,,EMD-7623,New York Structural Biology Center,119.3,"Manual particle picking in Dynamo,K2 tilt-series frames,Appion-Protomo tilt-series alignments,Whole-frame aligned tilt images along with all other magnification images from the collection",,"micrographs - single frame,particle picking,tilt series,micrographs - multiframe"
EMPIAR-10170,CryoET of apoferritin single particle with spot-to-plunge time of 400ms,EMDB,REL,2018-04-03T00:00:00Z,2018-04-05T00:00:00Z,"Noble AJ, Wei H, Dandey VP, Zhang Z, Potter CS, Carragher B",Reducing effects of particle adsorption to the air-water interface in cryoEM,10.1101/288340,,EMD-7625,New York Structural Biology Center,98.8,"Manual particle picking in Dynamo,K2 tilt-series frames,Appion-Protomo tilt-series alignments,Whole-frame aligned tilt images along with all other magnification images from the collection",,"micrographs - single frame,particle picking,tilt series,micrographs - multiframe"
EMPIAR-10174,CryoET of insulin-bound insulin receptor single particle with spot-to-plunge time of 600ms,EMDB,REL,2018-04-03T00:00:00Z,2018-04-05T00:00:00Z,"Noble AJ, Wei H, Dandey VP, Zhang Z, Potter CS, Carragher B",Reducing effects of particle adsorption to the air-water interface in cryoEM,10.1101/288340,,EMD-7630,New York Structural Biology Center,79.4,"K2 tilt-series frames,Appion-Protomo tilt-series alignments,Whole-frame aligned tilt images along with all other magnification images from the collection",,"micrographs - single frame,tilt series,micrographs - multiframe"
EMPIAR-10173,CryoET of insulin-bound insulin receptor single particle with spot-to-plunge time of 200ms,EMDB,REL,2018-04-03T00:00:00Z,2018-04-05T00:00:00Z,"Noble AJ, Wei H, Dandey VP, Zhang Z, Potter CS, Carragher B",Reducing effects of particle adsorption to the air-water interface in cryoEM,10.1101/288340,,EMD-7629,New York Structural Biology Center,40.4,"Appion-Protomo tilt-series alignments,Whole-frame aligned tilt images along with all other magnification images from the collection",,"micrographs - single frame,tilt series"
EMPIAR-10160,Conformational Dynamics of human Bact spliceosome,EMDB,REL,2018-01-03T00:00:00Z,2018-04-03T00:00:00Z,"Haselbach D, Komarov I, Agafonov DE, Hartmuth K, Graf B, Dybkov O, Urlaub H, Kastner B, Lührmann R, Stark H",Structure and Conformational Dynamics of the Human Spliceosomal Bact Complex,10.1016/j.cell.2018.01.010,29361316,"EMD-4240,EMD-4235,EMD-4233,EMD-4237,EMD-4239,EMD-4236,EMD-4238,EMD-4234",Max-Planck-Institute for biophysical Chemistry,2867.2,"aligned\, dose-weighted and summed micrograph stack of human Bact spliceosome ,aligned and summed micrograph stack of human Bact spliceosome",,micrographs - single frame
EMPIAR-10155,Cryo-electron tomography of the yeast NPC,EMDB,REL,2018-01-18T00:00:00Z,2018-03-20T00:00:00Z,"Kim SJ, Fernandez-Martinez J, Nudelman I, Shi Y, Zhang W, Raveh B, Herricks T, Slaughter BD, Hogan J, Hogan JA, Upla P, Chemmama IE, Pellarin R, Echeverria I, Shivaraju M, Chaudhury AS, Wang J, Williams R, Unruh JR, Greenberg CH, Jacobs EY, Yu Z, Jason de la Cruz M, de la Cruz MJ, Mironska R, Stokes DL, Aitchison JD, Jarrold MF, Gerton JL, Ludtke SJ, Akey CW, Chait BT, Sali A, Rout MP",Integrative structure and functional anatomy of a nuclear pore complex,10.1038/nature26003,29539637,EMD-7321,"Laboratory of Cellular and Structural Biology\, Rockefeller University,National Center for Macromolecular Imaging\, Verna and Marrs McLean Department of Biochemistry and Molecular Biology\, Baylor College of Medicine,Department of Physiology and Biophysics\, Boston University School of Medicine",127.1,Unaligned K2 DED image tilt series of yeast NPC and associated files,,micrographs - single frame
EMPIAR-10143,CryoET of T20S proteasome single particle,EMDB,REL,2017-12-06T00:00:00Z,2017-12-18T00:00:00Z,"Noble AJ, Dandey VP, Wei H, Brasch J, Chase J, Acharya P, Tan YZ, Zhang Z, Kim LY, Scapin G, Rapp M, Eng ET, Rice WJ, Cheng A, Negro CJ, Shapiro L, Kwong PD, Jeruzalmi D, des Georges A, Potter CS, Carragher B",Routine single particle CryoEM sample and grid characterization by tomography,10.7554/elife.34257,29809143,EMD-7152,New York Structural Biology Center,235.3,"Appion-Protomo tilt-series alignments,Whole-frame aligned tilt images along with all other magnification images from the collection",,"micrographs - single frame,tilt series"
EMPIAR-10142,Phase plate cryoET of T20S proteasome single particle,EMDB,REL,2017-12-06T00:00:00Z,2017-12-18T00:00:00Z,"Noble AJ, Dandey VP, Wei H, Brasch J, Chase J, Acharya P, Tan YZ, Zhang Z, Kim LY, Scapin G, Rapp M, Eng ET, Rice WJ, Cheng A, Negro CJ, Shapiro L, Kwong PD, Jeruzalmi D, des Georges A, Potter CS, Carragher B",Routine single particle CryoEM sample and grid characterization by tomography,10.7554/elife.34257,29809143,EMD-7151,New York Structural Biology Center,23.3,"Whole-frame aligned tilt images along with all other magnification images from the collection,Appion-Protomo tilt-series alignment",,"micrographs - single frame,tilt series"
EMPIAR-10144,CryoET of T20S proteasome single particle,EMDB,REL,2017-12-06T00:00:00Z,2017-12-18T00:00:00Z,"Noble AJ, Dandey VP, Wei H, Brasch J, Chase J, Acharya P, Tan YZ, Zhang Z, Kim LY, Scapin G, Rapp M, Eng ET, Rice WJ, Cheng A, Negro CJ, Shapiro L, Kwong PD, Jeruzalmi D, des Georges A, Potter CS, Carragher B",Routine single particle CryoEM sample and grid characterization by tomography,10.7554/elife.34257,29809143,EMD-7153,New York Structural Biology Center,12.4,"Tilt images along with all other magnification images from the collection,Appion-Protomo tilt-series alignments",,"micrographs - single frame,tilt series"
EMPIAR-10138,CryoET of apoferritin single particle,EMDB,REL,2017-12-06T00:00:00Z,2017-12-18T00:00:00Z,"Noble AJ, Dandey VP, Wei H, Brasch J, Chase J, Acharya P, Tan YZ, Zhang Z, Kim LY, Scapin G, Rapp M, Eng ET, Rice WJ, Cheng A, Negro CJ, Shapiro L, Kwong PD, Jeruzalmi D, des Georges A, Potter CS, Carragher B",Routine single particle CryoEM sample and grid characterization by tomography,10.7554/elife.34257,29809143,EMD-7147,New York Structural Biology Center,301.1,"Appion-Protomo tilt-series alignments,Whole-frame aligned tilt images along with all other magnification images from the collection",,"micrographs - single frame,tilt series"
EMPIAR-10136,CryoET of apoferritin single particle,EMDB,REL,2017-12-06T00:00:00Z,2017-12-18T00:00:00Z,"Noble AJ, Dandey VP, Wei H, Brasch J, Chase J, Acharya P, Tan YZ, Zhang Z, Kim LY, Scapin G, Rapp M, Eng ET, Rice WJ, Cheng A, Negro CJ, Shapiro L, Kwong PD, Jeruzalmi D, des Georges A, Potter CS, Carragher B",Routine single particle CryoEM sample and grid characterization by tomography,10.7554/elife.34257,29809143,EMD-7145,New York Structural Biology Center,46.1,"Appion-Protomo tilt-series alignments,Whole-frame aligned tilt images along with all other magnification images from the collection",,"micrographs - single frame,tilt series"
EMPIAR-10140,CryoET of apoferritin single particle,EMDB,REL,2017-12-06T00:00:00Z,2017-12-18T00:00:00Z,"Noble AJ, Dandey VP, Wei H, Brasch J, Chase J, Acharya P, Tan YZ, Zhang Z, Kim LY, Scapin G, Rapp M, Eng ET, Rice WJ, Cheng A, Negro CJ, Shapiro L, Kwong PD, Jeruzalmi D, des Georges A, Potter CS, Carragher B",Routine single particle CryoEM sample and grid characterization by tomography,10.7554/elife.34257,29809143,EMD-7149,New York Structural Biology Center,23.0,"Appion-Protomo tilt-series alignments,Whole-frame aligned tilt images along with all other magnification images from the collection",,"micrographs - single frame,tilt series"
EMPIAR-10139,CryoET of apoferritin single particle,EMDB,REL,2017-12-06T00:00:00Z,2017-12-18T00:00:00Z,"Noble AJ, Dandey VP, Wei H, Brasch J, Chase J, Acharya P, Tan YZ, Zhang Z, Kim LY, Scapin G, Rapp M, Eng ET, Rice WJ, Cheng A, Negro CJ, Shapiro L, Kwong PD, Jeruzalmi D, des Georges A, Potter CS, Carragher B",Routine single particle CryoEM sample and grid characterization by tomography,10.7554/elife.34257,29809143,EMD-7148,New York Structural Biology Center,32.9,"Appion-Protomo tilt-series alignments,Whole-frame aligned tilt images along with all other magnification images from the collection",,"micrographs - single frame,tilt series"
EMPIAR-10137,CryoET of apoferritin single particle,EMDB,REL,2017-12-06T00:00:00Z,2017-12-18T00:00:00Z,"Noble AJ, Dandey VP, Wei H, Brasch J, Chase J, Acharya P, Tan YZ, Zhang Z, Kim LY, Scapin G, Rapp M, Eng ET, Rice WJ, Cheng A, Negro CJ, Shapiro L, Kwong PD, Jeruzalmi D, des Georges A, Potter CS, Carragher B",Routine single particle CryoEM sample and grid characterization by tomography,10.7554/elife.34257,29809143,EMD-7146,New York Structural Biology Center,29.2,"Appion-Protomo tilt-series alignments,Whole-frame aligned tilt images along with all other magnification images from the collection",,"micrographs - single frame,tilt series"
EMPIAR-10145,CryoET of Mtb 20S proteasome single particle,EMDB,REL,2017-12-06T00:00:00Z,2017-12-18T00:00:00Z,"Noble AJ, Dandey VP, Wei H, Brasch J, Chase J, Acharya P, Tan YZ, Zhang Z, Kim LY, Scapin G, Rapp M, Eng ET, Rice WJ, Cheng A, Negro CJ, Shapiro L, Kwong PD, Jeruzalmi D, des Georges A, Potter CS, Carragher B",Routine single particle CryoEM sample and grid characterization by tomography,10.7554/elife.34257,29809143,EMD-7154,New York Structural Biology Center,9.1,"Whole-frame aligned tilt images along with all other magnification images from the collection,Appion-Protomo tilt-series alignment",,"micrographs - single frame,tilt series"
EMPIAR-10135,CryoET of DNAB helicase-helicase loader single particle,EMDB,REL,2017-12-06T00:00:00Z,2017-12-15T00:00:00Z,"Noble AJ, Dandey VP, Wei H, Brasch J, Chase J, Acharya P, Tan YZ, Zhang Z, Kim LY, Scapin G, Rapp M, Eng ET, Rice WJ, Cheng A, Negro CJ, Shapiro L, Kwong PD, Jeruzalmi D, des Georges A, Potter CS, Carragher B",Routine single particle CryoEM sample and grid characterization by tomography,10.7554/elife.34257,29809143,EMD-7144,New York Structural Biology Center,120.1,"Appion-Protomo tilt-series alignments,Whole-frame aligned tilt images along with all other magnification images from the collection",,"micrographs - single frame,tilt series"
EMPIAR-10132,CryoET of glutamate dehydrogenase single particle,EMDB,REL,2017-12-05T00:00:00Z,2017-12-15T00:00:00Z,"Noble AJ, Dandey VP, Wei H, Brasch J, Chase J, Acharya P, Tan YZ, Zhang Z, Kim LY, Scapin G, Rapp M, Eng ET, Rice WJ, Cheng A, Negro CJ, Shapiro L, Kwong PD, Jeruzalmi D, des Georges A, Potter CS, Carragher B",Routine single particle CryoEM sample and grid characterization by tomography,10.7554/elife.34257,29809143,EMD-7141,New York Structural Biology Center,133.1,"Tilt images along with all other magnification images from the collection,Appion-Protomo tilt-series alignments",,"micrographs - single frame,tilt series"
EMPIAR-10134,CryoET of glutamate dehydrogenase + 0.001% DDM single particle,EMDB,REL,2017-12-06T00:00:00Z,2017-12-15T00:00:00Z,"Noble AJ, Dandey VP, Wei H, Brasch J, Chase J, Acharya P, Tan YZ, Zhang Z, Kim LY, Scapin G, Rapp M, Eng ET, Rice WJ, Cheng A, Negro CJ, Shapiro L, Kwong PD, Jeruzalmi D, des Georges A, Potter CS, Carragher B",Routine single particle CryoEM sample and grid characterization by tomography,10.7554/elife.34257,29809143,EMD-7143,New York Structural Biology Center,37.1,"Tilt images along with all other magnification images from the collection,Appion-Protomo tilt-series alignments",,"micrographs - single frame,tilt series"
EMPIAR-10130,CryoET of rabbit muscle aldolase single particle super-res,EMDB,REL,2017-12-05T00:00:00Z,2017-12-15T00:00:00Z,"Noble AJ, Dandey VP, Wei H, Brasch J, Chase J, Acharya P, Tan YZ, Zhang Z, Kim LY, Scapin G, Rapp M, Eng ET, Rice WJ, Cheng A, Negro CJ, Shapiro L, Kwong PD, Jeruzalmi D, des Georges A, Potter CS, Carragher B",Routine single particle CryoEM sample and grid characterization by tomography,10.7554/elife.34257,29809143,EMD-7138,New York Structural Biology Center,998.3,"Super-resolution K2 tilt-series frames,Appion-Protomo tilt-series alignments,Whole-frame aligned tilt images along with all other magnification images from the collection",,"micrographs - single frame,tilt series,micrographs - multiframe"
EMPIAR-10122,Mixed under-/over-focused data collected  by VPP-Cs-corrector coupled EM.,EMDB,REL,2017-08-25T00:00:00Z,2017-10-23T00:00:00Z,"Zhao L, Liu C, Zhang JC, Fan K, Yan X, Peng HL, Lei J, Wang HW",Near-Atomic Resolution Structure Determination in Over-Focus with Volta Phase Plate by Cs-Corrected Cryo-EM,10.1016/j.str.2017.08.008,28943337,EMD-6802,"School of Life Sciences\, Tsinghua University",34.4,Dose-weighted image from MotionCor2 for Mixed under-/over-focused data,,micrographs - single frame
EMPIAR-10099,Cryo-EM structure of Hrd1 and Hrd3 complex,EMDB,REL,2017-05-17T00:00:00Z,2017-08-29T00:00:00Z,"Schoebel S, Mi W, Stein A, Ovchinnikov S, Pavlovicz R, DiMaio F, Baker D, Chambers MG, Su H, Li D, Rapoport TA, Liao M",Cryo-EM structure of the protein-conducting ERAD channel Hrd1 in complex with Hrd3,10.1038/nature23314,28682307,"EMD-8638,EMD-8639","Department of Cell Biology\, Harvard Medical School,Howard Hughes Medical Institute and Department of Cell Biology\, Harvard Medical School",708.3,"summed frame micrographs of Hrd1/Hrd3 complex,dose-weighted summed frame micrographs of Hrd1/Hrd3 complex,picked particles of Hrd1/Hrd3 complex",,"micrographs - single frame,picked particles - multiframe - processed"
EMPIAR-10097,40 Degree Tilted Single-Particle CryoEM of Highly Preferred Orientated Influenza Hemagglutinin Trimer,EMDB,REL,2017-05-11T00:00:00Z,2017-08-16T00:00:00Z,"Tan YZ, Baldwin PR, Davis JH, Williamson JR, Potter CS, Carragher B, Lyumkis D",Addressing preferred specimen orientation in single-particle cryo-EM through tilting,10.1038/nmeth.4347,28671674,EMD-8731,"Laboratory of Genetics and Helmsley Center for Genomic Medicine\, The Salk Institute for Biological Studies,New York Structural Biology Center/Columbia University",1843.2,"Unaligned raw multi-frame 40 degree tilted micrographs of Influenza Hemagglutinin Trimer,Aligned\, summed and exposure weighted 40 degree tilted micrographs of Influenza Hemagglutinin Trimer,Equalized particle stack of Influenza Hemagglutinin Trimer from 40 degree tilted micrographs",,"micrographs - single frame,picked particles - multiframe - processed,micrographs - multiframe"
EMPIAR-10093,Structure of an ion channel in nano disc,EMDB,REL,2017-04-27T00:00:00Z,2017-06-28T00:00:00Z,"Jin P, Bulkley D, Guo Y, Zhang W, Guo Z, Huynh W, Wu S, Meltzer S, Cheng T, Jan LY, Jan YN, Cheng Y",Electron cryo-microscopy structure of the mechanotransduction channel NOMPC,10.1038/nature22981,28658211,EMD-8702,University of California San Francisco,203.9,"Motion corrected dose weighted particle images,Motion corrected dose weighted summed frames",,"micrographs - single frame,picked particles - multiframe - processed"
EMPIAR-10096,Untilted Single-Particle CryoEM of Highly Preferred Orientated Influenza Hemagglutinin Trimer,EMDB,REL,2017-05-09T00:00:00Z,2017-05-15T00:00:00Z,"Tan YZ, Baldwin PR, Davis JH, Williamson JR, Potter CS",Addressing preferred specimen orientation in single-particle cryo-EM through tilting,10.1038/nmeth.4347,28671674,EMD-8731,"Laboratory of Genetics and Helmsley Center for Genomic Medicine\, The Salk Institute for Biological Studies,New York Structural Biology Center/Columbia University",1228.8,"Aligned\, summed and exposure weighted untilted micrographs of Influenza Hemagglutinin Trimer,Unaligned raw multi-frame untilted micrographs of Influenza Hemagglutinin Trimer,Equalized particle stack of Influenza Hemagglutinin Trimer",,"micrographs - single frame,picked particles - multiframe - processed,micrographs - multiframe"
EMPIAR-10081,Structure of the human HCN1 hyperpolarization-activated cyclic nucleotide-gated ion channel,EMDB,REL,2017-01-25T00:00:00Z,2017-02-09T00:00:00Z,"Lee CH, MacKinnon R",Structures of the Human HCN1 Hyperpolarization-Activated Channel,10.1016/j.cell.2016.12.023,28086084,EMD-8511,The Rockefeller University,66.5,"Shiny particle image stacks of the human HCN1 hyperpolarization-activated channel ,Aligned summed micrographs of the human HCN1 hyperpolarization-activated channel ",,"micrographs - single frame,picked particles - multiframe - processed"
EMPIAR-10077,The pathway to GTPase activation of elongation factor SelB on the ribosome,EMDB,REL,2016-11-01T00:00:00Z,2016-11-24T00:00:00Z,"Neumann P, Bock LV, Maracci C, Wang Z, Paleskava A, Konevega AL, Schroeder GF, Grubmueller H, Ficner R, Rodnina MV, Stark H",The pathway to GTPase activation of elongation factor SelB on the ribosome,10.1038/nature20560,27842381,"EMD-4125,EMD-4124,EMD-4122,EMD-4123,EMD-4126,EMD-4121",Max-Planck-Institute for Biophysical Chemistry,1024.0,"ribosomeSelB_particles.mrcs - CTF corrected single particle images of E. Coli 70S-SelB-GDPNP-Sec-tRNASec-fMet-tRNAfMet-SECIS mRNA complex,Part 1 - Unprocessed cryo-EM micrographs of E. Coli 70S-SelB-GDPNP-Sec-tRNASec-fMet-tRNAfMet-SECIS mRNA complexes,Part 2 - Unprocessed cryo-EM micrographs of E. Coli 70S-SelB-GDPNP-Sec-tRNASec-fMet-tRNAfMet-SECIS mRNA complex",,"micrographs - single frame,picked particles - multiframe - processed"
EMPIAR-10072,Structural basis for dynamic regulation of the human 26S proteasome,EMDB,REL,2016-08-17T00:00:00Z,2016-11-10T00:00:00Z,"Chen S, Wu J",Structural basis for dynamic regulation of the human 26S proteasome,10.1073/pnas.1614614113,27791164,"EMD-8334,EMD-8337,EMD-8336,EMD-8335,EMD-8333,EMD-8332",Dana-Farber Cancer Institute,2048.0,"Drift-corrected micrographs of human 26S proteasome holoenzyme,Classified particle datasets for the human proteasome in four conformational states",,"micrographs - single frame,picked particles - multiframe - processed"
EMPIAR-10075,Asymmetric cryo-EM reconstruction of phage MS2 reveals genome structure in situ,EMDB,REL,2016-09-21T00:00:00Z,2016-09-21T00:00:00Z,"Koning RI, Gomez-Blanco J, Akopjana I, Vargas J, Kazaks A, Tars K, Carazo JM, Koster AJ",Asymmetric cryo-EM reconstruction of phage MS2 reveals genome structure in situ,10.1038/ncomms12524,27561669,"EMD-3404,EMD-3402,EMD-3403",Leiden University Medical Center,46.9,Aligned 7-frame micrographs of bacteriophage MS2.,,micrographs - single frame
EMPIAR-10068,Designer nanoscale DNA assemblies programmed from the top down,EMDB,REL,2016-06-27T00:00:00Z,2016-06-28T00:00:00Z,"Veneziano R, Ratanalert S, Zhang K, Zhang F, Yan H, Chiu W, Bathe M",Designer nanoscale DNA assemblies programmed from the top down,10.1126/science.aaf4388,27229143,EMD-3409,"NCMI\, Department of Biochemistry\, Baylor College of Medicine",13.0,DNA icosahedron,,micrographs - single frame
EMPIAR-10066,Designer nanoscale DNA assemblies programmed from the top down,EMDB,REL,2016-06-27T00:00:00Z,2016-06-28T00:00:00Z,"Veneziano R, Ratanalert S, Zhang K, Zhang F, Yan H, Chiu W, Bathe M",Designer nanoscale DNA assemblies programmed from the top down,10.1126/science.aaf4388,27229143,EMD-3408,"NCMI\, Department of Biochemistry\, Baylor College of Medicine",3.7,DNA tetrahedron,,micrographs - single frame
EMPIAR-10067,Designer nanoscale DNA assemblies programmed from the top down,EMDB,REL,2016-06-27T00:00:00Z,2016-06-28T00:00:00Z,"Veneziano R, Ratanalert S, Zhang K, Zhang F, Yan H, Chiu W, Bathe M",Designer nanoscale DNA assemblies programmed from the top down,10.1126/science.aaf4388,27229143,EMD-3410,"NCMI\, Department of Biochemistry\, Baylor College of Medicine",7.3,DNA octahedron,,micrographs - single frame
EMPIAR-10063,Cryo-EM Structure of the Activated NAIP2/NLRC4 Inflammasome Reveals Nucleated Polymerization,EMDB,REL,2016-06-13T00:00:00Z,2016-06-17T00:00:00Z,"Zhang L, Chen S, Ruan J, Wu J, Tong AB, Yin Q, Li Y, David L, Lu A, Wang WL, Marks C, Ouyang Q, Zhang X, Mao Y, Wu H",Cryo-EM structure of the activated NAIP2-NLRC4 inflammasome reveals nucleated polymerization,10.1126/science.aac5789,26449474,"EMD-6460,EMD-6458,EMD-6459","Harvard Medical School,Dana-Farber Cancer Institute",1740.8,"Drift-corrected micrographs of NLRC4/NAIP2 inflammasome,Single-particle stacks of NLRC4/NAIP2 inflammasome",,"micrographs - single frame,picked particles - multiframe - processed"
EMPIAR-10059,"Structure of TRPV1 in complex with DkTx and RTX, determined in lipid nanodisc",EMDB,REL,2016-06-07T00:00:00Z,2016-06-07T00:00:00Z,"Gao Y, Cao E, Julius D, Cheng Y",TRPV1 structures in nanodiscs reveal mechanisms of ligand and lipid action,10.1038/nature17964,27281200,EMD-8117,"Department of Physiology\, University of California\, San Francisco,Department of Biochemistry and Biophysics\, University of California\, San Francisco",93.8,"Motion corrected\, dose-weighted sum of micrographs of TRPV1-DkTx/RTX embedded in lipid nanodisc,Raw particle image stack of TRPV1-DkTx/RTX embedded in lipid nanodisc",,"micrographs - single frame,picked particles - multiframe - unprocessed"
EMPIAR-10061,2.2 A resolution cryo-EM structure of beta-galactosidase in complex with a cell-permeant inhibitor,EMDB,REL,2016-04-11T00:00:00Z,2016-04-15T00:00:00Z,"Bartesaghi A, Merk A, Banerjee S, Matthies D, Wu X, Milne JL, Subramaniam S",2.2 Å resolution cryo-EM structure of β-galactosidase in complex with a cell-permeant inhibitor,10.1126/science.aab1576,25953817,EMD-2984,LCB/NCI/NIH,12697.6,"Raw movie frames,Averages of aligned movie frames",,"micrographs - single frame,micrographs - multiframe"
EMPIAR-10060,Subset of image stack used for 3D reconstruction,EMDB,REL,2016-04-05T00:00:00Z,2016-04-05T00:00:00Z,"DiMaio F, Yu X, Rensen E, Krupovic M, Prangishvili D, Egelman EH",Virology. A virus that infects a hyperthermophile encapsidates A-form DNA,10.1126/science.aaa4181,25999507,EMD-6310,"Biochemistry and Molecular Genetics\, University of Virginia",35.9,image segments of SIRV2,,micrographs - single frame
EMPIAR-10050,Volta phase plate cryo-EM of the small protein complex Prx3,EMDB,REL,2015-12-11T00:00:00Z,2016-02-04T00:00:00Z,,,,,EMD-3233,Max-Planck Institute of Biochemistry,612.5,"No_VPP_mrc_files,VPP_Prx3_4.4res,VPP_Prx3_7.3res,No_VPP_dat_files",,"micrographs - single frame,micrographs - multiframe"
EMPIAR-10049,Cryo-EM Structures of Synaptic RAG1-RAG2 Complex,EMDB,REL,2015-11-19T00:00:00Z,2015-11-24T00:00:00Z,,,,,EMD-6487,"Department of Cell Biology\, Harvard Medical School",65.9,"Summed micrographs from drift-corrected multi-frame microsgraphs of RAG SEC (2nd data set),RAG SEC particle stack,Summed micrographs from drift-corrected multi-frame microsgraphs of RAG SEC (1st data set)",,"picked particles - multiframe - processed,micrographs - single frame"
EMPIAR-10018,GroEL dataset - NRAMM (06jul12a),EMDB,REL,2014-11-17T00:00:00Z,2015-10-09T00:00:00Z,,,,,EMD-1200,"National Resource for Automated Molecular Microscopy\, The Scripps Research Institute",7.0,Groel micrographs,,micrographs - single frame
EMPIAR-10032,Cryo electron microscopy of YnaI,EMDB,REL,2015-08-28T00:00:00Z,2015-08-28T00:00:00Z,,,,,EMD-3035,University of Edinburgh,107.6,"ynai_particles,ynai_micrographs",,"picked particles - multiframe - processed,micrographs - single frame"
EMPIAR-10030,Cryo-EM micrographs of microtubules in GDP-state obtained by copolymerization with EB3,EMDB,REL,2015-07-08T00:00:00Z,2015-08-12T00:00:00Z,,,,,EMD-6351,"Life Sciences Division\, Lawrence Berkeley National Laboratory",426.0,"Aligned single-frame micrographs of microtubules in GDP-state,Unaligned multi-frame micrographs of microtubules in GDP-state",,"micrographs - single frame,micrographs - multiframe"
EMPIAR-10028,Cryo-EM structure of the Plasmodium falciparum 80S ribosome bound to the anti-protozoan drug emetine,EMDB,REL,2015-05-29T00:00:00Z,2015-06-17T00:00:00Z,"Wong W, Bai XC, Brown A, Fernandez IS, Hanssen E, Condron M, Tan YH, Baum J, Scheres SH",Cryo-EM structure of the Plasmodium falciparum 80S ribosome bound to the anti-protozoan drug emetine,10.7554/elife.03080,24913268,EMD-2660,"Structural Studies\, Medical Research Council Laboratory of Molecular Biology",1228.8,"Frame averaged micrographs,Processed shiny particles,Unaligned multi-frame micrographs",,"micrographs - single frame,picked particles - multiframe - processed,micrographs - multiframe"
EMPIAR-10025,T20S Proteasome at 2.8 Å Resolution,EMDB,REL,2015-02-26T00:00:00Z,2015-03-06T00:00:00Z,,,,,EMD-6287,"National Resource for Automated Molecular Microscopy\, The Scripps Research Institute,Automated Molecular Imaging Group\, Department of Integrative Structural and Computational Biology\, The Scripps Research Institute",2048.0,"Frame-averaged micrographs,Aligned multi-frame micrographs,Raw movies",,"micrographs - single frame,micrographs - multiframe"
EMPIAR-10019,"VipA/VipB, sheath of the bacterial type IV secretion system, micrographs for helical reconstruction taken on a K2 detector",EMDB,REL,2014-12-24T00:00:00Z,2015-02-26T00:00:00Z,,,,,EMD-2699,"Biozentrum\, University of Basel",4.1,Frame-averaged micrographs,,micrographs - single frame
EMPIAR-10017,Beta-galactosidase Falcon-II micrographs plus manually selected coordinates by Richard Henderson,EMDB,REL,2014-11-19T00:00:00Z,2014-11-19T00:00:00Z,,,,,EMD-2824,Medical Research Council Laboratory of Molecular Biology,5.3,Beta-galactosidase micrographs + coordinates,,micrographs - single frame
EMPIAR-10014,MAVS CARD and DeltaProTM filaments,EMDB,REL,2014-09-15T00:00:00Z,2014-09-17T00:00:00Z,,,,,"EMD-5890,EMD-5891",UT Southwestern Medical Center,35.3,"CARD set1 micrographs,CARD set3 segments,DeltaProTM segments,CARD set2 segments,DeltProTM micrographs,CARD set3 micrographs,CARD set1 segments,CARD set2 micrographs,CARD set4 micrographs,CARD set4 segments",,"micrographs - single frame,picked particles - multiframe - unprocessed"
EMPIAR-10012,Structure of β-galactosidase at 3.2-Å resolution obtained by cryo-electron microscopy (frame-averaged micrographs),EMDB,REL,2014-07-22T00:00:00Z,2014-08-07T00:00:00Z,,,,,EMD-5995,"Center for Cancer Research\, National Cancer Institute",108.0,Beta Galactosidase micrographs,,micrographs - single frame
EMPIAR-10006,2D crystal images of the potassium channel MloK1 with and without cAMP ligand,EMDB,REL,2013-12-05T00:00:00Z,2014-01-03T00:00:00Z,,,,,"EMD-2526,EMD-2527","C-CINA\, Biozentrum\, University Basel",11.6,"Potassium channel MloK1 without cAMP ligand,Potassium channel MloK1 with cAMP ligand",,micrographs - single frame
EMPIAR-10005,TRPV1 dataset taken on a K2 direct electron detector,EMDB,REL,2013-10-25T00:00:00Z,2013-12-04T00:00:00Z,,,,,EMD-5778,University of California San Francisco,6451.2,"TRPV1 raw multi-frame micrographs,TRPV1 picked particles,TRPV1 summed frame micrographs",,"micrographs - single frame,tilt series,micrographs - multiframe"
EMPIAR-10004,Pre-fusion structure of trimeric HIV-1 envelope glycoprotein determined by cryo-electron microscopy,EMDB,REL,2013-10-21T00:00:00Z,2013-10-30T00:00:00Z,,,,,EMD-2484,"Center for Cancer Research\, National Cancer Institute",117.8,HIV-1 envelope glycoprotein micrographs,,micrographs - single frame
